Date,Close
1986-11-19,0.44808536767959595
1986-11-20,0.44808536767959595
1986-11-21,0.44808536767959595
1986-11-24,0.44808536767959595
1986-11-25,0.44808536767959595
1986-11-26,0.44808536767959595
1986-11-28,0.44808536767959595
1986-12-01,0.44808536767959595
1986-12-02,0.44808536767959595
1986-12-03,0.4424840807914734
1986-12-04,0.44808536767959595
1986-12-05,0.44808536767959595
1986-12-08,0.44808536767959595
1986-12-09,0.44808536767959595
1986-12-10,0.44808536767959595
1986-12-11,0.44808536767959595
1986-12-12,0.44808536767959595
1986-12-15,0.4368833005428314
1986-12-16,0.4368833005428314
1986-12-17,0.4424840807914734
1986-12-18,0.4424840807914734
1986-12-19,0.4424840807914734
1986-12-22,0.4424840807914734
1986-12-23,0.4424840807914734
1986-12-24,0.4312822222709656
1986-12-26,0.4424840807914734
1986-12-29,0.4424840807914734
1986-12-30,0.4424840807914734
1986-12-31,0.4424840807914734
1987-01-02,0.4424840807914734
1987-01-05,0.4424840807914734
1987-01-06,0.44808536767959595
1987-01-07,0.4592876732349396
1987-01-08,0.4704892933368683
1987-01-09,0.4648886024951935
1987-01-12,0.4704892933368683
1987-01-13,0.4704892933368683
1987-01-14,0.4928939938545227
1987-01-15,0.4928939938545227
1987-01-16,0.48169150948524475
1987-01-19,0.48169150948524475
1987-01-20,0.4760907292366028
1987-01-21,0.48169150948524475
1987-01-22,0.4760907292366028
1987-01-23,0.48169150948524475
1987-01-26,0.4760907292366028
1987-01-27,0.4760907292366028
1987-01-28,0.48169150948524475
1987-01-29,0.48169150948524475
1987-01-30,0.48169150948524475
1987-02-02,0.48169150948524475
1987-02-03,0.4760907292366028
1987-02-04,0.4760907292366028
1987-02-05,0.4760907292366028
1987-02-06,0.4648886024951935
1987-02-09,0.4760907292366028
1987-02-10,0.48169150948524475
1987-02-11,0.4760907292366028
1987-02-12,0.48169150948524475
1987-02-13,0.48169150948524475
1987-02-17,0.4704892933368683
1987-02-18,0.4648886024951935
1987-02-19,0.4648886024951935
1987-02-20,0.4648886024951935
1987-02-23,0.4592876732349396
1987-02-24,0.45368632674217224
1987-02-25,0.44808536767959595
1987-02-26,0.4424840807914734
1987-02-27,0.4368833005428314
1987-03-02,0.4424840807914734
1987-03-03,0.4424840807914734
1987-03-04,0.4424840807914734
1987-03-05,0.44808536767959595
1987-03-06,0.4368833005428314
1987-03-09,0.4368833005428314
1987-03-10,0.4424840807914734
1987-03-11,0.4368833005428314
1987-03-12,0.4368833005428314
1987-03-13,0.4424840807914734
1987-03-16,0.4312822222709656
1987-03-17,0.4368833005428314
1987-03-18,0.44808536767959595
1987-03-19,0.44808536767959595
1987-03-20,0.4424840807914734
1987-03-23,0.4424840807914734
1987-03-24,0.4312822222709656
1987-03-25,0.4312822222709656
1987-03-26,0.40887799859046936
1987-03-27,0.4200800657272339
1987-03-30,0.4256810247898102
1987-03-31,0.4312822222709656
1987-04-01,0.4256810247898102
1987-04-02,0.4256810247898102
1987-04-03,0.4256810247898102
1987-04-06,0.4200800657272339
1987-04-07,0.4200800657272339
1987-04-08,0.4200800657272339
1987-04-09,0.41447868943214417
1987-04-10,0.4200800657272339
1987-04-13,0.4200800657272339
1987-04-14,0.4200800657272339
1987-04-15,0.4200800657272339
1987-04-16,0.4256810247898102
1987-04-20,0.4200800657272339
1987-04-21,0.39207470417022705
1987-04-22,0.40887799859046936
1987-04-23,0.40327689051628113
1987-04-24,0.40327689051628113
1987-04-27,0.39207470417022705
1987-04-28,0.3976757228374481
1987-04-29,0.3976757228374481
1987-04-30,0.3864736557006836
1987-05-01,0.3976757228374481
1987-05-04,0.39207470417022705
1987-05-05,0.3864736557006836
1987-05-06,0.39207470417022705
1987-05-07,0.39207470417022705
1987-05-08,0.3976757228374481
1987-05-11,0.39207470417022705
1987-05-12,0.39207470417022705
1987-05-13,0.3976757228374481
1987-05-14,0.4200800657272339
1987-05-15,0.4256810247898102
1987-05-18,0.4200800657272339
1987-05-19,0.4200800657272339
1987-05-20,0.4200800657272339
1987-05-21,0.4256810247898102
1987-05-22,0.4256810247898102
1987-05-26,0.4312822222709656
1987-05-27,0.4200800657272339
1987-05-28,0.4200800657272339
1987-05-29,0.4256810247898102
1987-06-01,0.41447868943214417
1987-06-02,0.40887799859046936
1987-06-03,0.40887799859046936
1987-06-04,0.40887799859046936
1987-06-05,0.40327689051628113
1987-06-08,0.40887799859046936
1987-06-09,0.3976757228374481
1987-06-10,0.39207470417022705
1987-06-11,0.3976757228374481
1987-06-12,0.40327689051628113
1987-06-15,0.39207470417022705
1987-06-16,0.40327689051628113
1987-06-17,0.40327689051628113
1987-06-18,0.3976757228374481
1987-06-19,0.40327689051628113
1987-06-22,0.40887799859046936
1987-06-23,0.4200800657272339
1987-06-24,0.4200800657272339
1987-06-25,0.4200800657272339
1987-06-26,0.4200800657272339
1987-06-29,0.41447868943214417
1987-06-30,0.4200800657272339
1987-07-01,0.4200800657272339
1987-07-02,0.4200800657272339
1987-07-06,0.4256810247898102
1987-07-07,0.4200800657272339
1987-07-08,0.4200800657272339
1987-07-09,0.4200800657272339
1987-07-10,0.4200800657272339
1987-07-13,0.4256810247898102
1987-07-14,0.41447868943214417
1987-07-15,0.4200800657272339
1987-07-16,0.4200800657272339
1987-07-17,0.4200800657272339
1987-07-20,0.40327689051628113
1987-07-21,0.41447868943214417
1987-07-22,0.40887799859046936
1987-07-23,0.40887799859046936
1987-07-24,0.4200800657272339
1987-07-27,0.4200800657272339
1987-07-28,0.40887799859046936
1987-07-29,0.40327689051628113
1987-07-30,0.40327689051628113
1987-07-31,0.40887799859046936
1987-08-03,0.40327689051628113
1987-08-04,0.40327689051628113
1987-08-05,0.40887799859046936
1987-08-06,0.40327689051628113
1987-08-07,0.41447868943214417
1987-08-10,0.4256810247898102
1987-08-11,0.4312822222709656
1987-08-12,0.4312822222709656
1987-08-13,0.41447868943214417
1987-08-14,0.41447868943214417
1987-08-17,0.41447868943214417
1987-08-18,0.40887799859046936
1987-08-19,0.40887799859046936
1987-08-20,0.41447868943214417
1987-08-21,0.40327689051628113
1987-08-24,0.40327689051628113
1987-08-25,0.41447868943214417
1987-08-26,0.4200800657272339
1987-08-27,0.4200800657272339
1987-08-28,0.4256810247898102
1987-08-31,0.4256810247898102
1987-09-01,0.4256810247898102
1987-09-02,0.4200800657272339
1987-09-03,0.4200800657272339
1987-09-04,0.4256810247898102
1987-09-08,0.4256810247898102
1987-09-09,0.4256810247898102
1987-09-10,0.4200800657272339
1987-09-11,0.4200800657272339
1987-09-14,0.41447868943214417
1987-09-15,0.4200800657272339
1987-09-16,0.41447868943214417
1987-09-17,0.41447868943214417
1987-09-18,0.41447868943214417
1987-09-21,0.4200800657272339
1987-09-22,0.4200800657272339
1987-09-23,0.4200800657272339
1987-09-24,0.4200800657272339
1987-09-25,0.4200800657272339
1987-09-28,0.41447868943214417
1987-09-29,0.41447868943214417
1987-09-30,0.41447868943214417
1987-10-01,0.4200800657272339
1987-10-02,0.40887799859046936
1987-10-05,0.4200800657272339
1987-10-06,0.40887799859046936
1987-10-07,0.41447868943214417
1987-10-08,0.41679465770721436
1987-10-09,0.41679465770721436
1987-10-12,0.4225834906101227
1987-10-13,0.41679465770721436
1987-10-14,0.40521693229675293
1987-10-15,0.3936391770839691
1987-10-16,0.3936391770839691
1987-10-19,0.35890623927116394
1987-10-20,0.3183846175670624
1987-10-21,0.3646952211856842
1987-10-22,0.32417336106300354
1987-10-23,0.3473287522792816
1987-10-26,0.3068070113658905
1987-10-27,0.28944069147109985
1987-10-28,0.2836516797542572
1987-10-29,0.27786293625831604
1987-10-30,0.32417336106300354
1987-11-02,0.32417336106300354
1987-11-03,0.3183846175670624
1987-11-04,0.3010181784629822
1987-11-05,0.3183846175670624
1987-11-06,0.32417336106300354
1987-11-09,0.32417336106300354
1987-11-10,0.3183846175670624
1987-11-11,0.32417336106300354
1987-11-12,0.32417336106300354
1987-11-13,0.32417336106300354
1987-11-16,0.32417336106300354
1987-11-17,0.32417336106300354
1987-11-18,0.32417336106300354
1987-11-19,0.3010181784629822
1987-11-20,0.29522937536239624
1987-11-23,0.29522937536239624
1987-11-24,0.3010181784629822
1987-11-25,0.31259575486183167
1987-11-27,0.31259575486183167
1987-11-30,0.3068070113658905
1987-12-01,0.31259575486183167
1987-12-02,0.3068070113658905
1987-12-03,0.3068070113658905
1987-12-04,0.3010181784629822
1987-12-07,0.2836516797542572
1987-12-08,0.2836516797542572
1987-12-09,0.29522937536239624
1987-12-10,0.3010181784629822
1987-12-11,0.29522937536239624
1987-12-14,0.31259575486183167
1987-12-15,0.31259575486183167
1987-12-16,0.32417336106300354
1987-12-17,0.32417336106300354
1987-12-18,0.33575114607810974
1987-12-21,0.32417336106300354
1987-12-22,0.32417336106300354
1987-12-23,0.3183846175670624
1987-12-24,0.32890990376472473
1987-12-28,0.32292959094047546
1987-12-29,0.3109692633152008
1987-12-30,0.32890990376472473
1987-12-31,0.32292959094047546
1988-01-04,0.34087005257606506
1988-01-05,0.3528304398059845
1988-01-06,0.3528304398059845
1988-01-07,0.3528304398059845
1988-01-08,0.33488979935646057
1988-01-11,0.32292959094047546
1988-01-12,0.32292959094047546
1988-01-13,0.32890990376472473
1988-01-14,0.32292959094047546
1988-01-15,0.34087005257606506
1988-01-18,0.34685033559799194
1988-01-19,0.34685033559799194
1988-01-20,0.33488979935646057
1988-01-21,0.34087005257606506
1988-01-22,0.33488979935646057
1988-01-25,0.33488979935646057
1988-01-26,0.33488979935646057
1988-01-27,0.33488979935646057
1988-01-28,0.33488979935646057
1988-01-29,0.33488979935646057
1988-02-01,0.33488979935646057
1988-02-02,0.32890990376472473
1988-02-03,0.33488979935646057
1988-02-04,0.33488979935646057
1988-02-05,0.32890990376472473
1988-02-08,0.32890990376472473
1988-02-09,0.33488979935646057
1988-02-10,0.34685033559799194
1988-02-11,0.34087005257606506
1988-02-12,0.34087005257606506
1988-02-16,0.34685033559799194
1988-02-17,0.34685033559799194
1988-02-18,0.34685033559799194
1988-02-19,0.34685033559799194
1988-02-22,0.36479079723358154
1988-02-23,0.36479079723358154
1988-02-24,0.37077102065086365
1988-02-25,0.37077102065086365
1988-02-26,0.37077102065086365
1988-02-29,0.38273152709007263
1988-03-01,0.38273152709007263
1988-03-02,0.37675121426582336
1988-03-03,0.38273152709007263
1988-03-04,0.3887115716934204
1988-03-07,0.37675121426582336
1988-03-08,0.38273152709007263
1988-03-09,0.3887115716934204
1988-03-10,0.37675121426582336
1988-03-11,0.3887115716934204
1988-03-14,0.39469170570373535
1988-03-15,0.3887115716934204
1988-03-16,0.39469170570373535
1988-03-17,0.3887115716934204
1988-03-18,0.3887115716934204
1988-03-21,0.39469170570373535
1988-03-22,0.3887115716934204
1988-03-23,0.39469170570373535
1988-03-24,0.38273152709007263
1988-03-25,0.38273152709007263
1988-03-28,0.38273152709007263
1988-03-29,0.3887115716934204
1988-03-30,0.3887115716934204
1988-03-31,0.3887115716934204
1988-04-04,0.37675121426582336
1988-04-05,0.38273152709007263
1988-04-06,0.38273152709007263
1988-04-07,0.38273152709007263
1988-04-08,0.38273152709007263
1988-04-11,0.3887115716934204
1988-04-12,0.39469170570373535
1988-04-13,0.39469170570373535
1988-04-14,0.3887115716934204
1988-04-15,0.3887115716934204
1988-04-18,0.3887115716934204
1988-04-19,0.3887115716934204
1988-04-20,0.38273152709007263
1988-04-21,0.38273152709007263
1988-04-22,0.38273152709007263
1988-04-25,0.38273152709007263
1988-04-26,0.3887115716934204
1988-04-27,0.38273152709007263
1988-04-28,0.3887115716934204
1988-04-29,0.38273152709007263
1988-05-02,0.38273152709007263
1988-05-03,0.3887115716934204
1988-05-04,0.3887115716934204
1988-05-05,0.3887115716934204
1988-05-06,0.38273152709007263
1988-05-09,0.38273152709007263
1988-05-10,0.38273152709007263
1988-05-11,0.37675121426582336
1988-05-12,0.37675121426582336
1988-05-13,0.38273152709007263
1988-05-16,0.38273152709007263
1988-05-17,0.37675121426582336
1988-05-18,0.37077102065086365
1988-05-19,0.37675121426582336
1988-05-20,0.37675121426582336
1988-05-23,0.37675121426582336
1988-05-24,0.36479079723358154
1988-05-25,0.37077102065086365
1988-05-26,0.36479079723358154
1988-05-27,0.36479079723358154
1988-05-31,0.37675121426582336
1988-06-01,0.38273152709007263
1988-06-02,0.3887115716934204
1988-06-03,0.3887115716934204
1988-06-06,0.40067195892333984
1988-06-07,0.39469170570373535
1988-06-08,0.40067195892333984
1988-06-09,0.40665197372436523
1988-06-10,0.40665197372436523
1988-06-13,0.40665197372436523
1988-06-14,0.40665197372436523
1988-06-15,0.40067195892333984
1988-06-16,0.40067195892333984
1988-06-17,0.39469170570373535
1988-06-20,0.40665197372436523
1988-06-21,0.40067195892333984
1988-06-22,0.40665197372436523
1988-06-23,0.41861236095428467
1988-06-24,0.41861236095428467
1988-06-27,0.4126323163509369
1988-06-28,0.4126323163509369
1988-06-29,0.4126323163509369
1988-06-30,0.4126323163509369
1988-07-01,0.41861236095428467
1988-07-05,0.4126323163509369
1988-07-06,0.4126323163509369
1988-07-07,0.4126323163509369
1988-07-08,0.4126323163509369
1988-07-11,0.40665197372436523
1988-07-12,0.40665197372436523
1988-07-13,0.40067195892333984
1988-07-14,0.40067195892333984
1988-07-15,0.40665197372436523
1988-07-18,0.40665197372436523
1988-07-19,0.40665197372436523
1988-07-20,0.40665197372436523
1988-07-21,0.4126323163509369
1988-07-22,0.4126323163509369
1988-07-25,0.4126323163509369
1988-07-26,0.4126323163509369
1988-07-27,0.4126323163509369
1988-07-28,0.4126323163509369
1988-07-29,0.40665197372436523
1988-08-01,0.4126323163509369
1988-08-02,0.4126323163509369
1988-08-03,0.4126323163509369
1988-08-04,0.4126323163509369
1988-08-05,0.40665197372436523
1988-08-08,0.4126323163509369
1988-08-09,0.4126323163509369
1988-08-10,0.40665197372436523
1988-08-11,0.40665197372436523
1988-08-12,0.40067195892333984
1988-08-15,0.40665197372436523
1988-08-16,0.40067195892333984
1988-08-17,0.40665197372436523
1988-08-18,0.40665197372436523
1988-08-19,0.4126323163509369
1988-08-22,0.40067195892333984
1988-08-23,0.40067195892333984
1988-08-24,0.40067195892333984
1988-08-25,0.40067195892333984
1988-08-26,0.40067195892333984
1988-08-29,0.40067195892333984
1988-08-30,0.40067195892333984
1988-08-31,0.40067195892333984
1988-09-01,0.40067195892333984
1988-09-02,0.40067195892333984
1988-09-06,0.40665197372436523
1988-09-07,0.40665197372436523
1988-09-08,0.40067195892333984
1988-09-09,0.40665197372436523
1988-09-12,0.40067195892333984
1988-09-13,0.40067195892333984
1988-09-14,0.40067195892333984
1988-09-15,0.40665197372436523
1988-09-16,0.40665197372436523
1988-09-19,0.40665197372436523
1988-09-20,0.4126323163509369
1988-09-21,0.40665197372436523
1988-09-22,0.41861236095428467
1988-09-23,0.4126323163509369
1988-09-26,0.41861236095428467
1988-09-27,0.41861236095428467
1988-09-28,0.41861236095428467
1988-09-29,0.4245925545692444
1988-09-30,0.4245925545692444
1988-10-03,0.41861236095428467
1988-10-04,0.41861236095428467
1988-10-05,0.4126323163509369
1988-10-06,0.4126323163509369
1988-10-07,0.4245925545692444
1988-10-10,0.4126323163509369
1988-10-11,0.4126323163509369
1988-10-12,0.4126323163509369
1988-10-13,0.4126323163509369
1988-10-14,0.41861236095428467
1988-10-17,0.41861236095428467
1988-10-18,0.4126323163509369
1988-10-19,0.40665197372436523
1988-10-20,0.4126323163509369
1988-10-21,0.4126323163509369
1988-10-24,0.40665197372436523
1988-10-25,0.4126323163509369
1988-10-26,0.41861236095428467
1988-10-27,0.40665197372436523
1988-10-28,0.40665197372436523
1988-10-31,0.4126323163509369
1988-11-01,0.4126323163509369
1988-11-02,0.40665197372436523
1988-11-03,0.40665197372436523
1988-11-04,0.40665197372436523
1988-11-07,0.40067195892333984
1988-11-08,0.40665197372436523
1988-11-09,0.40067195892333984
1988-11-10,0.40665197372436523
1988-11-11,0.39469170570373535
1988-11-14,0.3887115716934204
1988-11-15,0.3887115716934204
1988-11-16,0.3887115716934204
1988-11-17,0.3887115716934204
1988-11-18,0.40067195892333984
1988-11-21,0.40067195892333984
1988-11-22,0.3887115716934204
1988-11-23,0.3887115716934204
1988-11-25,0.38273152709007263
1988-11-28,0.3887115716934204
1988-11-29,0.3887115716934204
1988-11-30,0.39469170570373535
1988-12-01,0.39469170570373535
1988-12-02,0.40067195892333984
1988-12-05,0.40067195892333984
1988-12-06,0.40067195892333984
1988-12-07,0.40067195892333984
1988-12-08,0.39469170570373535
1988-12-09,0.40067195892333984
1988-12-12,0.39469170570373535
1988-12-13,0.39469170570373535
1988-12-14,0.39469170570373535
1988-12-15,0.39469170570373535
1988-12-16,0.40067195892333984
1988-12-19,0.40665197372436523
1988-12-20,0.39460739493370056
1988-12-21,0.39460739493370056
1988-12-22,0.4006783664226532
1988-12-23,0.39460739493370056
1988-12-27,0.39460739493370056
1988-12-28,0.39460739493370056
1988-12-29,0.38853663206100464
1988-12-30,0.39460739493370056
1989-01-03,0.4006783664226532
1989-01-04,0.4128200113773346
1989-01-05,0.41889113187789917
1989-01-06,0.4128200113773346
1989-01-09,0.4128200113773346
1989-01-10,0.4128200113773346
1989-01-11,0.41889113187789917
1989-01-12,0.41889113187789917
1989-01-13,0.41889113187789917
1989-01-16,0.40674930810928345
1989-01-17,0.40674930810928345
1989-01-18,0.4128200113773346
1989-01-19,0.41889113187789917
1989-01-20,0.4128200113773346
1989-01-23,0.4128200113773346
1989-01-24,0.4128200113773346
1989-01-25,0.4128200113773346
1989-01-26,0.41889113187789917
1989-01-27,0.41889113187789917
1989-01-30,0.4249618351459503
1989-01-31,0.4249618351459503
1989-02-01,0.4249618351459503
1989-02-02,0.4249618351459503
1989-02-03,0.41889113187789917
1989-02-06,0.41889113187789917
1989-02-07,0.41889113187789917
1989-02-08,0.4249618351459503
1989-02-09,0.4128200113773346
1989-02-10,0.41889113187789917
1989-02-13,0.4128200113773346
1989-02-14,0.4128200113773346
1989-02-15,0.41889113187789917
1989-02-16,0.41889113187789917
1989-02-17,0.41889113187789917
1989-02-21,0.4128200113773346
1989-02-22,0.40674930810928345
1989-02-23,0.40674930810928345
1989-02-24,0.4128200113773346
1989-02-27,0.40674930810928345
1989-02-28,0.4128200113773346
1989-03-01,0.4128200113773346
1989-03-02,0.4128200113773346
1989-03-03,0.4128200113773346
1989-03-06,0.41889113187789917
1989-03-07,0.4128200113773346
1989-03-08,0.4128200113773346
1989-03-09,0.4128200113773346
1989-03-10,0.4128200113773346
1989-03-13,0.4128200113773346
1989-03-14,0.4128200113773346
1989-03-15,0.4128200113773346
1989-03-16,0.41889113187789917
1989-03-17,0.4128200113773346
1989-03-20,0.4128200113773346
1989-03-21,0.40674930810928345
1989-03-22,0.4128200113773346
1989-03-23,0.4128200113773346
1989-03-27,0.4128200113773346
1989-03-28,0.4128200113773346
1989-03-29,0.41889113187789917
1989-03-30,0.4249618351459503
1989-03-31,0.4310327172279358
1989-04-03,0.41889113187789917
1989-04-04,0.41889113187789917
1989-04-05,0.4249618351459503
1989-04-06,0.4310327172279358
1989-04-07,0.4371037781238556
1989-04-10,0.4310327172279358
1989-04-11,0.4249618351459503
1989-04-12,0.4249618351459503
1989-04-13,0.4249618351459503
1989-04-14,0.4310327172279358
1989-04-17,0.4310327172279358
1989-04-18,0.4371037781238556
1989-04-19,0.44924527406692505
1989-04-20,0.4371037781238556
1989-04-21,0.44924527406692505
1989-04-24,0.44924527406692505
1989-04-25,0.4431746304035187
1989-04-26,0.44924527406692505
1989-04-27,0.4431746304035187
1989-04-28,0.4431746304035187
1989-05-01,0.4431746304035187
1989-05-02,0.44924527406692505
1989-05-03,0.44924527406692505
1989-05-04,0.46138715744018555
1989-05-05,0.455316424369812
1989-05-08,0.44924527406692505
1989-05-09,0.44924527406692505
1989-05-10,0.455316424369812
1989-05-11,0.44924527406692505
1989-05-12,0.455316424369812
1989-05-15,0.455316424369812
1989-05-16,0.455316424369812
1989-05-17,0.455316424369812
1989-05-18,0.455316424369812
1989-05-19,0.46138715744018555
1989-05-22,0.46138715744018555
1989-05-23,0.455316424369812
1989-05-24,0.46138715744018555
1989-05-25,0.46138715744018555
1989-05-26,0.46138715744018555
1989-05-30,0.455316424369812
1989-05-31,0.455316424369812
1989-06-01,0.46138715744018555
1989-06-02,0.46745824813842773
1989-06-05,0.46745824813842773
1989-06-06,0.46138715744018555
1989-06-07,0.46745824813842773
1989-06-08,0.46745824813842773
1989-06-09,0.46745824813842773
1989-06-12,0.46745824813842773
1989-06-13,0.46745824813842773
1989-06-14,0.47959983348846436
1989-06-15,0.46745824813842773
1989-06-16,0.46745824813842773
1989-06-19,0.4735288918018341
1989-06-20,0.4735288918018341
1989-06-21,0.46745824813842773
1989-06-22,0.46745824813842773
1989-06-23,0.4735288918018341
1989-06-26,0.46745824813842773
1989-06-27,0.4735288918018341
1989-06-28,0.4735288918018341
1989-06-29,0.46138715744018555
1989-06-30,0.44924527406692505
1989-07-03,0.46138715744018555
1989-07-05,0.46138715744018555
1989-07-06,0.44924527406692505
1989-07-07,0.455316424369812
1989-07-10,0.46138715744018555
1989-07-11,0.46138715744018555
1989-07-12,0.46138715744018555
1989-07-13,0.46745824813842773
1989-07-14,0.46745824813842773
1989-07-17,0.46138715744018555
1989-07-18,0.46138715744018555
1989-07-19,0.455316424369812
1989-07-20,0.455316424369812
1989-07-21,0.455316424369812
1989-07-24,0.46138715744018555
1989-07-25,0.455316424369812
1989-07-26,0.46138715744018555
1989-07-27,0.455316424369812
1989-07-28,0.46138715744018555
1989-07-31,0.46745824813842773
1989-08-01,0.46745824813842773
1989-08-02,0.46745824813842773
1989-08-03,0.46745824813842773
1989-08-04,0.46745824813842773
1989-08-07,0.46745824813842773
1989-08-08,0.46745824813842773
1989-08-09,0.46745824813842773
1989-08-10,0.4735288918018341
1989-08-11,0.4735288918018341
1989-08-14,0.4735288918018341
1989-08-15,0.46745824813842773
1989-08-16,0.4735288918018341
1989-08-17,0.4735288918018341
1989-08-18,0.4735288918018341
1989-08-21,0.4735288918018341
1989-08-22,0.47959983348846436
1989-08-23,0.46745824813842773
1989-08-24,0.4735288918018341
1989-08-25,0.47959983348846436
1989-08-28,0.4735288918018341
1989-08-29,0.4735288918018341
1989-08-30,0.4735288918018341
1989-08-31,0.4735288918018341
1989-09-01,0.4735288918018341
1989-09-05,0.4856705963611603
1989-09-06,0.47959983348846436
1989-09-07,0.46745824813842773
1989-09-08,0.4735288918018341
1989-09-11,0.4735288918018341
1989-09-12,0.4735288918018341
1989-09-13,0.4735288918018341
1989-09-14,0.46745824813842773
1989-09-15,0.46745824813842773
1989-09-18,0.4735288918018341
1989-09-19,0.4735288918018341
1989-09-20,0.4735288918018341
1989-09-21,0.46745824813842773
1989-09-22,0.4735288918018341
1989-09-25,0.46138715744018555
1989-09-26,0.46138715744018555
1989-09-27,0.46138715744018555
1989-09-28,0.46745824813842773
1989-09-29,0.46745824813842773
1989-10-02,0.4735288918018341
1989-10-03,0.4735288918018341
1989-10-04,0.4735288918018341
1989-10-05,0.4735288918018341
1989-10-06,0.47959983348846436
1989-10-09,0.4735288918018341
1989-10-10,0.4735288918018341
1989-10-11,0.4735288918018341
1989-10-12,0.4735288918018341
1989-10-13,0.4431746304035187
1989-10-16,0.46138715744018555
1989-10-17,0.46745824813842773
1989-10-18,0.46745824813842773
1989-10-19,0.4735288918018341
1989-10-20,0.46745824813842773
1989-10-23,0.46138715744018555
1989-10-24,0.455316424369812
1989-10-25,0.455316424369812
1989-10-26,0.455316424369812
1989-10-27,0.44924527406692505
1989-10-30,0.44924527406692505
1989-10-31,0.46138715744018555
1989-11-01,0.455316424369812
1989-11-02,0.455316424369812
1989-11-03,0.455316424369812
1989-11-06,0.44924527406692505
1989-11-07,0.44924527406692505
1989-11-08,0.46138715744018555
1989-11-09,0.44924527406692505
1989-11-10,0.455316424369812
1989-11-13,0.46138715744018555
1989-11-14,0.455316424369812
1989-11-15,0.46138715744018555
1989-11-16,0.46138715744018555
1989-11-17,0.46138715744018555
1989-11-20,0.455316424369812
1989-11-21,0.455316424369812
1989-11-22,0.455316424369812
1989-11-24,0.455316424369812
1989-11-27,0.46138715744018555
1989-11-28,0.455316424369812
1989-11-29,0.455316424369812
1989-11-30,0.46138715744018555
1989-12-01,0.46138715744018555
1989-12-04,0.46138715744018555
1989-12-05,0.46138715744018555
1989-12-06,0.46138715744018555
1989-12-07,0.46138715744018555
1989-12-08,0.46138715744018555
1989-12-11,0.46745824813842773
1989-12-12,0.46745824813842773
1989-12-13,0.4735288918018341
1989-12-14,0.46745824813842773
1989-12-15,0.46138715744018555
1989-12-18,0.46138715744018555
1989-12-19,0.46138715744018555
1989-12-20,0.46745824813842773
1989-12-21,0.46745824813842773
1989-12-22,0.4813200831413269
1989-12-26,0.4813200831413269
1989-12-27,0.4877378046512604
1989-12-28,0.4813200831413269
1989-12-29,0.4877378046512604
1990-01-02,0.4877378046512604
1990-01-03,0.4749024212360382
1990-01-04,0.4749024212360382
1990-01-05,0.4813200831413269
1990-01-08,0.4813200831413269
1990-01-09,0.4749024212360382
1990-01-10,0.4813200831413269
1990-01-11,0.4749024212360382
1990-01-12,0.4749024212360382
1990-01-15,0.4684848189353943
1990-01-16,0.4684848189353943
1990-01-17,0.4684848189353943
1990-01-18,0.46206730604171753
1990-01-19,0.46206730604171753
1990-01-22,0.44923198223114014
1990-01-23,0.44923198223114014
1990-01-24,0.45564958453178406
1990-01-25,0.442814439535141
1990-01-26,0.442814439535141
1990-01-29,0.44923198223114014
1990-01-30,0.442814439535141
1990-01-31,0.45564958453178406
1990-02-01,0.45564958453178406
1990-02-02,0.45564958453178406
1990-02-05,0.442814439535141
1990-02-06,0.442814439535141
1990-02-07,0.45564958453178406
1990-02-08,0.44923198223114014
1990-02-09,0.44923198223114014
1990-02-12,0.44923198223114014
1990-02-13,0.44923198223114014
1990-02-14,0.43639686703681946
1990-02-15,0.44923198223114014
1990-02-16,0.45564958453178406
1990-02-20,0.44923198223114014
1990-02-21,0.44923198223114014
1990-02-22,0.44923198223114014
1990-02-23,0.44923198223114014
1990-02-26,0.44923198223114014
1990-02-27,0.44923198223114014
1990-02-28,0.44923198223114014
1990-03-01,0.45564958453178406
1990-03-02,0.44923198223114014
1990-03-05,0.45564958453178406
1990-03-06,0.45564958453178406
1990-03-07,0.46206730604171753
1990-03-08,0.45564958453178406
1990-03-09,0.46206730604171753
1990-03-12,0.46206730604171753
1990-03-13,0.45564958453178406
1990-03-14,0.45564958453178406
1990-03-15,0.45564958453178406
1990-03-16,0.46206730604171753
1990-03-19,0.4684848189353943
1990-03-20,0.4684848189353943
1990-03-21,0.4684848189353943
1990-03-22,0.46206730604171753
1990-03-23,0.4813200831413269
1990-03-26,0.4684848189353943
1990-03-27,0.4684848189353943
1990-03-28,0.4749024212360382
1990-03-29,0.4749024212360382
1990-03-30,0.4749024212360382
1990-04-02,0.4749024212360382
1990-04-03,0.4813200831413269
1990-04-04,0.4749024212360382
1990-04-05,0.4749024212360382
1990-04-06,0.4749024212360382
1990-04-09,0.4813200831413269
1990-04-10,0.4877378046512604
1990-04-11,0.4749024212360382
1990-04-12,0.4813200831413269
1990-04-16,0.4749024212360382
1990-04-17,0.4813200831413269
1990-04-18,0.4813200831413269
1990-04-19,0.4813200831413269
1990-04-20,0.4684848189353943
1990-04-23,0.4684848189353943
1990-04-24,0.4749024212360382
1990-04-25,0.4813200831413269
1990-04-26,0.4749024212360382
1990-04-27,0.4749024212360382
1990-04-30,0.4749024212360382
1990-05-01,0.4749024212360382
1990-05-02,0.4749024212360382
1990-05-03,0.4749024212360382
1990-05-04,0.4749024212360382
1990-05-07,0.4684848189353943
1990-05-08,0.4684848189353943
1990-05-09,0.4749024212360382
1990-05-10,0.4749024212360382
1990-05-11,0.4813200831413269
1990-05-14,0.4813200831413269
1990-05-15,0.4877378046512604
1990-05-16,0.4813200831413269
1990-05-17,0.4749024212360382
1990-05-18,0.4813200831413269
1990-05-21,0.4813200831413269
1990-05-22,0.4813200831413269
1990-05-23,0.4749024212360382
1990-05-24,0.4813200831413269
1990-05-25,0.4813200831413269
1990-05-29,0.4813200831413269
1990-05-30,0.4877378046512604
1990-05-31,0.4877378046512604
1990-06-01,0.4941553473472595
1990-06-04,0.4877378046512604
1990-06-05,0.4877378046512604
1990-06-06,0.4941553473472595
1990-06-07,0.4877378046512604
1990-06-08,0.4877378046512604
1990-06-11,0.4941553473472595
1990-06-12,0.4941553473472595
1990-06-13,0.4877378046512604
1990-06-14,0.4941553473472595
1990-06-15,0.4941553473472595
1990-06-18,0.5005729794502258
1990-06-19,0.5005729794502258
1990-06-20,0.4877378046512604
1990-06-21,0.4877378046512604
1990-06-22,0.4941553473472595
1990-06-25,0.5005729794502258
1990-06-26,0.4941553473472595
1990-06-27,0.4877378046512604
1990-06-28,0.4941553473472595
1990-06-29,0.4941553473472595
1990-07-02,0.4877378046512604
1990-07-03,0.4877378046512604
1990-07-05,0.4941553473472595
1990-07-06,0.4941553473472595
1990-07-09,0.5005729794502258
1990-07-10,0.4877378046512604
1990-07-11,0.4877378046512604
1990-07-12,0.4941553473472595
1990-07-13,0.4941553473472595
1990-07-16,0.5005729794502258
1990-07-17,0.4941553473472595
1990-07-18,0.4941553473472595
1990-07-19,0.5005729794502258
1990-07-20,0.4941553473472595
1990-07-23,0.4941553473472595
1990-07-24,0.4813200831413269
1990-07-25,0.4877378046512604
1990-07-26,0.4813200831413269
1990-07-27,0.4813200831413269
1990-07-30,0.4877378046512604
1990-07-31,0.4877378046512604
1990-08-01,0.4813200831413269
1990-08-02,0.4813200831413269
1990-08-03,0.45564958453178406
1990-08-06,0.442814439535141
1990-08-07,0.442814439535141
1990-08-08,0.442814439535141
1990-08-09,0.44923198223114014
1990-08-10,0.442814439535141
1990-08-13,0.45564958453178406
1990-08-14,0.44923198223114014
1990-08-15,0.45564958453178406
1990-08-16,0.44923198223114014
1990-08-17,0.43639686703681946
1990-08-20,0.4299793541431427
1990-08-21,0.4299793541431427
1990-08-22,0.44923198223114014
1990-08-23,0.41714388132095337
1990-08-24,0.43639686703681946
1990-08-27,0.442814439535141
1990-08-28,0.43639686703681946
1990-08-29,0.4299793541431427
1990-08-30,0.4299793541431427
1990-08-31,0.42356154322624207
1990-09-04,0.42356154322624207
1990-09-05,0.4299793541431427
1990-09-06,0.42356154322624207
1990-09-07,0.43639686703681946
1990-09-10,0.43639686703681946
1990-09-11,0.43639686703681946
1990-09-12,0.4299793541431427
1990-09-13,0.42356154322624207
1990-09-14,0.41714388132095337
1990-09-17,0.42356154322624207
1990-09-18,0.41072654724121094
1990-09-19,0.40430882573127747
1990-09-20,0.39789119362831116
1990-09-21,0.40430882573127747
1990-09-24,0.39789119362831116
1990-09-25,0.41714388132095337
1990-09-26,0.41714388132095337
1990-09-27,0.41072654724121094
1990-09-28,0.40430882573127747
1990-10-01,0.40430882573127747
1990-10-02,0.42356154322624207
1990-10-03,0.41072654724121094
1990-10-04,0.41072654724121094
1990-10-05,0.40430882573127747
1990-10-08,0.40430882573127747
1990-10-09,0.40430882573127747
1990-10-10,0.3850559592247009
1990-10-11,0.37863853573799133
1990-10-12,0.37863853573799133
1990-10-15,0.37222105264663696
1990-10-16,0.37222105264663696
1990-10-17,0.37222105264663696
1990-10-18,0.3850559592247009
1990-10-19,0.37863853573799133
1990-10-22,0.37863853573799133
1990-10-23,0.37222105264663696
1990-10-24,0.37863853573799133
1990-10-25,0.37863853573799133
1990-10-26,0.37222105264663696
1990-10-29,0.36580324172973633
1990-10-30,0.37222105264663696
1990-10-31,0.37222105264663696
1990-11-01,0.37222105264663696
1990-11-02,0.37863853573799133
1990-11-05,0.37863853573799133
1990-11-06,0.37222105264663696
1990-11-07,0.37222105264663696
1990-11-08,0.37222105264663696
1990-11-09,0.3850559592247009
1990-11-12,0.37863853573799133
1990-11-13,0.3850559592247009
1990-11-14,0.3850559592247009
1990-11-15,0.3850559592247009
1990-11-16,0.37863853573799133
1990-11-19,0.37863853573799133
1990-11-20,0.37222105264663696
1990-11-21,0.37863853573799133
1990-11-23,0.3850559592247009
1990-11-26,0.37863853573799133
1990-11-27,0.3850559592247009
1990-11-28,0.40430882573127747
1990-11-29,0.40430882573127747
1990-11-30,0.39789119362831116
1990-12-03,0.40430882573127747
1990-12-04,0.40430882573127747
1990-12-05,0.41072654724121094
1990-12-06,0.42356154322624207
1990-12-07,0.4299793541431427
1990-12-10,0.41714388132095337
1990-12-11,0.41072654724121094
1990-12-12,0.42356154322624207
1990-12-13,0.42356154322624207
1990-12-14,0.4299793541431427
1990-12-17,0.4299793541431427
1990-12-18,0.43639686703681946
1990-12-19,0.42356154322624207
1990-12-20,0.42356154322624207
1990-12-21,0.42356154322624207
1990-12-24,0.4256901741027832
1990-12-26,0.4323412775993347
1990-12-27,0.4256901741027832
1990-12-28,0.4323412775993347
1990-12-31,0.4323412775993347
1991-01-02,0.4323412775993347
1991-01-03,0.4256901741027832
1991-01-04,0.4256901741027832
1991-01-07,0.4190387725830078
1991-01-08,0.4123872220516205
1991-01-09,0.4123872220516205
1991-01-10,0.4123872220516205
1991-01-11,0.4057358503341675
1991-01-14,0.4057358503341675
1991-01-15,0.4123872220516205
1991-01-16,0.4256901741027832
1991-01-17,0.438992977142334
1991-01-18,0.4323412775993347
1991-01-21,0.4256901741027832
1991-01-22,0.4323412775993347
1991-01-23,0.4323412775993347
1991-01-24,0.45229560136795044
1991-01-25,0.44564443826675415
1991-01-28,0.44564443826675415
1991-01-29,0.45229560136795044
1991-01-30,0.45229560136795044
1991-01-31,0.46559861302375793
1991-02-01,0.46559861302375793
1991-02-04,0.47890138626098633
1991-02-05,0.48555275797843933
1991-02-06,0.4988555312156677
1991-02-07,0.5121585726737976
1991-02-08,0.5055069923400879
1991-02-11,0.5055069923400879
1991-02-12,0.5055069923400879
1991-02-13,0.5055069923400879
1991-02-14,0.5055069923400879
1991-02-15,0.518809974193573
1991-02-19,0.5121585726737976
1991-02-20,0.4988555312156677
1991-02-21,0.4988555312156677
1991-02-22,0.4988555312156677
1991-02-25,0.5121585726737976
1991-02-26,0.518809974193573
1991-02-27,0.5121585726737976
1991-02-28,0.5254613161087036
1991-03-01,0.518809974193573
1991-03-04,0.5254613161087036
1991-03-05,0.5254613161087036
1991-03-06,0.5254613161087036
1991-03-07,0.518809974193573
1991-03-08,0.5254613161087036
1991-03-11,0.518809974193573
1991-03-12,0.518809974193573
1991-03-13,0.518809974193573
1991-03-14,0.518809974193573
1991-03-15,0.518809974193573
1991-03-18,0.518809974193573
1991-03-19,0.5121585726737976
1991-03-20,0.518809974193573
1991-03-21,0.518809974193573
1991-03-22,0.518809974193573
1991-03-25,0.5254613161087036
1991-03-26,0.5321126580238342
1991-03-27,0.5387639999389648
1991-03-28,0.5520669221878052
1991-04-01,0.5454155206680298
1991-04-02,0.5520669221878052
1991-04-03,0.5454155206680298
1991-04-04,0.5653698444366455
1991-04-05,0.572020947933197
1991-04-08,0.5653698444366455
1991-04-09,0.5587182641029358
1991-04-10,0.5653698444366455
1991-04-11,0.572020947933197
1991-04-12,0.578672468662262
1991-04-15,0.578672468662262
1991-04-16,0.578672468662262
1991-04-17,0.578672468662262
1991-04-18,0.578672468662262
1991-04-19,0.578672468662262
1991-04-22,0.5653698444366455
1991-04-23,0.572020947933197
1991-04-24,0.578672468662262
1991-04-25,0.572020947933197
1991-04-26,0.572020947933197
1991-04-29,0.5653698444366455
1991-04-30,0.572020947933197
1991-05-01,0.572020947933197
1991-05-02,0.5653698444366455
1991-05-03,0.5587182641029358
1991-05-06,0.5653698444366455
1991-05-07,0.5520669221878052
1991-05-08,0.5454155206680298
1991-05-09,0.5454155206680298
1991-05-10,0.5387639999389648
1991-05-13,0.5454155206680298
1991-05-14,0.5321126580238342
1991-05-15,0.5321126580238342
1991-05-16,0.5321126580238342
1991-05-17,0.5254613161087036
1991-05-20,0.5321126580238342
1991-05-21,0.5387639999389648
1991-05-22,0.5321126580238342
1991-05-23,0.5321126580238342
1991-05-24,0.5454155206680298
1991-05-28,0.5454155206680298
1991-05-29,0.5387639999389648
1991-05-30,0.5387639999389648
1991-05-31,0.5454155206680298
1991-06-03,0.5454155206680298
1991-06-04,0.5454155206680298
1991-06-05,0.5454155206680298
1991-06-06,0.5454155206680298
1991-06-07,0.5454155206680298
1991-06-10,0.5454155206680298
1991-06-11,0.5387639999389648
1991-06-12,0.5454155206680298
1991-06-13,0.5321126580238342
1991-06-14,0.5321126580238342
1991-06-17,0.5387639999389648
1991-06-18,0.5387639999389648
1991-06-19,0.5387639999389648
1991-06-20,0.5387639999389648
1991-06-21,0.5387639999389648
1991-06-24,0.5387639999389648
1991-06-25,0.5321126580238342
1991-06-26,0.5254613161087036
1991-06-27,0.5387639999389648
1991-06-28,0.5321126580238342
1991-07-01,0.5254613161087036
1991-07-02,0.5254613161087036
1991-07-03,0.5254613161087036
1991-07-05,0.5254613161087036
1991-07-08,0.5254613161087036
1991-07-09,0.5254613161087036
1991-07-10,0.5254613161087036
1991-07-11,0.5321126580238342
1991-07-12,0.5254613161087036
1991-07-15,0.5321126580238342
1991-07-16,0.5321126580238342
1991-07-17,0.5321126580238342
1991-07-18,0.5321126580238342
1991-07-19,0.5321126580238342
1991-07-22,0.5321126580238342
1991-07-23,0.5254613161087036
1991-07-24,0.5387639999389648
1991-07-25,0.5321126580238342
1991-07-26,0.5321126580238342
1991-07-29,0.5254613161087036
1991-07-30,0.5387639999389648
1991-07-31,0.5387639999389648
1991-08-01,0.5254613161087036
1991-08-02,0.5387639999389648
1991-08-05,0.5387639999389648
1991-08-06,0.5454155206680298
1991-08-07,0.5321126580238342
1991-08-08,0.5254613161087036
1991-08-09,0.5254613161087036
1991-08-12,0.5254613161087036
1991-08-13,0.5254613161087036
1991-08-14,0.5321126580238342
1991-08-15,0.5321126580238342
1991-08-16,0.5321126580238342
1991-08-19,0.5121585726737976
1991-08-20,0.5121585726737976
1991-08-21,0.5321126580238342
1991-08-22,0.5254613161087036
1991-08-23,0.5254613161087036
1991-08-26,0.5254613161087036
1991-08-27,0.5254613161087036
1991-08-28,0.5321126580238342
1991-08-29,0.5254613161087036
1991-08-30,0.5254613161087036
1991-09-03,0.5321126580238342
1991-09-04,0.5254613161087036
1991-09-05,0.5254613161087036
1991-09-06,0.518809974193573
1991-09-09,0.5254613161087036
1991-09-10,0.518809974193573
1991-09-11,0.518809974193573
1991-09-12,0.518809974193573
1991-09-13,0.5254613161087036
1991-09-16,0.518809974193573
1991-09-17,0.518809974193573
1991-09-18,0.518809974193573
1991-09-19,0.5254613161087036
1991-09-20,0.5254613161087036
1991-09-23,0.518809974193573
1991-09-24,0.5254613161087036
1991-09-25,0.5321126580238342
1991-09-26,0.5254613161087036
1991-09-27,0.5321126580238342
1991-09-30,0.5254613161087036
1991-10-01,0.5254613161087036
1991-10-02,0.5254613161087036
1991-10-03,0.518809974193573
1991-10-04,0.5254613161087036
1991-10-07,0.518809974193573
1991-10-08,0.518809974193573
1991-10-09,0.5121585726737976
1991-10-10,0.518809974193573
1991-10-11,0.518809974193573
1991-10-14,0.5254613161087036
1991-10-15,0.5254613161087036
1991-10-16,0.5321126580238342
1991-10-17,0.5321126580238342
1991-10-18,0.5387639999389648
1991-10-21,0.5387639999389648
1991-10-22,0.5321126580238342
1991-10-23,0.5387639999389648
1991-10-24,0.5387639999389648
1991-10-25,0.5321126580238342
1991-10-28,0.5321126580238342
1991-10-29,0.5520669221878052
1991-10-30,0.5587182641029358
1991-10-31,0.5454155206680298
1991-11-01,0.5587182641029358
1991-11-04,0.5520669221878052
1991-11-05,0.5520669221878052
1991-11-06,0.5454155206680298
1991-11-07,0.5387639999389648
1991-11-08,0.5520669221878052
1991-11-11,0.5520669221878052
1991-11-12,0.5520669221878052
1991-11-13,0.5520669221878052
1991-11-14,0.5587182641029358
1991-11-15,0.5520669221878052
1991-11-18,0.5387639999389648
1991-11-19,0.5387639999389648
1991-11-20,0.5387639999389648
1991-11-21,0.5387639999389648
1991-11-22,0.5321126580238342
1991-11-25,0.5387639999389648
1991-11-26,0.5321126580238342
1991-11-27,0.5254613161087036
1991-11-29,0.5321126580238342
1991-12-02,0.5321126580238342
1991-12-03,0.5387639999389648
1991-12-04,0.5321126580238342
1991-12-05,0.5321126580238342
1991-12-06,0.5321126580238342
1991-12-09,0.518809974193573
1991-12-10,0.518809974193573
1991-12-11,0.5254613161087036
1991-12-12,0.5254613161087036
1991-12-13,0.5254613161087036
1991-12-16,0.5254613161087036
1991-12-17,0.5321126580238342
1991-12-18,0.5254613161087036
1991-12-19,0.518809974193573
1991-12-20,0.5254613161087036
1991-12-23,0.5321126580238342
1991-12-24,0.559596836566925
1991-12-26,0.5666802525520325
1991-12-27,0.5666802525520325
1991-12-30,0.5808472037315369
1991-12-31,0.5879306793212891
1992-01-02,0.5808472037315369
1992-01-03,0.5879306793212891
1992-01-06,0.5950141549110413
1992-01-07,0.5879306793212891
1992-01-08,0.5808472037315369
1992-01-09,0.5950141549110413
1992-01-10,0.5879306793212891
1992-01-13,0.5879306793212891
1992-01-14,0.5950141549110413
1992-01-15,0.5950141549110413
1992-01-16,0.5950141549110413
1992-01-17,0.6020979285240173
1992-01-20,0.6091812252998352
1992-01-21,0.6020979285240173
1992-01-22,0.6091812252998352
1992-01-23,0.6233481764793396
1992-01-24,0.6304318308830261
1992-01-27,0.6304318308830261
1992-01-28,0.6304318308830261
1992-01-29,0.6375152468681335
1992-01-30,0.6233481764793396
1992-01-31,0.6233481764793396
1992-02-03,0.6375152468681335
1992-02-04,0.6375152468681335
1992-02-05,0.6304318308830261
1992-02-06,0.6375152468681335
1992-02-07,0.6304318308830261
1992-02-10,0.6304318308830261
1992-02-11,0.644598662853241
1992-02-12,0.644598662853241
1992-02-13,0.644598662853241
1992-02-14,0.6375152468681335
1992-02-18,0.6375152468681335
1992-02-19,0.644598662853241
1992-02-20,0.6658491492271423
1992-02-21,0.6658491492271423
1992-02-24,0.6516823768615723
1992-02-25,0.644598662853241
1992-02-26,0.644598662853241
1992-02-27,0.6516823768615723
1992-02-28,0.6658491492271423
1992-03-02,0.6729326844215393
1992-03-03,0.6658491492271423
1992-03-04,0.6800161600112915
1992-03-05,0.6729326844215393
1992-03-06,0.6658491492271423
1992-03-09,0.6587654948234558
1992-03-10,0.6658491492271423
1992-03-11,0.6658491492271423
1992-03-12,0.6516823768615723
1992-03-13,0.6516823768615723
1992-03-16,0.6587654948234558
1992-03-17,0.6516823768615723
1992-03-18,0.6587654948234558
1992-03-19,0.6587654948234558
1992-03-20,0.6658491492271423
1992-03-23,0.6658491492271423
1992-03-24,0.6658491492271423
1992-03-25,0.6658491492271423
1992-03-26,0.6587654948234558
1992-03-27,0.6516823768615723
1992-03-30,0.6587654948234558
1992-03-31,0.6516823768615723
1992-04-01,0.6587654948234558
1992-04-02,0.6516823768615723
1992-04-03,0.6516823768615723
1992-04-06,0.6516823768615723
1992-04-07,0.644598662853241
1992-04-08,0.6375152468681335
1992-04-09,0.644598662853241
1992-04-10,0.6375152468681335
1992-04-13,0.6516823768615723
1992-04-14,0.6516823768615723
1992-04-15,0.6587654948234558
1992-04-16,0.6587654948234558
1992-04-20,0.644598662853241
1992-04-21,0.6516823768615723
1992-04-22,0.6516823768615723
1992-04-23,0.6516823768615723
1992-04-24,0.6587654948234558
1992-04-27,0.6587654948234558
1992-04-28,0.6587654948234558
1992-04-29,0.6516823768615723
1992-04-30,0.6587654948234558
1992-05-01,0.6587654948234558
1992-05-04,0.6587654948234558
1992-05-05,0.6587654948234558
1992-05-06,0.6516823768615723
1992-05-07,0.6516823768615723
1992-05-08,0.6587654948234558
1992-05-11,0.6587654948234558
1992-05-12,0.6516823768615723
1992-05-13,0.6587654948234558
1992-05-14,0.6587654948234558
1992-05-15,0.644598662853241
1992-05-18,0.6587654948234558
1992-05-19,0.6516823768615723
1992-05-20,0.6587654948234558
1992-05-21,0.6587654948234558
1992-05-22,0.6587654948234558
1992-05-26,0.6516823768615723
1992-05-27,0.644598662853241
1992-05-28,0.644598662853241
1992-05-29,0.644598662853241
1992-06-01,0.644598662853241
1992-06-02,0.6516823768615723
1992-06-03,0.644598662853241
1992-06-04,0.6587654948234558
1992-06-05,0.6516823768615723
1992-06-08,0.644598662853241
1992-06-09,0.6516823768615723
1992-06-10,0.6375152468681335
1992-06-11,0.644598662853241
1992-06-12,0.644598662853241
1992-06-15,0.6375152468681335
1992-06-16,0.644598662853241
1992-06-17,0.6375152468681335
1992-06-18,0.644598662853241
1992-06-19,0.644598662853241
1992-06-22,0.644598662853241
1992-06-23,0.6233481764793396
1992-06-24,0.6233481764793396
1992-06-25,0.6233481764793396
1992-06-26,0.6233481764793396
1992-06-29,0.6304318308830261
1992-06-30,0.6375152468681335
1992-07-01,0.6375152468681335
1992-07-02,0.6375152468681335
1992-07-06,0.6304318308830261
1992-07-07,0.6304318308830261
1992-07-08,0.6304318308830261
1992-07-09,0.6304318308830261
1992-07-10,0.6304318308830261
1992-07-13,0.6375152468681335
1992-07-14,0.6375152468681335
1992-07-15,0.6375152468681335
1992-07-16,0.6304318308830261
1992-07-17,0.6375152468681335
1992-07-20,0.6304318308830261
1992-07-21,0.6375152468681335
1992-07-22,0.6304318308830261
1992-07-23,0.6375152468681335
1992-07-24,0.6304318308830261
1992-07-27,0.6375152468681335
1992-07-28,0.6375152468681335
1992-07-29,0.6375152468681335
1992-07-30,0.644598662853241
1992-07-31,0.6375152468681335
1992-08-03,0.6516823768615723
1992-08-04,0.6516823768615723
1992-08-05,0.6516823768615723
1992-08-06,0.6516823768615723
1992-08-07,0.6516823768615723
1992-08-10,0.6516823768615723
1992-08-11,0.6516823768615723
1992-08-12,0.6516823768615723
1992-08-13,0.644598662853241
1992-08-14,0.644598662853241
1992-08-17,0.6375152468681335
1992-08-18,0.6375152468681335
1992-08-19,0.6375152468681335
1992-08-20,0.644598662853241
1992-08-21,0.6304318308830261
1992-08-24,0.6304318308830261
1992-08-25,0.6233481764793396
1992-08-26,0.6304318308830261
1992-08-27,0.6375152468681335
1992-08-28,0.6304318308830261
1992-08-31,0.6304318308830261
1992-09-01,0.6375152468681335
1992-09-02,0.644598662853241
1992-09-03,0.6375152468681335
1992-09-04,0.6304318308830261
1992-09-08,0.6304318308830261
1992-09-09,0.6375152468681335
1992-09-10,0.644598662853241
1992-09-11,0.644598662853241
1992-09-14,0.644598662853241
1992-09-15,0.6375152468681335
1992-09-16,0.6375152468681335
1992-09-17,0.6375152468681335
1992-09-18,0.644598662853241
1992-09-21,0.644598662853241
1992-09-22,0.6516823768615723
1992-09-23,0.644598662853241
1992-09-24,0.6516823768615723
1992-09-25,0.644598662853241
1992-09-28,0.644598662853241
1992-09-29,0.6516823768615723
1992-09-30,0.644598662853241
1992-10-01,0.644598662853241
1992-10-02,0.644598662853241
1992-10-05,0.6375152468681335
1992-10-06,0.6375152468681335
1992-10-07,0.6304318308830261
1992-10-08,0.6375152468681335
1992-10-09,0.644598662853241
1992-10-12,0.644598662853241
1992-10-13,0.644598662853241
1992-10-14,0.644598662853241
1992-10-15,0.644598662853241
1992-10-16,0.6516823768615723
1992-10-19,0.644598662853241
1992-10-20,0.6516823768615723
1992-10-21,0.644598662853241
1992-10-22,0.6516823768615723
1992-10-23,0.6516823768615723
1992-10-26,0.644598662853241
1992-10-27,0.6516823768615723
1992-10-28,0.6587654948234558
1992-10-29,0.6587654948234558
1992-10-30,0.6516823768615723
1992-11-02,0.6658491492271423
1992-11-03,0.6658491492271423
1992-11-04,0.6587654948234558
1992-11-05,0.6800161600112915
1992-11-06,0.6729326844215393
1992-11-09,0.6870995759963989
1992-11-10,0.6941832304000854
1992-11-11,0.7083505988121033
1992-11-12,0.715433657169342
1992-11-13,0.715433657169342
1992-11-16,0.7083505988121033
1992-11-17,0.7083505988121033
1992-11-18,0.7083505988121033
1992-11-19,0.7012665867805481
1992-11-20,0.715433657169342
1992-11-23,0.7083505988121033
1992-11-24,0.7012665867805481
1992-11-25,0.715433657169342
1992-11-27,0.715433657169342
1992-11-30,0.715433657169342
1992-12-01,0.715433657169342
1992-12-02,0.7083505988121033
1992-12-03,0.7225174903869629
1992-12-04,0.729600727558136
1992-12-07,0.715433657169342
1992-12-08,0.7083505988121033
1992-12-09,0.7083505988121033
1992-12-10,0.7083505988121033
1992-12-11,0.7012665867805481
1992-12-14,0.7012665867805481
1992-12-15,0.6941832304000854
1992-12-16,0.7012665867805481
1992-12-17,0.715433657169342
1992-12-18,0.729600727558136
1992-12-21,0.729600727558136
1992-12-22,0.7225174903869629
1992-12-23,0.729600727558136
1992-12-24,0.6919364929199219
1992-12-28,0.684802770614624
1992-12-29,0.6990696787834167
1992-12-30,0.6990696787834167
1992-12-31,0.6990696787834167
1993-01-04,0.6990696787834167
1993-01-05,0.6919364929199219
1993-01-06,0.6990696787834167
1993-01-07,0.6990696787834167
1993-01-08,0.6919364929199219
1993-01-11,0.6990696787834167
1993-01-12,0.6919364929199219
1993-01-13,0.6990696787834167
1993-01-14,0.6990696787834167
1993-01-15,0.7062033414840698
1993-01-18,0.7204700708389282
1993-01-19,0.7133369445800781
1993-01-20,0.7204700708389282
1993-01-21,0.7133369445800781
1993-01-22,0.7204700708389282
1993-01-25,0.7347365021705627
1993-01-26,0.727603554725647
1993-01-27,0.727603554725647
1993-01-28,0.727603554725647
1993-01-29,0.727603554725647
1993-02-01,0.7204700708389282
1993-02-02,0.7204700708389282
1993-02-03,0.727603554725647
1993-02-04,0.7347365021705627
1993-02-05,0.7347365021705627
1993-02-08,0.727603554725647
1993-02-09,0.727603554725647
1993-02-10,0.7347365021705627
1993-02-11,0.7347365021705627
1993-02-12,0.7204700708389282
1993-02-16,0.6990696787834167
1993-02-17,0.7204700708389282
1993-02-18,0.7204700708389282
1993-02-19,0.7347365021705627
1993-02-22,0.7204700708389282
1993-02-23,0.727603554725647
1993-02-24,0.727603554725647
1993-02-25,0.7204700708389282
1993-02-26,0.7347365021705627
1993-03-01,0.7347365021705627
1993-03-02,0.7347365021705627
1993-03-03,0.7347365021705627
1993-03-04,0.7418701648712158
1993-03-05,0.7418701648712158
1993-03-08,0.7490031123161316
1993-03-09,0.7561366558074951
1993-03-10,0.76326984167099
1993-03-11,0.7704036831855774
1993-03-12,0.76326984167099
1993-03-15,0.7561366558074951
1993-03-16,0.7490031123161316
1993-03-17,0.7490031123161316
1993-03-18,0.7490031123161316
1993-03-19,0.7418701648712158
1993-03-22,0.7418701648712158
1993-03-23,0.7347365021705627
1993-03-24,0.727603554725647
1993-03-25,0.7418701648712158
1993-03-26,0.7347365021705627
1993-03-29,0.7418701648712158
1993-03-30,0.7347365021705627
1993-03-31,0.7418701648712158
1993-04-01,0.7347365021705627
1993-04-02,0.7347365021705627
1993-04-05,0.7347365021705627
1993-04-06,0.727603554725647
1993-04-07,0.727603554725647
1993-04-08,0.727603554725647
1993-04-12,0.7347365021705627
1993-04-13,0.7490031123161316
1993-04-14,0.7490031123161316
1993-04-15,0.7418701648712158
1993-04-16,0.7418701648712158
1993-04-19,0.7418701648712158
1993-04-20,0.7347365021705627
1993-04-21,0.7418701648712158
1993-04-22,0.7490031123161316
1993-04-23,0.7418701648712158
1993-04-26,0.7347365021705627
1993-04-27,0.7347365021705627
1993-04-28,0.7418701648712158
1993-04-29,0.7347365021705627
1993-04-30,0.7347365021705627
1993-05-03,0.7204700708389282
1993-05-04,0.727603554725647
1993-05-05,0.727603554725647
1993-05-06,0.727603554725647
1993-05-07,0.7347365021705627
1993-05-10,0.727603554725647
1993-05-11,0.7347365021705627
1993-05-12,0.7347365021705627
1993-05-13,0.727603554725647
1993-05-14,0.7062033414840698
1993-05-17,0.7204700708389282
1993-05-18,0.7204700708389282
1993-05-19,0.727603554725647
1993-05-20,0.7347365021705627
1993-05-21,0.7347365021705627
1993-05-24,0.7347365021705627
1993-05-25,0.7347365021705627
1993-05-26,0.7347365021705627
1993-05-27,0.7418701648712158
1993-05-28,0.7347365021705627
1993-06-01,0.7347365021705627
1993-06-02,0.7418701648712158
1993-06-03,0.727603554725647
1993-06-04,0.727603554725647
1993-06-07,0.7347365021705627
1993-06-08,0.7347365021705627
1993-06-09,0.7347365021705627
1993-06-10,0.7347365021705627
1993-06-11,0.7347365021705627
1993-06-14,0.7347365021705627
1993-06-15,0.7418701648712158
1993-06-16,0.7418701648712158
1993-06-17,0.7490031123161316
1993-06-18,0.7418701648712158
1993-06-21,0.7490031123161316
1993-06-22,0.7490031123161316
1993-06-23,0.7347365021705627
1993-06-24,0.7418701648712158
1993-06-25,0.7347365021705627
1993-06-28,0.7347365021705627
1993-06-29,0.7561366558074951
1993-06-30,0.7490031123161316
1993-07-01,0.7561366558074951
1993-07-02,0.7561366558074951
1993-07-06,0.7490031123161316
1993-07-07,0.7490031123161316
1993-07-08,0.7561366558074951
1993-07-09,0.7490031123161316
1993-07-12,0.7490031123161316
1993-07-13,0.7490031123161316
1993-07-14,0.7561366558074951
1993-07-15,0.7561366558074951
1993-07-16,0.7561366558074951
1993-07-19,0.7561366558074951
1993-07-20,0.76326984167099
1993-07-21,0.76326984167099
1993-07-22,0.76326984167099
1993-07-23,0.7561366558074951
1993-07-26,0.76326984167099
1993-07-27,0.7704036831855774
1993-07-28,0.76326984167099
1993-07-29,0.7704036831855774
1993-07-30,0.76326984167099
1993-08-02,0.7704036831855774
1993-08-03,0.7704036831855774
1993-08-04,0.7704036831855774
1993-08-05,0.7704036831855774
1993-08-06,0.7561366558074951
1993-08-09,0.76326984167099
1993-08-10,0.76326984167099
1993-08-11,0.76326984167099
1993-08-12,0.76326984167099
1993-08-13,0.7704036831855774
1993-08-16,0.7704036831855774
1993-08-17,0.7775372862815857
1993-08-18,0.7846702337265015
1993-08-19,0.7775372862815857
1993-08-20,0.7846702337265015
1993-08-23,0.7846702337265015
1993-08-24,0.7775372862815857
1993-08-25,0.7775372862815857
1993-08-26,0.7775372862815857
1993-08-27,0.7775372862815857
1993-08-30,0.7775372862815857
1993-08-31,0.7775372862815857
1993-09-01,0.7775372862815857
1993-09-02,0.7846702337265015
1993-09-03,0.791803777217865
1993-09-07,0.7846702337265015
1993-09-08,0.7775372862815857
1993-09-09,0.7775372862815857
1993-09-10,0.7846702337265015
1993-09-13,0.7989368438720703
1993-09-14,0.791803777217865
1993-09-15,0.7989368438720703
1993-09-16,0.7846702337265015
1993-09-17,0.7775372862815857
1993-09-20,0.7846702337265015
1993-09-21,0.7704036831855774
1993-09-22,0.7704036831855774
1993-09-23,0.7704036831855774
1993-09-24,0.7704036831855774
1993-09-27,0.76326984167099
1993-09-28,0.7704036831855774
1993-09-29,0.7775372862815857
1993-09-30,0.7846702337265015
1993-10-01,0.7775372862815857
1993-10-04,0.7704036831855774
1993-10-05,0.7775372862815857
1993-10-06,0.7704036831855774
1993-10-07,0.7775372862815857
1993-10-08,0.7775372862815857
1993-10-11,0.791803777217865
1993-10-12,0.7989368438720703
1993-10-13,0.8060703873634338
1993-10-14,0.8060703873634338
1993-10-15,0.7989368438720703
1993-10-18,0.7989368438720703
1993-10-19,0.7989368438720703
1993-10-20,0.7989368438720703
1993-10-21,0.7989368438720703
1993-10-22,0.7989368438720703
1993-10-25,0.8060703873634338
1993-10-26,0.8060703873634338
1993-10-27,0.8060703873634338
1993-10-28,0.8060703873634338
1993-10-29,0.8132038712501526
1993-11-01,0.8060703873634338
1993-11-02,0.8060703873634338
1993-11-03,0.8060703873634338
1993-11-04,0.7846702337265015
1993-11-05,0.7846702337265015
1993-11-08,0.7989368438720703
1993-11-09,0.791803777217865
1993-11-10,0.791803777217865
1993-11-11,0.7989368438720703
1993-11-12,0.791803777217865
1993-11-15,0.791803777217865
1993-11-16,0.7846702337265015
1993-11-17,0.791803777217865
1993-11-18,0.7846702337265015
1993-11-19,0.7846702337265015
1993-11-22,0.7775372862815857
1993-11-23,0.7846702337265015
1993-11-24,0.791803777217865
1993-11-26,0.791803777217865
1993-11-29,0.7989368438720703
1993-11-30,0.791803777217865
1993-12-01,0.791803777217865
1993-12-02,0.791803777217865
1993-12-03,0.791803777217865
1993-12-06,0.7846702337265015
1993-12-07,0.7846702337265015
1993-12-08,0.791803777217865
1993-12-09,0.7846702337265015
1993-12-10,0.791803777217865
1993-12-13,0.7846702337265015
1993-12-14,0.7775372862815857
1993-12-15,0.7775372862815857
1993-12-16,0.7775372862815857
1993-12-17,0.7775372862815857
1993-12-20,0.7775372862815857
1993-12-21,0.7704036831855774
1993-12-22,0.7775372862815857
1993-12-23,0.7704036831855774
1993-12-27,0.7953559756278992
1993-12-28,0.7953559756278992
1993-12-29,0.7953559756278992
1993-12-30,0.8031532764434814
1993-12-31,0.8031532764434814
1994-01-03,0.8031532764434814
1994-01-04,0.8031532764434814
1994-01-05,0.8031532764434814
1994-01-06,0.8031532764434814
1994-01-07,0.8031532764434814
1994-01-10,0.8187485337257385
1994-01-11,0.8187485337257385
1994-01-12,0.8187485337257385
1994-01-13,0.8187485337257385
1994-01-14,0.8031532764434814
1994-01-17,0.8031532764434814
1994-01-18,0.8031532764434814
1994-01-19,0.8109511733055115
1994-01-20,0.8109511733055115
1994-01-21,0.8109511733055115
1994-01-24,0.8187485337257385
1994-01-25,0.8187485337257385
1994-01-26,0.8187485337257385
1994-01-27,0.8265460729598999
1994-01-28,0.8187485337257385
1994-01-31,0.8265460729598999
1994-02-01,0.8265460729598999
1994-02-02,0.8343435525894165
1994-02-03,0.8265460729598999
1994-02-04,0.8031532764434814
1994-02-07,0.8109511733055115
1994-02-08,0.7953559756278992
1994-02-09,0.8031532764434814
1994-02-10,0.8109511733055115
1994-02-11,0.8109511733055115
1994-02-14,0.8109511733055115
1994-02-15,0.8109511733055115
1994-02-16,0.8109511733055115
1994-02-17,0.8187485337257385
1994-02-18,0.7953559756278992
1994-02-22,0.8031532764434814
1994-02-23,0.8031532764434814
1994-02-24,0.7953559756278992
1994-02-25,0.7875583171844482
1994-02-28,0.8109511733055115
1994-03-01,0.8031532764434814
1994-03-02,0.8031532764434814
1994-03-03,0.8031532764434814
1994-03-04,0.8031532764434814
1994-03-07,0.8031532764434814
1994-03-08,0.8109511733055115
1994-03-09,0.8109511733055115
1994-03-10,0.8109511733055115
1994-03-11,0.8109511733055115
1994-03-14,0.8031532764434814
1994-03-15,0.7953559756278992
1994-03-16,0.8109511733055115
1994-03-17,0.8109511733055115
1994-03-18,0.8109511733055115
1994-03-21,0.7953559756278992
1994-03-22,0.7953559756278992
1994-03-23,0.8031532764434814
1994-03-24,0.8031532764434814
1994-03-25,0.8109511733055115
1994-03-28,0.8031532764434814
1994-03-29,0.7797612547874451
1994-03-30,0.7797612547874451
1994-03-31,0.7641652226448059
1994-04-04,0.7719630599021912
1994-04-05,0.7953559756278992
1994-04-06,0.7953559756278992
1994-04-07,0.7953559756278992
1994-04-08,0.7953559756278992
1994-04-11,0.7953559756278992
1994-04-12,0.7875583171844482
1994-04-13,0.7719630599021912
1994-04-14,0.7641652226448059
1994-04-15,0.7797612547874451
1994-04-18,0.7641652226448059
1994-04-19,0.7641652226448059
1994-04-20,0.7563678622245789
1994-04-21,0.7719630599021912
1994-04-22,0.7719630599021912
1994-04-25,0.7875583171844482
1994-04-26,0.7875583171844482
1994-04-28,0.7719630599021912
1994-04-29,0.7797612547874451
1994-05-02,0.7875583171844482
1994-05-03,0.7797612547874451
1994-05-04,0.7797612547874451
1994-05-05,0.7797612547874451
1994-05-06,0.7563678622245789
1994-05-09,0.7641652226448059
1994-05-10,0.7719630599021912
1994-05-11,0.7563678622245789
1994-05-12,0.7641652226448059
1994-05-13,0.7563678622245789
1994-05-16,0.7641652226448059
1994-05-17,0.7407726049423218
1994-05-18,0.7563678622245789
1994-05-19,0.7641652226448059
1994-05-20,0.7641652226448059
1994-05-23,0.7563678622245789
1994-05-24,0.7719630599021912
1994-05-25,0.7719630599021912
1994-05-26,0.7719630599021912
1994-05-27,0.7641652226448059
1994-05-31,0.7719630599021912
1994-06-01,0.7641652226448059
1994-06-02,0.7641652226448059
1994-06-03,0.7719630599021912
1994-06-06,0.7797612547874451
1994-06-07,0.7641652226448059
1994-06-08,0.7719630599021912
1994-06-09,0.7641652226448059
1994-06-10,0.7641652226448059
1994-06-13,0.7719630599021912
1994-06-14,0.7719630599021912
1994-06-15,0.7797612547874451
1994-06-16,0.7797612547874451
1994-06-17,0.7719630599021912
1994-06-20,0.7719630599021912
1994-06-21,0.7641652226448059
1994-06-22,0.7719630599021912
1994-06-23,0.7719630599021912
1994-06-24,0.7563678622245789
1994-06-27,0.7719630599021912
1994-06-28,0.7719630599021912
1994-06-29,0.7641652226448059
1994-06-30,0.7641652226448059
1994-07-01,0.7485698461532593
1994-07-05,0.7641652226448059
1994-07-06,0.7485698461532593
1994-07-07,0.7563678622245789
1994-07-08,0.7563678622245789
1994-07-11,0.7563678622245789
1994-07-12,0.7641652226448059
1994-07-13,0.7641652226448059
1994-07-14,0.7641652226448059
1994-07-15,0.7641652226448059
1994-07-18,0.7641652226448059
1994-07-19,0.7719630599021912
1994-07-20,0.7641652226448059
1994-07-21,0.7641652226448059
1994-07-22,0.7641652226448059
1994-07-25,0.7719630599021912
1994-07-26,0.7719630599021912
1994-07-27,0.7719630599021912
1994-07-28,0.7641652226448059
1994-07-29,0.7719630599021912
1994-08-01,0.7797612547874451
1994-08-02,0.7719630599021912
1994-08-03,0.7797612547874451
1994-08-04,0.7797612547874451
1994-08-05,0.7719630599021912
1994-08-08,0.7719630599021912
1994-08-09,0.7797612547874451
1994-08-10,0.7875583171844482
1994-08-11,0.7797612547874451
1994-08-12,0.7875583171844482
1994-08-15,0.7719630599021912
1994-08-16,0.7797612547874451
1994-08-17,0.7719630599021912
1994-08-18,0.7719630599021912
1994-08-19,0.7719630599021912
1994-08-22,0.7641652226448059
1994-08-23,0.7719630599021912
1994-08-24,0.7797612547874451
1994-08-25,0.7719630599021912
1994-08-26,0.7797612547874451
1994-08-29,0.7719630599021912
1994-08-30,0.7797612547874451
1994-08-31,0.7875583171844482
1994-09-01,0.7719630599021912
1994-09-02,0.7875583171844482
1994-09-06,0.7875583171844482
1994-09-07,0.7719630599021912
1994-09-08,0.7797612547874451
1994-09-09,0.7719630599021912
1994-09-12,0.7641652226448059
1994-09-13,0.7719630599021912
1994-09-14,0.7719630599021912
1994-09-15,0.7719630599021912
1994-09-16,0.7719630599021912
1994-09-19,0.7719630599021912
1994-09-20,0.7641652226448059
1994-09-21,0.7641652226448059
1994-09-22,0.7485698461532593
1994-09-23,0.7485698461532593
1994-09-26,0.7407726049423218
1994-09-27,0.7407726049423218
1994-09-28,0.7407726049423218
1994-09-29,0.7407726049423218
1994-09-30,0.7485698461532593
1994-10-03,0.7407726049423218
1994-10-04,0.7485698461532593
1994-10-05,0.7407726049423218
1994-10-06,0.7329752445220947
1994-10-07,0.7407726049423218
1994-10-10,0.7407726049423218
1994-10-11,0.7407726049423218
1994-10-12,0.7407726049423218
1994-10-13,0.7407726049423218
1994-10-14,0.7407726049423218
1994-10-17,0.7329752445220947
1994-10-18,0.7329752445220947
1994-10-19,0.7329752445220947
1994-10-20,0.7407726049423218
1994-10-21,0.7407726049423218
1994-10-24,0.7251772880554199
1994-10-25,0.7173798680305481
1994-10-26,0.7173798680305481
1994-10-27,0.7251772880554199
1994-10-28,0.7251772880554199
1994-10-31,0.7251772880554199
1994-11-01,0.7329752445220947
1994-11-02,0.7329752445220947
1994-11-03,0.7251772880554199
1994-11-04,0.7329752445220947
1994-11-07,0.7407726049423218
1994-11-08,0.7329752445220947
1994-11-09,0.7329752445220947
1994-11-10,0.7251772880554199
1994-11-11,0.7251772880554199
1994-11-14,0.7329752445220947
1994-11-15,0.7251772880554199
1994-11-16,0.7329752445220947
1994-11-17,0.7407726049423218
1994-11-18,0.7407726049423218
1994-11-21,0.7641652226448059
1994-11-22,0.7641652226448059
1994-11-23,0.7563678622245789
1994-11-25,0.7485698461532593
1994-11-28,0.7485698461532593
1994-11-29,0.7563678622245789
1994-11-30,0.7563678622245789
1994-12-01,0.7485698461532593
1994-12-02,0.7641652226448059
1994-12-05,0.7563678622245789
1994-12-06,0.7641652226448059
1994-12-07,0.7485698461532593
1994-12-08,0.7407726049423218
1994-12-09,0.7407726049423218
1994-12-12,0.7485698461532593
1994-12-13,0.6945662498474121
1994-12-14,0.7101737856864929
1994-12-15,0.7101737856864929
1994-12-16,0.7101737856864929
1994-12-19,0.7101737856864929
1994-12-20,0.7023696899414062
1994-12-21,0.7101737856864929
1994-12-22,0.7179782390594482
1994-12-23,0.7023696899414062
1994-12-27,0.7023696899414062
1994-12-28,0.7023696899414062
1994-12-29,0.7023696899414062
1994-12-30,0.6867615580558777
1995-01-03,0.7101737856864929
1995-01-04,0.7023696899414062
1995-01-05,0.7179782390594482
1995-01-06,0.7335866689682007
1995-01-09,0.7413904070854187
1995-01-10,0.7335866689682007
1995-01-11,0.7335866689682007
1995-01-12,0.7335866689682007
1995-01-13,0.7257822751998901
1995-01-16,0.7257822751998901
1995-01-17,0.7257822751998901
1995-01-18,0.7335866689682007
1995-01-19,0.7257822751998901
1995-01-20,0.7335866689682007
1995-01-23,0.7179782390594482
1995-01-24,0.7179782390594482
1995-01-25,0.7257822751998901
1995-01-26,0.7257822751998901
1995-01-27,0.7179782390594482
1995-01-30,0.7257822751998901
1995-01-31,0.7257822751998901
1995-02-01,0.7179782390594482
1995-02-02,0.7335866689682007
1995-02-03,0.7179782390594482
1995-02-06,0.7257822751998901
1995-02-07,0.7257822751998901
1995-02-08,0.7335866689682007
1995-02-09,0.7335866689682007
1995-02-10,0.7335866689682007
1995-02-13,0.7413904070854187
1995-02-14,0.7257822751998901
1995-02-15,0.7335866689682007
1995-02-16,0.7413904070854187
1995-02-17,0.7335866689682007
1995-02-21,0.7335866689682007
1995-02-22,0.7257822751998901
1995-02-23,0.7335866689682007
1995-02-24,0.7335866689682007
1995-02-27,0.7413904070854187
1995-02-28,0.7335866689682007
1995-03-01,0.7335866689682007
1995-03-02,0.7335866689682007
1995-03-03,0.7335866689682007
1995-03-06,0.7179782390594482
1995-03-07,0.7023696899414062
1995-03-08,0.7101737856864929
1995-03-09,0.7179782390594482
1995-03-10,0.7179782390594482
1995-03-13,0.7257822751998901
1995-03-14,0.7179782390594482
1995-03-15,0.7257822751998901
1995-03-16,0.7257822751998901
1995-03-17,0.7179782390594482
1995-03-20,0.7179782390594482
1995-03-21,0.7179782390594482
1995-03-22,0.7179782390594482
1995-03-23,0.7179782390594482
1995-03-24,0.7101737856864929
1995-03-27,0.7179782390594482
1995-03-28,0.7179782390594482
1995-03-29,0.7101737856864929
1995-03-30,0.7179782390594482
1995-03-31,0.7101737856864929
1995-04-03,0.7023696899414062
1995-04-04,0.7101737856864929
1995-04-05,0.7101737856864929
1995-04-06,0.7179782390594482
1995-04-07,0.7101737856864929
1995-04-10,0.7101737856864929
1995-04-11,0.7179782390594482
1995-04-12,0.7179782390594482
1995-04-13,0.7257822751998901
1995-04-17,0.7257822751998901
1995-04-18,0.7101737856864929
1995-04-19,0.7179782390594482
1995-04-20,0.7179782390594482
1995-04-21,0.7179782390594482
1995-04-24,0.7257822751998901
1995-04-25,0.7257822751998901
1995-04-26,0.7335866689682007
1995-04-27,0.7413904070854187
1995-04-28,0.7413904070854187
1995-05-01,0.7335866689682007
1995-05-02,0.7413904070854187
1995-05-03,0.7335866689682007
1995-05-04,0.7335866689682007
1995-05-05,0.7413904070854187
1995-05-08,0.7413904070854187
1995-05-09,0.7335866689682007
1995-05-10,0.7413904070854187
1995-05-11,0.7413904070854187
1995-05-12,0.7491945028305054
1995-05-15,0.7491945028305054
1995-05-16,0.7491945028305054
1995-05-17,0.7491945028305054
1995-05-18,0.7335866689682007
1995-05-19,0.7335866689682007
1995-05-22,0.7413904070854187
1995-05-23,0.7491945028305054
1995-05-24,0.7413904070854187
1995-05-25,0.764802873134613
1995-05-26,0.764802873134613
1995-05-30,0.756998598575592
1995-05-31,0.756998598575592
1995-06-01,0.764802873134613
1995-06-02,0.756998598575592
1995-06-05,0.764802873134613
1995-06-06,0.764802873134613
1995-06-07,0.756998598575592
1995-06-08,0.756998598575592
1995-06-09,0.756998598575592
1995-06-12,0.756998598575592
1995-06-13,0.7726069092750549
1995-06-14,0.764802873134613
1995-06-15,0.764802873134613
1995-06-16,0.756998598575592
1995-06-19,0.764802873134613
1995-06-20,0.7726069092750549
1995-06-21,0.7726069092750549
1995-06-22,0.764802873134613
1995-06-23,0.764802873134613
1995-06-26,0.7491945028305054
1995-06-27,0.7491945028305054
1995-06-28,0.756998598575592
1995-06-29,0.756998598575592
1995-06-30,0.7491945028305054
1995-07-03,0.7491945028305054
1995-07-05,0.7491945028305054
1995-07-06,0.756998598575592
1995-07-07,0.764802873134613
1995-07-10,0.7804114818572998
1995-07-11,0.7726069092750549
1995-07-12,0.7726069092750549
1995-07-13,0.7726069092750549
1995-07-14,0.764802873134613
1995-07-17,0.7804114818572998
1995-07-18,0.788215160369873
1995-07-19,0.756998598575592
1995-07-20,0.756998598575592
1995-07-21,0.7491945028305054
1995-07-24,0.7804114818572998
1995-07-25,0.7804114818572998
1995-07-26,0.7726069092750549
1995-07-27,0.7726069092750549
1995-07-28,0.7726069092750549
1995-07-31,0.788215160369873
1995-08-01,0.7804114818572998
1995-08-02,0.788215160369873
1995-08-03,0.7726069092750549
1995-08-04,0.7804114818572998
1995-08-07,0.7726069092750549
1995-08-08,0.7804114818572998
1995-08-09,0.7804114818572998
1995-08-10,0.788215160369873
1995-08-11,0.796019434928894
1995-08-14,0.8038232326507568
1995-08-15,0.788215160369873
1995-08-16,0.796019434928894
1995-08-17,0.796019434928894
1995-08-18,0.8038232326507568
1995-08-21,0.8038232326507568
1995-08-22,0.8038232326507568
1995-08-23,0.8038232326507568
1995-08-24,0.8038232326507568
1995-08-25,0.796019434928894
1995-08-28,0.8038232326507568
1995-08-29,0.827235758304596
1995-08-30,0.827235758304596
1995-08-31,0.8194313049316406
1995-09-01,0.827235758304596
1995-09-05,0.8584522008895874
1995-09-06,0.8428439497947693
1995-09-07,0.8428439497947693
1995-09-08,0.8428439497947693
1995-09-11,0.8428439497947693
1995-09-12,0.8584522008895874
1995-09-13,0.8506483435630798
1995-09-14,0.8506483435630798
1995-09-15,0.8506483435630798
1995-09-18,0.8428439497947693
1995-09-19,0.8428439497947693
1995-09-20,0.8428439497947693
1995-09-21,0.8428439497947693
1995-09-22,0.835039496421814
1995-09-25,0.835039496421814
1995-09-26,0.835039496421814
1995-09-27,0.827235758304596
1995-09-28,0.827235758304596
1995-09-29,0.8428439497947693
1995-10-02,0.835039496421814
1995-10-03,0.827235758304596
1995-10-04,0.827235758304596
1995-10-05,0.8194313049316406
1995-10-06,0.827235758304596
1995-10-09,0.8116273880004883
1995-10-10,0.796019434928894
1995-10-11,0.8038232326507568
1995-10-12,0.8116273880004883
1995-10-13,0.8038232326507568
1995-10-16,0.796019434928894
1995-10-17,0.796019434928894
1995-10-18,0.796019434928894
1995-10-19,0.796019434928894
1995-10-20,0.8038232326507568
1995-10-23,0.796019434928894
1995-10-24,0.796019434928894
1995-10-25,0.796019434928894
1995-10-26,0.8038232326507568
1995-10-27,0.796019434928894
1995-10-30,0.796019434928894
1995-10-31,0.8038232326507568
1995-11-01,0.8038232326507568
1995-11-02,0.8038232326507568
1995-11-03,0.796019434928894
1995-11-06,0.796019434928894
1995-11-07,0.8038232326507568
1995-11-08,0.8038232326507568
1995-11-09,0.796019434928894
1995-11-10,0.8038232326507568
1995-11-13,0.8038232326507568
1995-11-14,0.8038232326507568
1995-11-15,0.8116273880004883
1995-11-16,0.8116273880004883
1995-11-17,0.8116273880004883
1995-11-20,0.8194313049316406
1995-11-21,0.8194313049316406
1995-11-22,0.8116273880004883
1995-11-24,0.8038232326507568
1995-11-27,0.8116273880004883
1995-11-28,0.8116273880004883
1995-11-29,0.8194313049316406
1995-11-30,0.827235758304596
1995-12-01,0.827235758304596
1995-12-04,0.835039496421814
1995-12-05,0.863715410232544
1995-12-06,0.846440851688385
1995-12-07,0.846440851688385
1995-12-08,0.863715410232544
1995-12-11,0.846440851688385
1995-12-12,0.8378034830093384
1995-12-13,0.8378034830093384
1995-12-14,0.8378034830093384
1995-12-15,0.8378034830093384
1995-12-18,0.8291664123535156
1995-12-19,0.8378034830093384
1995-12-20,0.8378034830093384
1995-12-21,0.8378034830093384
1995-12-22,0.8378034830093384
1995-12-26,0.8378034830093384
1995-12-27,0.8378034830093384
1995-12-28,0.8205292820930481
1995-12-29,0.8205292820930481
1996-01-02,0.8291664123535156
1996-01-03,0.846440851688385
1996-01-04,0.8378034830093384
1996-01-05,0.846440851688385
1996-01-08,0.846440851688385
1996-01-09,0.846440851688385
1996-01-10,0.8378034830093384
1996-01-11,0.8378034830093384
1996-01-12,0.8378034830093384
1996-01-15,0.846440851688385
1996-01-16,0.846440851688385
1996-01-17,0.855077862739563
1996-01-18,0.855077862739563
1996-01-19,0.855077862739563
1996-01-22,0.855077862739563
1996-01-23,0.846440851688385
1996-01-24,0.8421223163604736
1996-01-25,0.846440851688385
1996-01-26,0.846440851688385
1996-01-29,0.855077862739563
1996-01-30,0.855077862739563
1996-01-31,0.855077862739563
1996-02-01,0.855077862739563
1996-02-02,0.846440851688385
1996-02-05,0.846440851688385
1996-02-06,0.846440851688385
1996-02-07,0.8378034830093384
1996-02-08,0.846440851688385
1996-02-09,0.846440851688385
1996-02-12,0.8378034830093384
1996-02-13,0.8378034830093384
1996-02-14,0.846440851688385
1996-02-15,0.8291664123535156
1996-02-16,0.8291664123535156
1996-02-20,0.8205292820930481
1996-02-21,0.8205292820930481
1996-02-22,0.8291664123535156
1996-02-23,0.8291664123535156
1996-02-26,0.8291664123535156
1996-02-27,0.8291664123535156
1996-02-28,0.8378034830093384
1996-02-29,0.8378034830093384
1996-03-01,0.8378034830093384
1996-03-04,0.8291664123535156
1996-03-05,0.846440851688385
1996-03-06,0.8378034830093384
1996-03-07,0.855077862739563
1996-03-08,0.8378034830093384
1996-03-11,0.8378034830093384
1996-03-12,0.8378034830093384
1996-03-13,0.8378034830093384
1996-03-14,0.8378034830093384
1996-03-15,0.8378034830093384
1996-03-18,0.846440851688385
1996-03-19,0.846440851688385
1996-03-20,0.8378034830093384
1996-03-21,0.8378034830093384
1996-03-22,0.846440851688385
1996-03-25,0.8378034830093384
1996-03-26,0.8378034830093384
1996-03-27,0.846440851688385
1996-03-28,0.846440851688385
1996-03-29,0.846440851688385
1996-04-01,0.8378034830093384
1996-04-02,0.8378034830093384
1996-04-03,0.8378034830093384
1996-04-04,0.846440851688385
1996-04-08,0.8291664123535156
1996-04-09,0.8205292820930481
1996-04-10,0.8378034830093384
1996-04-11,0.8291664123535156
1996-04-12,0.8378034830093384
1996-04-15,0.846440851688385
1996-04-16,0.846440851688385
1996-04-17,0.833484947681427
1996-04-18,0.846440851688385
1996-04-19,0.846440851688385
1996-04-22,0.846440851688385
1996-04-23,0.846440851688385
1996-04-24,0.846440851688385
1996-04-25,0.846440851688385
1996-04-26,0.846440851688385
1996-04-29,0.855077862739563
1996-04-30,0.846440851688385
1996-05-01,0.855077862739563
1996-05-02,0.855077862739563
1996-05-03,0.855077862739563
1996-05-06,0.846440851688385
1996-05-07,0.855077862739563
1996-05-08,0.8378034830093384
1996-05-09,0.855077862739563
1996-05-10,0.855077862739563
1996-05-13,0.863715410232544
1996-05-14,0.8723523020744324
1996-05-15,0.863715410232544
1996-05-16,0.8723523020744324
1996-05-17,0.863715410232544
1996-05-20,0.863715410232544
1996-05-21,0.863715410232544
1996-05-22,0.863715410232544
1996-05-23,0.8723523020744324
1996-05-24,0.8723523020744324
1996-05-28,0.863715410232544
1996-05-29,0.8723523020744324
1996-05-30,0.8723523020744324
1996-05-31,0.8723523020744324
1996-06-03,0.8723523020744324
1996-06-04,0.8809894323348999
1996-06-05,0.8896264433860779
1996-06-06,0.8809894323348999
1996-06-07,0.8723523020744324
1996-06-10,0.8723523020744324
1996-06-11,0.8809894323348999
1996-06-12,0.8723523020744324
1996-06-13,0.863715410232544
1996-06-14,0.8723523020744324
1996-06-17,0.863715410232544
1996-06-18,0.863715410232544
1996-06-19,0.863715410232544
1996-06-20,0.863715410232544
1996-06-21,0.855077862739563
1996-06-24,0.863715410232544
1996-06-25,0.863715410232544
1996-06-26,0.8378034830093384
1996-06-27,0.8378034830093384
1996-06-28,0.855077862739563
1996-07-01,0.855077862739563
1996-07-02,0.855077862739563
1996-07-03,0.846440851688385
1996-07-05,0.8291664123535156
1996-07-08,0.8291664123535156
1996-07-09,0.8378034830093384
1996-07-10,0.8378034830093384
1996-07-11,0.8291664123535156
1996-07-12,0.8118924498558044
1996-07-15,0.7946180701255798
1996-07-16,0.803255021572113
1996-07-17,0.8118924498558044
1996-07-18,0.8291664123535156
1996-07-19,0.8205292820930481
1996-07-22,0.8205292820930481
1996-07-23,0.8118924498558044
1996-07-24,0.8118924498558044
1996-07-25,0.803255021572113
1996-07-26,0.8118924498558044
1996-07-29,0.803255021572113
1996-07-30,0.8118924498558044
1996-07-31,0.803255021572113
1996-08-01,0.803255021572113
1996-08-02,0.8205292820930481
1996-08-05,0.8205292820930481
1996-08-06,0.8118924498558044
1996-08-07,0.8118924498558044
1996-08-08,0.803255021572113
1996-08-09,0.803255021572113
1996-08-12,0.8118924498558044
1996-08-13,0.803255021572113
1996-08-14,0.8118924498558044
1996-08-15,0.8205292820930481
1996-08-16,0.8205292820930481
1996-08-19,0.8118924498558044
1996-08-20,0.8205292820930481
1996-08-21,0.8291664123535156
1996-08-22,0.8291664123535156
1996-08-23,0.8291664123535156
1996-08-26,0.8291664123535156
1996-08-27,0.8378034830093384
1996-08-28,0.846440851688385
1996-08-29,0.8378034830093384
1996-08-30,0.846440851688385
1996-09-03,0.8378034830093384
1996-09-04,0.846440851688385
1996-09-05,0.8378034830093384
1996-09-06,0.855077862739563
1996-09-09,0.855077862739563
1996-09-10,0.863715410232544
1996-09-11,0.8723523020744324
1996-09-12,0.8896264433860779
1996-09-13,0.8896264433860779
1996-09-16,0.8896264433860779
1996-09-17,0.8809894323348999
1996-09-18,0.8896264433860779
1996-09-19,0.8809894323348999
1996-09-20,0.8896264433860779
1996-09-23,0.8809894323348999
1996-09-24,0.8809894323348999
1996-09-25,0.8809894323348999
1996-09-26,0.8723523020744324
1996-09-27,0.8723523020744324
1996-09-30,0.8723523020744324
1996-10-01,0.8723523020744324
1996-10-02,0.8809894323348999
1996-10-03,0.8809894323348999
1996-10-04,0.8896264433860779
1996-10-07,0.8896264433860779
1996-10-08,0.8809894323348999
1996-10-09,0.8809894323348999
1996-10-10,0.8723523020744324
1996-10-11,0.863715410232544
1996-10-14,0.863715410232544
1996-10-15,0.8723523020744324
1996-10-16,0.863715410232544
1996-10-17,0.863715410232544
1996-10-18,0.863715410232544
1996-10-21,0.863715410232544
1996-10-22,0.863715410232544
1996-10-23,0.863715410232544
1996-10-24,0.855077862739563
1996-10-25,0.855077862739563
1996-10-28,0.855077862739563
1996-10-29,0.855077862739563
1996-10-30,0.855077862739563
1996-10-31,0.855077862739563
1996-11-01,0.846440851688385
1996-11-04,0.846440851688385
1996-11-05,0.846440851688385
1996-11-06,0.846440851688385
1996-11-07,0.846440851688385
1996-11-08,0.855077862739563
1996-11-11,0.855077862739563
1996-11-12,0.855077862739563
1996-11-13,0.855077862739563
1996-11-14,0.863715410232544
1996-11-15,0.863715410232544
1996-11-18,0.855077862739563
1996-11-19,0.863715410232544
1996-11-20,0.863715410232544
1996-11-21,0.863715410232544
1996-11-22,0.863715410232544
1996-11-25,0.8723523020744324
1996-11-26,0.8809894323348999
1996-11-27,0.8896264433860779
1996-11-29,0.8896264433860779
1996-12-02,0.8982639312744141
1996-12-03,0.9069004058837891
1996-12-04,0.9371938109397888
1996-12-05,0.9277274012565613
1996-12-06,0.918260931968689
1996-12-09,0.9277274012565613
1996-12-10,0.9277274012565613
1996-12-11,0.918260931968689
1996-12-12,0.918260931968689
1996-12-13,0.9371938109397888
1996-12-16,0.9277274012565613
1996-12-17,0.9277274012565613
1996-12-18,0.9277274012565613
1996-12-19,0.9371938109397888
1996-12-20,0.9561273455619812
1996-12-23,0.9561273455619812
1996-12-24,0.9561273455619812
1996-12-26,0.9466609954833984
1996-12-27,0.9466609954833984
1996-12-30,0.9466609954833984
1996-12-31,0.9561273455619812
1997-01-02,0.9277274012565613
1997-01-03,0.9277274012565613
1997-01-06,0.9371938109397888
1997-01-07,0.9277274012565613
1997-01-08,0.9277274012565613
1997-01-09,0.9324610233306885
1997-01-10,0.9277274012565613
1997-01-13,0.918260931968689
1997-01-14,0.918260931968689
1997-01-15,0.9277274012565613
1997-01-16,0.9277274012565613
1997-01-17,0.9277274012565613
1997-01-20,0.9277274012565613
1997-01-21,0.9277274012565613
1997-01-22,0.9371938109397888
1997-01-23,0.9466609954833984
1997-01-24,0.9371938109397888
1997-01-27,0.9371938109397888
1997-01-28,0.9277274012565613
1997-01-29,0.9371938109397888
1997-01-30,0.9371938109397888
1997-01-31,0.9371938109397888
1997-02-03,0.9466609954833984
1997-02-04,0.9371938109397888
1997-02-05,0.9277274012565613
1997-02-06,0.9277274012565613
1997-02-07,0.9371938109397888
1997-02-10,0.9371938109397888
1997-02-11,0.9371938109397888
1997-02-12,0.9371938109397888
1997-02-13,0.9371938109397888
1997-02-14,0.9371938109397888
1997-02-18,0.9561273455619812
1997-02-19,0.9561273455619812
1997-02-20,0.9466609954833984
1997-02-21,0.9466609954833984
1997-02-24,0.9561273455619812
1997-02-25,0.9466609954833984
1997-02-26,0.9371938109397888
1997-02-27,0.9466609954833984
1997-02-28,0.9466609954833984
1997-03-03,0.9466609954833984
1997-03-04,0.9466609954833984
1997-03-05,0.9371938109397888
1997-03-06,0.9371938109397888
1997-03-07,0.9466609954833984
1997-03-10,0.9466609954833984
1997-03-11,0.9466609954833984
1997-03-12,0.9419274926185608
1997-03-13,0.9419274926185608
1997-03-14,0.9371938109397888
1997-03-17,0.9371938109397888
1997-03-18,0.9371938109397888
1997-03-19,0.9277274012565613
1997-03-20,0.9277274012565613
1997-03-21,0.9277274012565613
1997-03-24,0.9371938109397888
1997-03-25,0.918260931968689
1997-03-26,0.918260931968689
1997-03-27,0.8993278741836548
1997-03-31,0.8898608684539795
1997-04-01,0.8993278741836548
1997-04-02,0.8803949952125549
1997-04-03,0.8709280490875244
1997-04-04,0.8803949952125549
1997-04-07,0.8898608684539795
1997-04-08,0.8898608684539795
1997-04-09,0.8898608684539795
1997-04-10,0.8898608684539795
1997-04-11,0.8803949952125549
1997-04-14,0.8993278741836548
1997-04-15,0.9087940454483032
1997-04-16,0.8993278741836548
1997-04-17,0.8993278741836548
1997-04-18,0.9087940454483032
1997-04-21,0.8993278741836548
1997-04-22,0.8993278741836548
1997-04-23,0.8993278741836548
1997-04-24,0.8993278741836548
1997-04-25,0.8898608684539795
1997-04-28,0.8898608684539795
1997-04-29,0.9087940454483032
1997-04-30,0.8993278741836548
1997-05-01,0.9087940454483032
1997-05-02,0.9277274012565613
1997-05-05,0.9466609954833984
1997-05-06,0.9466609954833984
1997-05-07,0.9371938109397888
1997-05-08,0.9466609954833984
1997-05-09,0.9466609954833984
1997-05-12,0.9466609954833984
1997-05-13,0.9466609954833984
1997-05-14,0.9561273455619812
1997-05-15,0.9466609954833984
1997-05-16,0.9466609954833984
1997-05-19,0.9466609954833984
1997-05-20,0.9466609954833984
1997-05-21,0.9371938109397888
1997-05-22,0.9466609954833984
1997-05-23,0.9561273455619812
1997-05-27,0.9655939340591431
1997-05-28,0.9655939340591431
1997-05-29,0.9655939340591431
1997-05-30,0.9655939340591431
1997-06-02,0.9892604947090149
1997-06-03,0.9939935207366943
1997-06-04,0.9939935207366943
1997-06-05,1.00346040725708
1997-06-06,1.0129268169403076
1997-06-09,1.0223932266235352
1997-06-10,1.0413267612457275
1997-06-11,1.0413267612457275
1997-06-12,1.0697269439697266
1997-06-13,1.0602593421936035
1997-06-16,1.0507936477661133
1997-06-17,1.0413267612457275
1997-06-18,1.0413267612457275
1997-06-19,1.0507936477661133
1997-06-20,1.0413267612457275
1997-06-23,1.0413267612457275
1997-06-24,1.0460606813430786
1997-06-25,1.0460606813430786
1997-06-26,1.0365937948226929
1997-06-27,1.0365937948226929
1997-06-30,1.0413267612457275
1997-07-01,1.0365937948226929
1997-07-02,1.0602593421936035
1997-07-03,1.0791929960250854
1997-07-07,1.0649935007095337
1997-07-08,1.0697269439697266
1997-07-09,1.0602593421936035
1997-07-10,1.0602593421936035
1997-07-11,1.0744602680206299
1997-07-14,1.0839266777038574
1997-07-15,1.0839266777038574
1997-07-16,1.093393325805664
1997-07-17,1.093393325805664
1997-07-18,1.0744602680206299
1997-07-21,1.0697269439697266
1997-07-22,1.0791929960250854
1997-07-23,1.0791929960250854
1997-07-24,1.0791929960250854
1997-07-25,1.0791929960250854
1997-07-28,1.0791929960250854
1997-07-29,1.0697269439697266
1997-07-30,1.0791929960250854
1997-07-31,1.0791929960250854
1997-08-01,1.0744602680206299
1997-08-04,1.0791929960250854
1997-08-05,1.0791929960250854
1997-08-06,1.0839266777038574
1997-08-07,1.1265264749526978
1997-08-08,1.107593059539795
1997-08-11,1.121793508529663
1997-08-12,1.1123266220092773
1997-08-13,1.1170601844787598
1997-08-14,1.1123266220092773
1997-08-15,1.098126769065857
1997-08-18,1.1265264749526978
1997-08-19,1.1312599182128906
1997-08-20,1.1454602479934692
1997-08-21,1.1407263278961182
1997-08-22,1.1312599182128906
1997-08-25,1.1123266220092773
1997-08-26,1.1407263278961182
1997-08-27,1.1501922607421875
1997-08-28,1.1549263000488281
1997-08-29,1.1596592664718628
1997-09-02,1.1738598346710205
1997-09-03,1.1833258867263794
1997-09-04,1.184679388999939
1997-09-05,1.2088571786880493
1997-09-08,1.2088571786880493
1997-09-09,1.2088571786880493
1997-09-10,1.1991865634918213
1997-09-11,1.1991865634918213
1997-09-12,1.2136926651000977
1997-09-15,1.2330340147018433
1997-09-16,1.2378699779510498
1997-09-17,1.2330340147018433
1997-09-18,1.242705225944519
1997-09-19,1.2378699779510498
1997-09-22,1.2572112083435059
1997-09-23,1.2523763179779053
1997-09-24,1.2572112083435059
1997-09-25,1.2475403547286987
1997-09-26,1.2523763179779053
1997-09-29,1.2523763179779053
1997-09-30,1.2572112083435059
1997-10-01,1.2813889980316162
1997-10-02,1.2958943843841553
1997-10-03,1.3104007244110107
1997-10-06,1.3104007244110107
1997-10-07,1.3152368068695068
1997-10-08,1.3104007244110107
1997-10-09,1.3055657148361206
1997-10-10,1.3055657148361206
1997-10-13,1.3104007244110107
1997-10-14,1.3104007244110107
1997-10-15,1.3055657148361206
1997-10-16,1.2910596132278442
1997-10-17,1.2620468139648438
1997-10-20,1.2620468139648438
1997-10-21,1.2813889980316162
1997-10-22,1.2813889980316162
1997-10-23,1.2668825387954712
1997-10-24,1.2523763179779053
1997-10-27,1.1459968090057373
1997-10-28,1.2281986474990845
1997-10-29,1.2136926651000977
1997-10-30,1.1991865634918213
1997-10-31,1.1991865634918213
1997-11-03,1.2281986474990845
1997-11-04,1.2281986474990845
1997-11-05,1.2475403547286987
1997-11-06,1.2523763179779053
1997-11-07,1.242705225944519
1997-11-10,1.2330340147018433
1997-11-11,1.2330340147018433
1997-11-12,1.2136926651000977
1997-11-13,1.2088571786880493
1997-11-14,1.2185277938842773
1997-11-17,1.2330340147018433
1997-11-18,1.2330340147018433
1997-11-19,1.2378699779510498
1997-11-20,1.2668825387954712
1997-11-21,1.2572112083435059
1997-11-24,1.2475403547286987
1997-11-25,1.2523763179779053
1997-11-26,1.2523763179779053
1997-11-28,1.2717177867889404
1997-12-01,1.2765530347824097
1997-12-02,1.2668825387954712
1997-12-03,1.2775108814239502
1997-12-04,1.2826215028762817
1997-12-05,1.2826215028762817
1997-12-08,1.297951579093933
1997-12-09,1.2928410768508911
1997-12-10,1.2826215028762817
1997-12-11,1.2519608736038208
1997-12-12,1.2519608736038208
1997-12-15,1.2621811628341675
1997-12-16,1.2519608736038208
1997-12-17,1.2468507289886475
1997-12-18,1.2161905765533447
1997-12-19,1.2059710025787354
1997-12-22,1.2264103889465332
1997-12-23,1.2008605003356934
1997-12-24,1.2110806703567505
1997-12-26,1.221300721168518
1997-12-29,1.2161905765533447
1997-12-30,1.221300721168518
1997-12-31,1.2315207719802856
1998-01-02,1.2468507289886475
1998-01-05,1.2264103889465332
1998-01-06,1.2161905765533447
1998-01-07,1.2008605003356934
1998-01-08,1.1906400918960571
1998-01-09,1.1446490287780762
1998-01-12,1.1599804162979126
1998-01-13,1.1650899648666382
1998-01-14,1.1650899648666382
1998-01-15,1.1650899648666382
1998-01-16,1.1855303049087524
1998-01-20,1.1957502365112305
1998-01-21,1.1906400918960571
1998-01-22,1.1957502365112305
1998-01-23,1.1957502365112305
1998-01-26,1.1906400918960571
1998-01-27,1.1957502365112305
1998-01-28,1.2008605003356934
1998-01-29,1.2161905765533447
1998-01-30,1.221300721168518
1998-02-02,1.2468507289886475
1998-02-03,1.2468507289886475
1998-02-04,1.2519608736038208
1998-02-05,1.2570710182189941
1998-02-06,1.2775108814239502
1998-02-09,1.2775108814239502
1998-02-10,1.2877309322357178
1998-02-11,1.2877309322357178
1998-02-12,1.297951579093933
1998-02-13,1.2928410768508911
1998-02-17,1.297951579093933
1998-02-18,1.3081719875335693
1998-02-19,1.2877309322357178
1998-02-20,1.2877309322357178
1998-02-23,1.2877309322357178
1998-02-24,1.2928410768508911
1998-02-25,1.3030612468719482
1998-02-26,1.323501706123352
1998-02-27,1.31839120388031
1998-03-02,1.3337218761444092
1998-03-03,1.3388317823410034
1998-03-04,1.348869800567627
1998-03-05,1.333185076713562
1998-03-06,1.3436415195465088
1998-03-09,1.3645541667938232
1998-03-10,1.3802385330200195
1998-03-11,1.3906952142715454
1998-03-12,1.3959236145019531
1998-03-13,1.3959236145019531
1998-03-16,1.4011516571044922
1998-03-17,1.4063798189163208
1998-03-18,1.4168355464935303
1998-03-19,1.437748908996582
1998-03-20,1.463889718055725
1998-03-23,1.4429771900177002
1998-03-24,1.437748908996582
1998-03-25,1.437748908996582
1998-03-26,1.4429771900177002
1998-03-27,1.4272921085357666
1998-03-30,1.4325202703475952
1998-03-31,1.4325202703475952
1998-04-01,1.4272921085357666
1998-04-02,1.4325202703475952
1998-04-03,1.4272921085357666
1998-04-06,1.4429771900177002
1998-04-07,1.4325202703475952
1998-04-08,1.4220643043518066
1998-04-09,1.4272921085357666
1998-04-13,1.4272921085357666
1998-04-14,1.4272921085357666
1998-04-15,1.437748908996582
1998-04-16,1.4220643043518066
1998-04-17,1.4325202703475952
1998-04-20,1.4325202703475952
1998-04-21,1.4429771900177002
1998-04-22,1.4272921085357666
1998-04-23,1.4325202703475952
1998-04-24,1.4116077423095703
1998-04-27,1.3750097751617432
1998-04-28,1.3854674100875854
1998-04-29,1.3959236145019531
1998-04-30,1.4168355464935303
1998-05-01,1.437748908996582
1998-05-04,1.4429771900177002
1998-05-05,1.4429771900177002
1998-05-06,1.4325202703475952
1998-05-07,1.4272921085357666
1998-05-08,1.437748908996582
1998-05-11,1.4429771900177002
1998-05-12,1.437748908996582
1998-05-13,1.437748908996582
1998-05-14,1.437748908996582
1998-05-15,1.4325202703475952
1998-05-18,1.4325202703475952
1998-05-19,1.4325202703475952
1998-05-20,1.4220643043518066
1998-05-21,1.4220643043518066
1998-05-22,1.4220643043518066
1998-05-26,1.4325202703475952
1998-05-27,1.3906952142715454
1998-05-28,1.3854674100875854
1998-05-29,1.4011516571044922
1998-06-01,1.4011516571044922
1998-06-02,1.4063798189163208
1998-06-03,1.4290744066238403
1998-06-04,1.4344254732131958
1998-06-05,1.445130467414856
1998-06-08,1.4237210750579834
1998-06-09,1.445130467414856
1998-06-10,1.4290744066238403
1998-06-11,1.407664179801941
1998-06-12,1.3916071653366089
1998-06-15,1.3594934940338135
1998-06-16,1.3594934940338135
1998-06-17,1.380902647972107
1998-06-18,1.375550627708435
1998-06-19,1.370198130607605
1998-06-22,1.380902647972107
1998-06-23,1.396959900856018
1998-06-24,1.380902647972107
1998-06-25,1.3916071653366089
1998-06-26,1.380902647972107
1998-06-29,1.402312159538269
1998-06-30,1.4130165576934814
1998-07-01,1.4130165576934814
1998-07-02,1.402312159538269
1998-07-06,1.396959900856018
1998-07-07,1.402312159538269
1998-07-08,1.407664179801941
1998-07-09,1.402312159538269
1998-07-10,1.396959900856018
1998-07-13,1.380902647972107
1998-07-14,1.396959900856018
1998-07-15,1.3916071653366089
1998-07-16,1.3916071653366089
1998-07-17,1.402312159538269
1998-07-20,1.402312159538269
1998-07-21,1.380902647972107
1998-07-22,1.375550627708435
1998-07-23,1.3648451566696167
1998-07-24,1.3594934940338135
1998-07-27,1.3380835056304932
1998-07-28,1.3166749477386475
1998-07-29,1.31132173538208
1998-07-30,1.3166749477386475
1998-07-31,1.2952648401260376
1998-08-03,1.2738555669784546
1998-08-04,1.198923110961914
1998-08-05,1.198923110961914
1998-08-06,1.2042754888534546
1998-08-07,1.2310374975204468
1998-08-10,1.2417421340942383
1998-08-11,1.198923110961914
1998-08-12,1.2310374975204468
1998-08-13,1.2310374975204468
1998-08-14,1.2096278667449951
1998-08-17,1.2310374975204468
1998-08-18,1.2417421340942383
1998-08-19,1.2310374975204468
1998-08-20,1.2256852388381958
1998-08-21,1.1935703754425049
1998-08-24,1.1935703754425049
1998-08-25,1.2149803638458252
1998-08-26,1.2042754888534546
1998-08-27,1.1346946954727173
1998-08-28,1.1025807857513428
1998-08-31,1.0062392950057983
1998-09-01,1.0651147365570068
1998-09-02,1.0972286462783813
1998-09-03,1.0828639268875122
1998-09-04,1.1104880571365356
1998-09-08,1.171261191368103
1998-09-09,1.1436372995376587
1998-09-10,1.1049634218215942
1998-09-11,1.093914270401001
1998-09-14,1.1104880571365356
1998-09-15,1.13811194896698
1998-09-16,1.127063274383545
1998-09-17,1.1049634218215942
1998-09-18,1.1325876712799072
1998-09-21,1.1215378046035767
1998-09-22,1.1049634218215942
1998-09-23,1.1657363176345825
1998-09-24,1.1602116823196411
1998-09-25,1.154686689376831
1998-09-28,1.154686689376831
1998-09-29,1.1491625308990479
1998-09-30,1.13811194896698
1998-10-01,1.1104880571365356
1998-10-02,1.093914270401001
1998-10-05,1.055240273475647
1998-10-06,1.0441902875900269
1998-10-07,1.0441902875900269
1998-10-08,1.027616024017334
1998-10-09,1.0110414028167725
1998-10-12,1.0165660381317139
1998-10-13,1.0110414028167725
1998-10-14,1.005516767501831
1998-10-15,1.0497157573699951
1998-10-16,1.0883893966674805
1998-10-19,1.0883893966674805
1998-10-20,1.1104880571365356
1998-10-21,1.1325876712799072
1998-10-22,1.154686689376831
1998-10-23,1.1491625308990479
1998-10-26,1.171261191368103
1998-10-27,1.1657363176345825
1998-10-28,1.182310700416565
1998-10-29,1.182310700416565
1998-10-30,1.209934949874878
1998-11-02,1.243084192276001
1998-11-03,1.237559199333191
1998-11-04,1.2486084699630737
1998-11-05,1.265183687210083
1998-11-06,1.2928073406219482
1998-11-09,1.2817578315734863
1998-11-10,1.2762335538864136
1998-11-11,1.2596584558486938
1998-11-12,1.2596584558486938
1998-11-13,1.2762335538864136
1998-11-16,1.2596584558486938
1998-11-17,1.2541335821151733
1998-11-18,1.2596584558486938
1998-11-19,1.2596584558486938
1998-11-20,1.2486084699630737
1998-11-23,1.2596584558486938
1998-11-24,1.2541335821151733
1998-11-25,1.2707085609436035
1998-11-27,1.2707085609436035
1998-11-30,1.2486084699630737
1998-12-01,1.243084192276001
1998-12-02,1.2320342063903809
1998-12-03,1.2438480854034424
1998-12-04,1.2552075386047363
1998-12-07,1.249527931213379
1998-12-08,1.2324885129928589
1998-12-09,1.2268093824386597
1998-12-10,1.2268093824386597
1998-12-11,1.2154499292373657
1998-12-14,1.181371808052063
1998-12-15,1.181371808052063
1998-12-16,1.1870514154434204
1998-12-17,1.198410987854004
1998-12-18,1.2040902376174927
1998-12-21,1.221129298210144
1998-12-22,1.2097700834274292
1998-12-23,1.221129298210144
1998-12-24,1.2268093824386597
1998-12-28,1.221129298210144
1998-12-29,1.249527931213379
1998-12-30,1.2381688356399536
1998-12-31,1.249527931213379
1999-01-04,1.2836061716079712
1999-01-05,1.294965386390686
1999-01-06,1.3120044469833374
1999-01-07,1.289285659790039
1999-01-08,1.289285659790039
1999-01-11,1.2836061716079712
1999-01-12,1.300645112991333
1999-01-13,1.2608875036239624
1999-01-14,1.2665667533874512
1999-01-15,1.2608875036239624
1999-01-19,1.2608875036239624
1999-01-20,1.2608875036239624
1999-01-21,1.2381688356399536
1999-01-22,1.2438480854034424
1999-01-25,1.2381688356399536
1999-01-26,1.2268093824386597
1999-01-27,1.2154499292373657
1999-01-28,1.221129298210144
1999-01-29,1.2268093824386597
1999-02-01,1.2268093824386597
1999-02-02,1.249527931213379
1999-02-03,1.2381688356399536
1999-02-04,1.249527931213379
1999-02-05,1.2381688356399536
1999-02-08,1.2268093824386597
1999-02-09,1.2154499292373657
1999-02-10,1.198410987854004
1999-02-11,1.221129298210144
1999-02-12,1.1927305459976196
1999-02-16,1.1756919622421265
1999-02-17,1.1586532592773438
1999-02-18,1.1586532592773438
1999-02-19,1.1416139602661133
1999-02-22,1.1643329858779907
1999-02-23,1.1586532592773438
1999-02-24,1.1472933292388916
1999-02-25,1.1416139602661133
1999-02-26,1.1472933292388916
1999-03-01,1.1416139602661133
1999-03-02,1.1472933292388916
1999-03-03,1.1586532592773438
1999-03-04,1.2253100872039795
1999-03-05,1.2314367294311523
1999-03-08,1.219183087348938
1999-03-09,1.1824241876602173
1999-03-10,1.1824241876602173
1999-03-11,1.1824241876602173
1999-03-12,1.1517918109893799
1999-03-15,1.164044737815857
1999-03-16,1.1517918109893799
1999-03-17,1.1456648111343384
1999-03-18,1.1395381689071655
1999-03-19,1.1334110498428345
1999-03-22,1.1272847652435303
1999-03-23,1.1027790307998657
1999-03-24,1.0966527462005615
1999-03-25,1.1027790307998657
1999-03-26,1.1027790307998657
1999-03-29,1.1089054346084595
1999-03-30,1.1089054346084595
1999-03-31,1.1089054346084595
1999-04-01,1.1150321960449219
1999-04-05,1.1150321960449219
1999-04-06,1.1150321960449219
1999-04-07,1.1027790307998657
1999-04-08,1.1027790307998657
1999-04-09,1.1089054346084595
1999-04-12,1.1150321960449219
1999-04-13,1.1272847652435303
1999-04-14,1.164044737815857
1999-04-15,1.1885504722595215
1999-04-16,1.2130569219589233
1999-04-19,1.2620688676834106
1999-04-20,1.2620688676834106
1999-04-21,1.2865750789642334
1999-04-22,1.2865750789642334
1999-04-23,1.2559430599212646
1999-04-26,1.237562656402588
1999-04-27,1.2681962251663208
1999-04-28,1.2743220329284668
1999-04-29,1.2743220329284668
1999-04-30,1.2743220329284668
1999-05-03,1.2743220329284668
1999-05-04,1.2681962251663208
1999-05-05,1.2620688676834106
1999-05-06,1.2865750789642334
1999-05-07,1.3049547672271729
1999-05-10,1.3233354091644287
1999-05-11,1.3478407859802246
1999-05-12,1.3417142629623413
1999-05-13,1.3539680242538452
1999-05-14,1.317207932472229
1999-05-17,1.3233354091644287
1999-05-18,1.3478407859802246
1999-05-19,1.3294609785079956
1999-05-20,1.3110820055007935
1999-05-21,1.298828125
1999-05-24,1.3110820055007935
1999-05-25,1.298828125
1999-05-26,1.298828125
1999-05-27,1.3110820055007935
1999-05-28,1.3049547672271729
1999-06-01,1.2927021980285645
1999-06-02,1.298828125
1999-06-03,1.3141705989837646
1999-06-04,1.3267470598220825
1999-06-07,1.3456103801727295
1999-06-08,1.351898431777954
1999-06-09,1.3456103801727295
1999-06-10,1.3456103801727295
1999-06-11,1.351898431777954
1999-06-14,1.339322566986084
1999-06-15,1.339322566986084
1999-06-16,1.333034634590149
1999-06-17,1.351898431777954
1999-06-18,1.3204587697982788
1999-06-21,1.351898431777954
1999-06-22,1.3581867218017578
1999-06-23,1.3644740581512451
1999-06-24,1.351898431777954
1999-06-25,1.3456103801727295
1999-06-28,1.3267470598220825
1999-06-29,1.3267470598220825
1999-06-30,1.333034634590149
1999-07-01,1.351898431777954
1999-07-02,1.3644740581512451
1999-07-06,1.3770498037338257
1999-07-07,1.370762586593628
1999-07-08,1.370762586593628
1999-07-09,1.3644740581512451
1999-07-12,1.370762586593628
1999-07-13,1.3581867218017578
1999-07-14,1.370762586593628
1999-07-15,1.3770498037338257
1999-07-16,1.3770498037338257
1999-07-19,1.3644740581512451
1999-07-20,1.3456103801727295
1999-07-21,1.3581867218017578
1999-07-22,1.351898431777954
1999-07-23,1.3456103801727295
1999-07-26,1.3141705989837646
1999-07-27,1.333034634590149
1999-07-28,1.333034634590149
1999-07-29,1.3204587697982788
1999-07-30,1.3204587697982788
1999-08-02,1.3204587697982788
1999-08-03,1.3267470598220825
1999-08-04,1.3204587697982788
1999-08-05,1.3204587697982788
1999-08-06,1.3267470598220825
1999-08-09,1.3078831434249878
1999-08-10,1.3015953302383423
1999-08-11,1.3015953302383423
1999-08-12,1.3141705989837646
1999-08-13,1.3456103801727295
1999-08-16,1.3267470598220825
1999-08-17,1.3078831434249878
1999-08-18,1.3015953302383423
1999-08-19,1.3015953302383423
1999-08-20,1.3078831434249878
1999-08-23,1.3141705989837646
1999-08-24,1.3141705989837646
1999-08-25,1.3015953302383423
1999-08-26,1.3015953302383423
1999-08-27,1.3141705989837646
1999-08-30,1.2953071594238281
1999-08-31,1.2890197038650513
1999-09-01,1.3078831434249878
1999-09-02,1.3032376766204834
1999-09-03,1.3419480323791504
1999-09-07,1.322593092918396
1999-09-08,1.2967861890792847
1999-09-09,1.2903344631195068
1999-09-10,1.3096891641616821
1999-09-13,1.3161418437957764
1999-09-14,1.3096891641616821
1999-09-15,1.3032376766204834
1999-09-16,1.2967861890792847
1999-09-17,1.3161418437957764
1999-09-20,1.3096891641616821
1999-09-21,1.2903344631195068
1999-09-22,1.2967861890792847
1999-09-23,1.2967861890792847
1999-09-24,1.2903344631195068
1999-09-27,1.2709795236587524
1999-09-28,1.2451727390289307
1999-09-29,1.2580761909484863
1999-09-30,1.277431607246399
1999-10-01,1.264527440071106
1999-10-04,1.2709795236587524
1999-10-05,1.2709795236587524
1999-10-06,1.264527440071106
1999-10-07,1.283882737159729
1999-10-08,1.3032376766204834
1999-10-11,1.2903344631195068
1999-10-12,1.2967861890792847
1999-10-13,1.2580761909484863
1999-10-14,1.2387208938598633
1999-10-15,1.2322696447372437
1999-10-18,1.200011134147644
1999-10-19,1.200011134147644
1999-10-20,1.2258177995681763
1999-10-21,1.2129147052764893
1999-10-22,1.2193660736083984
1999-10-25,1.2258177995681763
1999-10-26,1.2451727390289307
1999-10-27,1.2322696447372437
1999-10-28,1.2322696447372437
1999-10-29,1.2516242265701294
1999-11-01,1.2451727390289307
1999-11-02,1.2516242265701294
1999-11-03,1.264527440071106
1999-11-04,1.264527440071106
1999-11-05,1.2903344631195068
1999-11-08,1.283882737159729
1999-11-09,1.2903344631195068
1999-11-10,1.277431607246399
1999-11-11,1.2903344631195068
1999-11-12,1.2967861890792847
1999-11-15,1.3032376766204834
1999-11-16,1.3032376766204834
1999-11-17,1.283882737159729
1999-11-18,1.2967861890792847
1999-11-19,1.2903344631195068
1999-11-22,1.3483994007110596
1999-11-23,1.3419480323791504
1999-11-24,1.3483994007110596
1999-11-26,1.3483994007110596
1999-11-29,1.335496425628662
1999-11-30,1.335496425628662
1999-12-01,1.3290441036224365
1999-12-02,1.330898642539978
1999-12-03,1.330898642539978
1999-12-06,1.3573843240737915
1999-12-07,1.337519645690918
1999-12-08,1.337519645690918
1999-12-09,1.337519645690918
1999-12-10,1.337519645690918
1999-12-13,1.3507630825042725
1999-12-14,1.3507630825042725
1999-12-15,1.3507630825042725
1999-12-16,1.3573843240737915
1999-12-17,1.3507630825042725
1999-12-20,1.3507630825042725
1999-12-21,1.3507630825042725
1999-12-22,1.3706271648406982
1999-12-23,1.3573843240737915
1999-12-27,1.3772485256195068
1999-12-28,1.3706271648406982
1999-12-29,1.3772485256195068
1999-12-30,1.3706271648406982
1999-12-31,1.3838694095611572
2000-01-03,1.4235981702804565
2000-01-04,1.4235981702804565
2000-01-05,1.4235981702804565
2000-01-06,1.4235981702804565
2000-01-07,1.4235981702804565
2000-01-10,1.4169766902923584
2000-01-11,1.3904905319213867
2000-01-12,1.3904905319213867
2000-01-13,1.4169766902923584
2000-01-14,1.4302202463150024
2000-01-18,1.4434622526168823
2000-01-19,1.4368406534194946
2000-01-20,1.4567046165466309
2000-01-21,1.4500833749771118
2000-01-24,1.489811897277832
2000-01-25,1.489811897277832
2000-01-26,1.489811897277832
2000-01-27,1.489811897277832
2000-01-28,1.4765690565109253
2000-01-31,1.4831898212432861
2000-02-01,1.4302202463150024
2000-02-02,1.4169766902923584
2000-02-03,1.4302202463150024
2000-02-04,1.4368406534194946
2000-02-07,1.4434622526168823
2000-02-08,1.4368406534194946
2000-02-09,1.4368406534194946
2000-02-10,1.4368406534194946
2000-02-11,1.4368406534194946
2000-02-14,1.4434622526168823
2000-02-15,1.4500833749771118
2000-02-16,1.4567046165466309
2000-02-17,1.4699474573135376
2000-02-18,1.4699474573135376
2000-02-22,1.4434622526168823
2000-02-23,1.4434622526168823
2000-02-24,1.4434622526168823
2000-02-25,1.4434622526168823
2000-02-28,1.4567046165466309
2000-02-29,1.4633265733718872
2000-03-01,1.4699474573135376
2000-03-02,1.4921947717666626
2000-03-03,1.4921947717666626
2000-03-06,1.5057601928710938
2000-03-07,1.5193254947662354
2000-03-08,1.4854121208190918
2000-03-09,1.4921947717666626
2000-03-10,1.5057601928710938
2000-03-13,1.4921947717666626
2000-03-14,1.4921947717666626
2000-03-15,1.4989784955978394
2000-03-16,1.5057601928710938
2000-03-17,1.5125428438186646
2000-03-20,1.5193254947662354
2000-03-21,1.5125428438186646
2000-03-22,1.5125428438186646
2000-03-23,1.5193254947662354
2000-03-24,1.5193254947662354
2000-03-27,1.5193254947662354
2000-03-28,1.5057601928710938
2000-03-29,1.5057601928710938
2000-03-30,1.4921947717666626
2000-03-31,1.4989784955978394
2000-04-03,1.4921947717666626
2000-04-04,1.4718468189239502
2000-04-05,1.4650650024414062
2000-04-06,1.4718468189239502
2000-04-07,1.4854121208190918
2000-04-10,1.4854121208190918
2000-04-11,1.4921947717666626
2000-04-12,1.4989784955978394
2000-04-13,1.4718468189239502
2000-04-14,1.4447156190872192
2000-04-17,1.4311505556106567
2000-04-18,1.4243674278259277
2000-04-19,1.4311505556106567
2000-04-20,1.417585015296936
2000-04-24,1.4243674278259277
2000-04-25,1.4379334449768066
2000-04-26,1.4786297082901
2000-04-27,1.4447156190872192
2000-04-28,1.4311505556106567
2000-05-01,1.4650650024414062
2000-05-02,1.4650650024414062
2000-05-03,1.4379334449768066
2000-05-04,1.4447156190872192
2000-05-05,1.4650650024414062
2000-05-08,1.4514988660812378
2000-05-09,1.4650650024414062
2000-05-10,1.4379334449768066
2000-05-11,1.4650650024414062
2000-05-12,1.4786297082901
2000-05-15,1.4650650024414062
2000-05-16,1.4650650024414062
2000-05-17,1.4582815170288086
2000-05-18,1.4582815170288086
2000-05-19,1.4650650024414062
2000-05-22,1.4379334449768066
2000-05-23,1.4447156190872192
2000-05-24,1.4447156190872192
2000-05-25,1.4379334449768066
2000-05-26,1.4379334449768066
2000-05-30,1.4379334449768066
2000-05-31,1.4311505556106567
2000-06-01,1.4514988660812378
2000-06-02,1.4765725135803223
2000-06-05,1.4696077108383179
2000-06-06,1.4626423120498657
2000-06-07,1.4765725135803223
2000-06-08,1.4765725135803223
2000-06-09,1.4696077108383179
2000-06-12,1.4835368394851685
2000-06-13,1.4765725135803223
2000-06-14,1.4696077108383179
2000-06-15,1.4696077108383179
2000-06-16,1.4696077108383179
2000-06-19,1.4835368394851685
2000-06-20,1.497467279434204
2000-06-21,1.4835368394851685
2000-06-22,1.4835368394851685
2000-06-23,1.4835368394851685
2000-06-26,1.4905022382736206
2000-06-27,1.4905022382736206
2000-06-28,1.5044331550598145
2000-06-29,1.5183627605438232
2000-06-30,1.5113972425460815
2000-07-03,1.5322920083999634
2000-07-05,1.5322920083999634
2000-07-06,1.5322920083999634
2000-07-07,1.5531868934631348
2000-07-10,1.5601519346237183
2000-07-11,1.5601519346237183
2000-07-12,1.5601519346237183
2000-07-13,1.5810472965240479
2000-07-14,1.5671173334121704
2000-07-17,1.5810472965240479
2000-07-18,1.588012456893921
2000-07-19,1.588012456893921
2000-07-20,1.588012456893921
2000-07-21,1.588012456893921
2000-07-24,1.5740824937820435
2000-07-25,1.5740824937820435
2000-07-26,1.5601519346237183
2000-07-27,1.5601519346237183
2000-07-28,1.5671173334121704
2000-07-31,1.5462220907211304
2000-08-01,1.5531868934631348
2000-08-02,1.5531868934631348
2000-08-03,1.5531868934631348
2000-08-04,1.5740824937820435
2000-08-07,1.588012456893921
2000-08-08,1.588012456893921
2000-08-09,1.5810472965240479
2000-08-10,1.5949777364730835
2000-08-11,1.5949777364730835
2000-08-14,1.6089073419570923
2000-08-15,1.6019420623779297
2000-08-16,1.6089073419570923
2000-08-17,1.6089073419570923
2000-08-18,1.6089073419570923
2000-08-21,1.6089073419570923
2000-08-22,1.6158725023269653
2000-08-23,1.6298021078109741
2000-08-24,1.6089073419570923
2000-08-25,1.6228371858596802
2000-08-28,1.6298021078109741
2000-08-29,1.636767029762268
2000-08-30,1.6576613187789917
2000-08-31,1.6576613187789917
2000-09-01,1.6904722452163696
2000-09-05,1.6690747737884521
2000-09-06,1.6619417667388916
2000-09-07,1.6619417667388916
2000-09-08,1.6690747737884521
2000-09-11,1.6762069463729858
2000-09-12,1.6904722452163696
2000-09-13,1.6904722452163696
2000-09-14,1.6833401918411255
2000-09-15,1.6762069463729858
2000-09-18,1.6548092365264893
2000-09-19,1.6405434608459473
2000-09-20,1.6405434608459473
2000-09-21,1.6476752758026123
2000-09-22,1.6334108114242554
2000-09-25,1.6334108114242554
2000-09-26,1.6262779235839844
2000-09-27,1.6262779235839844
2000-09-28,1.6334108114242554
2000-09-29,1.6476752758026123
2000-10-02,1.6476752758026123
2000-10-03,1.6476752758026123
2000-10-04,1.6405434608459473
2000-10-05,1.6120126247406006
2000-10-06,1.6120126247406006
2000-10-09,1.6048781871795654
2000-10-10,1.5977458953857422
2000-10-11,1.5834804773330688
2000-10-12,1.533551573753357
2000-10-13,1.5478166341781616
2000-10-16,1.5620815753936768
2000-10-17,1.5264177322387695
2000-10-18,1.5121521949768066
2000-10-19,1.5192852020263672
2000-10-20,1.5620815753936768
2000-10-23,1.5478166341781616
2000-10-24,1.5620815753936768
2000-10-25,1.5478166341781616
2000-10-26,1.5692155361175537
2000-10-27,1.5478166341781616
2000-10-30,1.5692155361175537
2000-10-31,1.5834804773330688
2000-11-01,1.5906131267547607
2000-11-02,1.5977458953857422
2000-11-03,1.6191449165344238
2000-11-06,1.6191449165344238
2000-11-07,1.6405434608459473
2000-11-08,1.6191449165344238
2000-11-09,1.6120126247406006
2000-11-10,1.6048781871795654
2000-11-13,1.5834804773330688
2000-11-14,1.5977458953857422
2000-11-15,1.6191449165344238
2000-11-16,1.6191449165344238
2000-11-17,1.5906131267547607
2000-11-20,1.5834804773330688
2000-11-21,1.5620815753936768
2000-11-22,1.5478166341781616
2000-11-24,1.5549496412277222
2000-11-27,1.576347827911377
2000-11-28,1.5692155361175537
2000-11-29,1.5692155361175537
2000-11-30,1.5834804773330688
2000-12-01,1.5977458953857422
2000-12-04,1.5992199182510376
2000-12-05,1.6360684633255005
2000-12-06,1.6508073806762695
2000-12-07,1.6508073806762695
2000-12-08,1.6360684633255005
2000-12-11,1.6360684633255005
2000-12-12,1.6287000179290771
2000-12-13,1.6581778526306152
2000-12-14,1.6434385776519775
2000-12-15,1.6581778526306152
2000-12-18,1.6581778526306152
2000-12-19,1.6581778526306152
2000-12-20,1.6360684633255005
2000-12-21,1.5697407722473145
2000-12-22,1.6213290691375732
2000-12-26,1.6655478477478027
2000-12-27,1.6655478477478027
2000-12-28,1.7023956775665283
2000-12-29,1.7023956775665283
2001-01-02,1.69502592086792
2001-01-03,1.7466131448745728
2001-01-04,1.724505066871643
2001-01-05,1.7171359062194824
2001-01-08,1.731874704360962
2001-01-09,1.724505066871643
2001-01-10,1.724505066871643
2001-01-11,1.7539832592010498
2001-01-12,1.7687221765518188
2001-01-16,1.7687221765518188
2001-01-17,1.7982009649276733
2001-01-18,1.827680230140686
2001-01-19,1.8055710792541504
2001-01-22,1.827680230140686
2001-01-23,1.827680230140686
2001-01-24,1.8203104734420776
2001-01-25,1.8350496292114258
2001-01-26,1.8424193859100342
2001-01-29,1.8654130697250366
2001-01-30,1.8807415962219238
2001-01-31,1.9078625440597534
2001-02-01,1.9066828489303589
2001-02-02,1.8642339706420898
2001-02-05,1.8783836364746094
2001-02-06,1.8913545608520508
2001-02-07,1.897249698638916
2001-02-08,1.8878170251846313
2001-02-09,1.897249698638916
2001-02-12,1.897249698638916
2001-02-13,1.9078625440597534
2001-02-14,1.9102208614349365
2001-02-15,1.95856511592865
2001-02-16,1.931445598602295
2001-02-20,1.9113997220993042
2001-02-21,1.890175461769104
2001-02-22,1.8878170251846313
2001-02-23,1.8866379261016846
2001-02-26,1.8960710763931274
2001-02-27,1.8948918581008911
2001-02-28,1.8878170251846313
2001-03-01,1.8866379261016846
2001-03-02,1.9011218547821045
2001-03-05,1.8950870037078857
2001-03-06,1.9192286729812622
2001-03-07,1.9011218547821045
2001-03-08,1.872152328491211
2001-03-09,1.825076937675476
2001-03-12,1.7792092561721802
2001-03-13,1.7864521741867065
2001-03-14,1.7502397298812866
2001-03-15,1.740583062171936
2001-03-16,1.7140276432037354
2001-03-19,1.7176488637924194
2001-03-20,1.7164413928985596
2001-03-21,1.70195734500885
2001-03-22,1.665745735168457
2001-03-23,1.707993745803833
2001-03-26,1.7140276432037354
2001-03-27,1.7031641006469727
2001-03-28,1.6898863315582275
2001-03-29,1.6886802911758423
2001-03-30,1.6959221363067627
2001-04-02,1.6947144269943237
2001-04-03,1.6898863315582275
2001-04-04,1.6729882955551147
2001-04-05,1.7007501125335693
2001-04-06,1.7140276432037354
2001-04-09,1.6959221363067627
2001-04-10,1.7128210067749023
2001-04-11,1.7031641006469727
2001-04-12,1.7381700277328491
2001-04-16,1.7273064851760864
2001-04-17,1.7393758296966553
2001-04-18,1.7707599401474
2001-04-19,1.7683457136154175
2001-04-20,1.7864521741867065
2001-04-23,1.7924866676330566
2001-04-24,1.7864521741867065
2001-04-25,1.7876583337783813
2001-04-26,1.803349494934082
2001-04-27,1.8347337245941162
2001-04-30,1.8588749170303345
2001-05-01,1.8624967336654663
2001-05-02,1.8697384595870972
2001-05-03,1.8552536964416504
2001-05-04,1.8818092346191406
2001-05-07,1.8962942361831665
2001-05-08,1.8950870037078857
2001-05-09,1.8926732540130615
2001-05-10,1.879395604133606
2001-05-11,1.8902583122253418
2001-05-14,1.878187894821167
2001-05-15,1.9047433137893677
2001-05-16,1.9252636432647705
2001-05-17,1.937333583831787
2001-05-18,1.9723387956619263
2001-05-21,1.9807888269424438
2001-05-22,2.0194144248962402
2001-05-23,2.004929542541504
2001-05-24,1.985617995262146
2001-05-25,1.994065761566162
2001-05-29,1.9976874589920044
2001-05-30,1.959061861038208
2001-05-31,1.9578551054000854
2001-06-01,1.9506118297576904
2001-06-04,2.0012612342834473
2001-06-05,2.004967451095581
2001-06-06,2.024733304977417
2001-06-07,2.0383212566375732
2001-06-08,2.003732442855835
2001-06-11,2.0123794078826904
2001-06-12,1.9987902641296387
2001-06-13,2.0012612342834473
2001-06-14,1.9679068326950073
2001-06-15,1.9580248594284058
2001-06-18,1.9506118297576904
2001-06-19,1.9283758401870728
2001-06-20,1.9419647455215454
2001-06-21,1.943199634552002
2001-06-22,1.959259033203125
2001-06-25,1.9271403551101685
2001-06-26,1.9493763446807861
2001-06-27,1.946905255317688
2001-06-28,1.9790244102478027
2001-06-29,2.000025987625122
2001-07-02,2.0074379444122314
2001-07-03,1.993849277496338
2001-07-05,1.997555136680603
2001-07-06,1.9604949951171875
2001-07-09,1.9703774452209473
2001-07-10,1.9555540084838867
2001-07-11,1.9370235204696655
2001-07-12,1.9629656076431274
2001-07-13,1.9814952611923218
2001-07-16,1.976554036140442
2001-07-17,1.964200735092163
2001-07-18,1.9740831851959229
2001-07-19,1.995084524154663
2001-07-20,1.9889084100723267
2001-07-23,1.9703774452209473
2001-07-24,1.943199634552002
2001-07-25,1.9394934177398682
2001-07-26,1.9691417217254639
2001-07-27,1.9753180742263794
2001-07-30,1.9864364862442017
2001-07-31,1.9987902641296387
2001-08-01,1.995084524154663
2001-08-02,1.9987902641296387
2001-08-03,1.9864364862442017
2001-08-06,2.0012612342834473
2001-08-07,1.9864364862442017
2001-08-08,1.964200735092163
2001-08-09,1.940729022026062
2001-08-10,1.9580248594284058
2001-08-13,1.9493763446807861
2001-08-14,1.9802615642547607
2001-08-15,1.9740831851959229
2001-08-16,1.9753180742263794
2001-08-17,1.9790244102478027
2001-08-20,1.9617305994033813
2001-08-21,1.9716132879257202
2001-08-22,1.948141098022461
2001-08-23,1.9629656076431274
2001-08-24,1.966671109199524
2001-08-27,1.9777889251708984
2001-08-28,1.9777889251708984
2001-08-29,1.966671109199524
2001-08-30,1.9580248594284058
2001-08-31,1.9543187618255615
2001-09-04,2.008744239807129
2001-09-05,1.9277374744415283
2001-09-06,1.9074854850769043
2001-09-07,1.8745756149291992
2001-09-10,1.8669816255569458
2001-09-17,1.7960997819900513
2001-09-18,1.7593923807144165
2001-09-19,1.7024328708648682
2001-09-20,1.626488447189331
2001-09-21,1.5910478830337524
2001-09-24,1.63155198097229
2001-09-25,1.6391454935073853
2001-09-26,1.61383056640625
2001-09-27,1.61383056640625
2001-09-28,1.6669923067092896
2001-10-01,1.6429433822631836
2001-10-02,1.6442086696624756
2001-10-03,1.6796492338180542
2001-10-04,1.7100282907485962
2001-10-05,1.6961044073104858
2001-10-08,1.6961044073104858
2001-10-09,1.6783846616744995
2001-10-10,1.7201536893844604
2001-10-11,1.7543303966522217
2001-10-12,1.7416716814041138
2001-10-15,1.7593923807144165
2001-10-16,1.7695187330245972
2001-10-17,1.770784854888916
2001-10-18,1.7404063940048218
2001-10-19,1.7593923807144165
2001-10-22,1.76698637008667
2001-10-23,1.78217613697052
2001-10-24,1.778378963470459
2001-10-25,1.8100230693817139
2001-10-26,1.778378963470459
2001-10-29,1.7593923807144165
2001-10-30,1.7543303966522217
2001-10-31,1.7720497846603394
2001-11-01,1.806225061416626
2001-11-02,1.7973648309707642
2001-11-05,1.806225061416626
2001-11-06,1.8214144706726074
2001-11-07,1.8378691673278809
2001-11-08,1.8416671752929688
2001-11-09,1.8239446878433228
2001-11-12,1.8264775276184082
2001-11-13,1.853058099746704
2001-11-14,1.8669816255569458
2001-11-15,1.8720438480377197
2001-11-16,1.8733103275299072
2001-11-19,1.8745756149291992
2001-11-20,1.8948276042938232
2001-11-21,1.8796385526657104
2001-11-23,1.898625135421753
2001-11-26,1.9290034770965576
2001-11-27,1.9327996969223022
2001-11-28,1.936596393585205
2001-11-29,1.954317569732666
2001-11-30,1.9606459140777588
2001-12-03,1.956849455833435
2001-12-04,1.995752215385437
2001-12-05,2.024282693862915
2001-12-06,2.061889410018921
2001-12-07,2.017799139022827
2001-12-10,2.0424375534057617
2001-12-11,2.087825059890747
2001-12-12,2.0203919410705566
2001-12-13,1.9970492124557495
2001-12-14,1.958145022392273
2001-12-17,1.9840819835662842
2001-12-18,2.007424831390381
2001-12-19,2.0009403228759766
2001-12-20,1.9801914691925049
2001-12-21,1.9970492124557495
2001-12-24,1.968519687652588
2001-12-26,2.022986650466919
2001-12-27,2.0489213466644287
2001-12-28,2.039844036102295
2001-12-31,2.0385470390319824
2002-01-02,2.0320639610290527
2002-01-03,2.0489213466644287
2002-01-04,2.068372964859009
2002-01-07,2.0800445079803467
2002-01-08,2.081341505050659
2002-01-09,2.0865280628204346
2002-01-10,2.0800445079803467
2002-01-11,2.087825059890747
2002-01-14,2.074856996536255
2002-01-15,2.052812099456787
2002-01-16,2.043734073638916
2002-01-17,2.0359535217285156
2002-01-18,2.029467821121216
2002-01-22,2.029467821121216
2002-01-23,2.0489213466644287
2002-01-24,2.045029878616333
2002-01-25,2.0489213466644287
2002-01-28,2.0489213466644287
2002-01-29,2.0579986572265625
2002-01-30,2.045029878616333
2002-01-31,2.045029878616333
2002-02-01,2.069669485092163
2002-02-04,2.0424375534057617
2002-02-05,2.0489213466644287
2002-02-06,2.0139076709747314
2002-02-07,2.0035338401794434
2002-02-08,2.007424831390381
2002-02-11,2.041140079498291
2002-02-12,2.051513910293579
2002-02-13,2.0489213466644287
2002-02-14,2.0541086196899414
2002-02-15,2.047623872756958
2002-02-19,2.0424375534057617
2002-02-20,2.0359535217285156
2002-02-21,2.0424375534057617
2002-02-22,2.0424375534057617
2002-02-25,2.10079288482666
2002-02-26,2.1448841094970703
2002-02-27,2.1656320095062256
2002-02-28,2.1552579402923584
2002-03-01,2.183786630630493
2002-03-04,2.2209129333496094
2002-03-05,2.2063276767730713
2002-03-06,2.2169349193573
2002-03-07,2.2447800636291504
2002-03-08,2.2646679878234863
2002-03-11,2.284555435180664
2002-03-12,2.2872085571289062
2002-03-13,2.2699708938598633
2002-03-14,2.2567124366760254
2002-03-15,2.281905174255371
2002-03-18,2.3057708740234375
2002-03-19,2.3800222873687744
2002-03-20,2.3216819763183594
2002-03-21,2.346874713897705
2002-03-22,2.354830026626587
2002-03-25,2.346874713897705
2002-03-26,2.3442227840423584
2002-03-27,2.3601348400115967
2002-03-28,2.3800222873687744
2002-04-01,2.3601348400115967
2002-04-02,2.3495266437530518
2002-04-03,2.3336145877838135
2002-04-04,2.3203563690185547
2002-04-05,2.3150534629821777
2002-04-08,2.304445266723633
2002-04-09,2.350851058959961
2002-04-10,2.3773698806762695
2002-04-11,2.372067451477051
2002-04-12,2.368089199066162
2002-04-15,2.3839993476867676
2002-04-16,2.446317672729492
2002-04-17,2.437037467956543
2002-04-18,2.4701852798461914
2002-04-19,2.5059845447540283
2002-04-22,2.4675333499908447
2002-04-23,2.4622299671173096
2002-04-24,2.4701852798461914
2002-04-25,2.4171481132507324
2002-04-26,2.4065403938293457
2002-04-29,2.37339186668396
2002-04-30,2.4065403938293457
2002-05-01,2.4158222675323486
2002-05-02,2.444992780685425
2002-05-03,2.4264304637908936
2002-05-06,2.419800281524658
2002-05-07,2.422452449798584
2002-05-08,2.4675333499908447
2002-05-09,2.46488094329834
2002-05-10,2.430408000946045
2002-05-13,2.4065403938293457
2002-05-14,2.427755832672119
2002-05-15,2.456925868988037
2002-05-16,2.4529476165771484
2002-05-17,2.451622724533081
2002-05-20,2.4383628368377686
2002-05-21,2.4383628368377686
2002-05-22,2.4038891792297363
2002-05-23,2.3773698806762695
2002-05-24,2.3786962032318115
2002-05-28,2.358807325363159
2002-05-29,2.3495266437530518
2002-05-30,2.2394750118255615
2002-05-31,2.295163869857788
2002-06-03,2.280578136444092
2002-06-04,2.243947982788086
2002-06-05,2.2642979621887207
2002-06-06,2.1937508583068848
2002-06-07,2.22902512550354
2002-06-10,2.2629406452178955
2002-06-11,2.2385218143463135
2002-06-12,2.22902512550354
2002-06-13,2.2086753845214844
2002-06-14,2.210031032562256
2002-06-17,2.2588727474212646
2002-06-18,2.284649610519409
2002-06-19,2.2778661251068115
2002-06-20,2.26701283454895
2002-06-21,2.245305061340332
2002-06-24,2.2073185443878174
2002-06-25,2.1964645385742188
2002-06-26,2.1150639057159424
2002-06-27,2.1639046669006348
2002-06-28,2.245305061340332
2002-07-01,2.177471399307251
2002-07-02,2.121847152709961
2002-07-03,2.0621542930603027
2002-07-05,2.1150639057159424
2002-07-08,2.0974268913269043
2002-07-09,2.08793044090271
2002-07-10,2.049943208694458
2002-07-11,2.0187392234802246
2002-07-12,2.0363759994506836
2002-07-15,1.9929624795913696
2002-07-16,2.0024592876434326
2002-07-17,2.028235912322998
2002-07-18,1.9875366687774658
2002-07-19,1.9061347246170044
2002-07-22,1.870861530303955
2002-07-23,1.8193074464797974
2002-07-24,1.8857849836349487
2002-07-25,1.8952810764312744
2002-07-26,1.8979954719543457
2002-07-29,1.9888920783996582
2002-07-30,2.0024592876434326
2002-07-31,2.011956214904785
2002-08-01,1.9780399799346924
2002-08-02,1.9278424978256226
2002-08-05,1.8695043325424194
2002-08-06,1.8925678730010986
2002-08-07,1.90342116355896
2002-08-08,1.9468353986740112
2002-08-09,1.9468353986740112
2002-08-12,1.9400526285171509
2002-08-13,1.9305559396743774
2002-08-14,1.9631145000457764
2002-08-15,2.001103162765503
2002-08-16,2.0214521884918213
2002-08-19,2.017382860183716
2002-08-20,2.0255236625671387
2002-08-21,2.0594401359558105
2002-08-22,2.0797905921936035
2002-08-23,2.0757203102111816
2002-08-26,2.064866065979004
2002-08-27,2.0797905921936035
2002-08-28,2.068937301635742
2002-08-29,2.0458741188049316
2002-08-30,2.0214521884918213
2002-09-03,2.0146701335906982
2002-09-04,1.9812543392181396
2002-09-05,1.9575849771499634
2002-09-06,1.9812543392181396
2002-09-09,1.9701156616210938
2002-09-10,1.9673312902450562
2002-09-11,1.9673312902450562
2002-09-12,1.9213855266571045
2002-09-13,1.932523488998413
2002-09-16,1.9380919933319092
2002-09-17,1.9213855266571045
2002-09-18,1.9422694444656372
2002-09-19,1.9116384983062744
2002-09-20,1.9130316972732544
2002-09-23,1.8392386436462402
2002-09-24,1.7835466861724854
2002-09-25,1.8531630039215088
2002-09-26,1.8475929498672485
2002-09-27,1.8100007772445679
2002-09-30,1.7529155015945435
2002-10-01,1.8322763442993164
2002-10-02,1.8169617652893066
2002-10-03,1.804431676864624
2002-10-04,1.7570922374725342
2002-10-07,1.702793002128601
2002-10-08,1.7097549438476562
2002-10-09,1.6234315633773804
2002-10-10,1.670769453048706
2002-10-11,1.7403849363327026
2002-10-14,1.7041850090026855
2002-10-15,1.8100007772445679
2002-10-16,1.8058239221572876
2002-10-17,1.8615162372589111
2002-10-18,1.8726539611816406
2002-10-21,1.9144221544265747
2002-10-22,1.9060704708099365
2002-10-23,1.907461404800415
2002-10-24,1.91999351978302
2002-10-25,1.928347110748291
2002-10-28,1.928347110748291
2002-10-29,1.922776460647583
2002-10-30,1.9353076219558716
2002-10-31,1.9158161878585815
2002-11-01,1.932523488998413
2002-11-04,1.964547038078308
2002-11-05,1.9603697061538696
2002-11-06,1.9923927783966064
2002-11-07,1.961761713027954
2002-11-08,1.9701156616210938
2002-11-11,1.9339159727096558
2002-11-12,1.9422694444656372
2002-11-13,1.9464462995529175
2002-11-14,1.9756845235824585
2002-11-15,1.9868234395980835
2002-11-18,1.9937855005264282
2002-11-19,1.9659390449523926
2002-11-20,2.002138137817383
2002-11-21,2.0634002685546875
2002-11-22,2.0745387077331543
2002-11-25,2.096816301345825
2002-11-26,2.0870697498321533
2002-11-27,2.106562614440918
2002-11-29,2.109346628189087
2002-12-02,2.1190927028656006
2002-12-03,2.1023848056793213
2002-12-04,2.0895397663116455
2002-12-05,2.0353026390075684
2002-12-06,2.0324487686157227
2002-12-09,1.9696483612060547
2002-12-10,1.9967666864395142
2002-12-11,2.0053296089172363
2002-12-12,2.0024755001068115
2002-12-13,1.9725022315979004
2002-12-16,1.998193621635437
2002-12-17,1.981066346168518
2002-12-18,1.9667930603027344
2002-12-19,1.9439576864242554
2002-12-20,1.935393214225769
2002-12-23,1.935393214225769
2002-12-24,1.9268298149108887
2002-12-26,1.9296844005584717
2002-12-27,1.9182661771774292
2002-12-30,1.8940021991729736
2002-12-31,1.8911471366882324
2003-01-02,1.9896306991577148
2003-01-03,1.9953385591506958
2003-01-06,2.0724122524261475
2003-01-07,2.1023848056793213
2003-01-08,2.0966756343841553
2003-01-09,2.1195130348205566
2003-01-10,2.1109488010406494
2003-01-13,2.1023848056793213
2003-01-14,2.0966756343841553
2003-01-15,2.063847780227661
2003-01-16,2.0824036598205566
2003-01-17,2.063847780227661
2003-01-21,2.0452935695648193
2003-01-22,2.041012763977051
2003-01-23,2.0338752269744873
2003-01-24,1.869738221168518
2003-01-27,1.8326292037963867
2003-01-28,1.8411927223205566
2003-01-29,1.8426202535629272
2003-01-30,1.8197836875915527
2003-01-31,1.8312017917633057
2003-02-03,1.8454737663269043
2003-02-04,1.8397656679153442
2003-02-05,1.8326292037963867
2003-02-06,1.8269197940826416
2003-02-07,1.8097920417785645
2003-02-10,1.8197836875915527
2003-02-11,1.8197836875915527
2003-02-12,1.7998017072677612
2003-02-13,1.7598378658294678
2003-02-14,1.762691617012024
2003-02-18,1.79694664478302
2003-02-19,1.7755380868911743
2003-02-20,1.7655467987060547
2003-02-21,1.7955200672149658
2003-02-24,1.7726835012435913
2003-02-25,1.7926651239395142
2003-02-26,1.8126471042633057
2003-02-27,1.8383381366729736
2003-02-28,1.8583189249038696
2003-03-03,1.8326292037963867
2003-03-04,1.816928505897522
2003-03-05,1.8126471042633057
2003-03-06,1.7855291366577148
2003-03-07,1.7755380868911743
2003-03-10,1.7270100116729736
2003-03-11,1.6550509929656982
2003-03-12,1.6374297142028809
2003-03-13,1.7270100116729736
2003-03-14,1.709387183189392
2003-03-17,1.7681288719177246
2003-03-18,1.7622555494308472
2003-03-19,1.7769408226013184
2003-03-20,1.7710667848587036
2003-03-21,1.8165924549102783
2003-03-24,1.7607873678207397
2003-03-25,1.7886892557144165
2003-03-26,1.8004380464553833
2003-03-27,1.8077809810638428
2003-03-28,1.8048430681228638
2003-03-31,1.7916258573532104
2003-04-01,1.7975006103515625
2003-04-02,1.8327455520629883
2003-04-03,1.8459625244140625
2003-04-04,1.8709274530410767
2003-04-07,1.885613203048706
2003-04-08,1.8723952770233154
2003-04-09,1.8679908514022827
2003-04-10,1.8723952770233154
2003-04-11,1.879738688468933
2003-04-14,1.9047046899795532
2003-04-15,1.9164530038833618
2003-04-16,1.9120471477508545
2003-04-17,1.9223273992538452
2003-04-21,1.935544490814209
2003-04-22,1.9619771242141724
2003-04-23,1.9795994758605957
2003-04-24,1.9575717449188232
2003-04-25,1.9370124340057373
2003-04-28,1.966383457183838
2003-04-29,1.9854739904403687
2003-04-30,1.9751945734024048
2003-05-01,1.9693208932876587
2003-05-02,2.0133755207061768
2003-05-05,2.0221874713897705
2003-05-06,2.0412797927856445
2003-05-07,2.0544958114624023
2003-05-08,2.0471532344818115
2003-05-09,2.066244125366211
2003-05-12,2.10002064704895
2003-05-13,2.098551034927368
2003-05-14,2.113237142562866
2003-05-15,2.0882725715637207
2003-05-16,2.1029574871063232
2003-05-19,2.0603697299957275
2003-05-20,2.0618393421173096
2003-05-21,2.0677123069763184
2003-05-22,2.0838654041290283
2003-05-23,2.098551034927368
2003-05-27,2.149951457977295
2003-05-28,2.170510768890381
2003-05-29,2.166106700897217
2003-05-30,2.2086939811706543
2003-06-02,2.2204408645629883
2003-06-03,2.2351279258728027
2003-06-04,2.260611057281494
2003-06-05,2.2471201419830322
2003-06-06,2.250117540359497
2003-06-09,2.205145835876465
2003-06-10,2.2171380519866943
2003-06-11,2.2576136589050293
2003-06-12,2.2561142444610596
2003-06-13,2.241123676300049
2003-06-16,2.2546160221099854
2003-06-17,2.2546160221099854
2003-06-18,2.2456209659576416
2003-06-19,2.2366268634796143
2003-06-20,2.2336273193359375
2003-06-23,2.182659149169922
2003-06-24,2.200648784637451
2003-06-25,2.190155506134033
2003-06-26,2.206644058227539
2003-06-27,2.218637228012085
2003-06-30,2.2396230697631836
2003-07-01,2.2426228523254395
2003-07-02,2.2456209659576416
2003-07-03,2.2471201419830322
2003-07-07,2.2666070461273193
2003-07-08,2.2666070461273193
2003-07-09,2.269606351852417
2003-07-10,2.251617431640625
2003-07-11,2.2845964431762695
2003-07-14,2.3010873794555664
2003-07-15,2.2920920848846436
2003-07-16,2.275602340698242
2003-07-17,2.2636098861694336
2003-07-18,2.290592670440674
2003-07-21,2.250117540359497
2003-07-22,2.2935917377471924
2003-07-23,2.308582305908203
2003-07-24,2.308582305908203
2003-07-25,2.323573112487793
2003-07-28,2.3460590839385986
2003-07-29,2.3070831298828125
2003-07-30,2.308582305908203
2003-07-31,2.308582305908203
2003-08-01,2.2845964431762695
2003-08-04,2.2800989151000977
2003-08-05,2.278599977493286
2003-08-06,2.278599977493286
2003-08-07,2.278599977493286
2003-08-08,2.290592670440674
2003-08-11,2.2800989151000977
2003-08-12,2.314578056335449
2003-08-13,2.3220736980438232
2003-08-14,2.323573112487793
2003-08-15,2.331068277359009
2003-08-18,2.3535547256469727
2003-08-19,2.3700435161590576
2003-08-20,2.376039743423462
2003-08-21,2.4045228958129883
2003-08-22,2.4090206623077393
2003-08-25,2.3640477657318115
2003-08-26,2.3715429306030273
2003-08-27,2.368544578552246
2003-08-28,2.407520294189453
2003-08-29,2.413517951965332
2003-09-02,2.4375030994415283
2003-09-03,2.456991195678711
2003-09-04,2.460042715072632
2003-09-05,2.450885772705078
2003-09-08,2.4539389610290527
2003-09-09,2.4340991973876953
2003-09-10,2.3898439407348633
2003-09-11,2.3898439407348633
2003-09-12,2.426469087600708
2003-09-15,2.426469087600708
2003-09-16,2.4630954265594482
2003-09-17,2.478356122970581
2003-09-18,2.511930227279663
2003-09-19,2.5165090560913086
2003-09-22,2.4753036499023438
2003-09-23,2.514981985092163
2003-09-24,2.4737775325775146
2003-09-25,2.469200372695923
2003-09-26,2.412733793258667
2003-09-29,2.4157872200012207
2003-09-30,2.4035775661468506
2003-10-01,2.469200372695923
2003-10-02,2.4646220207214355
2003-10-03,2.4997200965881348
2003-10-06,2.5058257579803467
2003-10-07,2.539400577545166
2003-10-08,2.5287177562713623
2003-10-09,2.565342426300049
2003-10-10,2.553133726119995
2003-10-13,2.5699193477630615
2003-10-14,2.5699193477630615
2003-10-15,2.5256643295288086
2003-10-16,2.539400577545166
2003-10-17,2.5256643295288086
2003-10-20,2.5256643295288086
2003-10-21,2.551608085632324
2003-10-22,2.518033742904663
2003-10-23,2.495142936706543
2003-10-24,2.493616819381714
2003-10-27,2.513455867767334
2003-10-28,2.5592381954193115
2003-10-29,2.5744991302490234
2003-10-30,2.5714476108551025
2003-10-31,2.579077959060669
2003-11-03,2.556187391281128
2003-11-04,2.562290668487549
2003-11-05,2.579077959060669
2003-11-06,2.579077959060669
2003-11-07,2.586707830429077
2003-11-10,2.5638155937194824
2003-11-11,2.5744991302490234
2003-11-12,2.597390651702881
2003-11-13,2.6080727577209473
2003-11-14,2.5744991302490234
2003-11-17,2.5348212718963623
2003-11-18,2.5592381954193115
2003-11-19,2.5699193477630615
2003-11-20,2.539400577545166
2003-11-21,2.562290668487549
2003-11-24,2.6126508712768555
2003-11-25,2.6111254692077637
2003-11-26,2.641646146774292
2003-11-28,2.6492764949798584
2003-12-01,2.670642375946045
2003-12-02,2.6843762397766113
2003-12-03,2.6782712936401367
2003-12-04,2.6486692428588867
2003-12-05,2.636204957962036
2003-12-08,2.6564598083496094
2003-12-09,2.6346466541290283
2003-12-10,2.6097195148468018
2003-12-11,2.633090019226074
2003-12-12,2.633090019226074
2003-12-15,2.6424384117126465
2003-12-16,2.6471126079559326
2003-12-17,2.6517863273620605
2003-12-18,2.6626925468444824
2003-12-19,2.6704823970794678
2003-12-22,2.606602668762207
2003-12-23,2.5988118648529053
2003-12-24,2.611276388168335
2003-12-26,2.6081607341766357
2003-12-29,2.6486692428588867
2003-12-30,2.661134958267212
2003-12-31,2.693852663040161
2004-01-02,2.6439945697784424
2004-01-05,2.667365789413452
2004-01-06,2.6969683170318604
2004-01-07,2.700085163116455
2004-01-08,2.7265725135803223
2004-01-09,2.721897840499878
2004-01-12,2.748385190963745
2004-01-13,2.7265725135803223
2004-01-14,2.763965606689453
2004-01-15,2.7795450687408447
2004-01-16,2.799800395965576
2004-01-20,2.8107056617736816
2004-01-21,2.826287269592285
2004-01-22,2.8278439044952393
2004-01-23,2.812264919281006
2004-01-26,2.823169469833374
2004-01-27,2.824728488922119
2004-01-28,2.784219741821289
2004-01-29,2.7811028957366943
2004-01-30,2.7811028957366943
2004-02-02,2.7857773303985596
2004-02-03,2.7904515266418457
2004-02-04,2.774871587753296
2004-02-05,2.768639326095581
2004-02-06,2.8278439044952393
2004-02-09,2.8605618476867676
2004-02-10,2.8699111938476562
2004-02-11,2.9119787216186523
2004-02-12,2.9104201793670654
2004-02-13,2.882376194000244
2004-02-17,2.897956371307373
2004-02-18,2.9166529178619385
2004-02-19,2.9088635444641113
2004-02-20,2.8870491981506348
2004-02-23,2.830961227416992
2004-02-24,2.7717549800872803
2004-02-25,2.796684741973877
2004-02-26,2.820054769515991
2004-02-27,2.8449833393096924
2004-03-01,2.8667962551116943
2004-03-02,2.8761441707611084
2004-03-03,2.8667962551116943
2004-03-04,2.855689764022827
2004-03-05,2.874727249145508
2004-03-08,2.849344491958618
2004-03-09,2.8239588737487793
2004-03-10,2.793815851211548
2004-03-11,2.7367029190063477
2004-03-12,2.7541539669036865
2004-03-15,2.701800584793091
2004-03-16,2.7208378314971924
2004-03-17,2.7620882987976074
2004-03-18,2.77636456489563
2004-03-19,2.78271222114563
2004-03-22,2.7271835803985596
2004-03-23,2.7208378314971924
2004-03-24,2.7208378314971924
2004-03-25,2.7557408809661865
2004-03-26,2.752567768096924
2004-03-29,2.7985761165618896
2004-03-30,2.809680938720703
2004-03-31,2.8239588737487793
2004-04-01,2.858861207962036
2004-04-02,2.8731415271759033
2004-04-05,2.8794875144958496
2004-04-06,2.892178773880005
2004-04-07,2.8604490756988525
2004-04-08,2.884247303009033
2004-04-12,2.90804386138916
2004-04-13,2.855689764022827
2004-04-14,2.839824676513672
2004-04-15,2.8382391929626465
2004-04-16,2.8525161743164062
2004-04-19,2.8334789276123047
2004-04-20,2.7842979431152344
2004-04-21,2.8080952167510986
2004-04-22,2.8334789276123047
2004-04-23,2.8382391929626465
2004-04-26,2.830305814743042
2004-04-27,2.8334789276123047
2004-04-28,2.8001630306243896
2004-04-29,2.7557408809661865
2004-04-30,2.67958927154541
2004-05-03,2.706559419631958
2004-05-04,2.709733247756958
2004-05-05,2.7224249839782715
2004-05-06,2.7049736976623535
2004-05-07,2.643099308013916
2004-05-10,2.468585729598999
2004-05-11,2.4828648567199707
2004-05-12,2.498728036880493
2004-05-13,2.519355058670044
2004-05-14,2.530458927154541
2004-05-17,2.4907965660095215
2004-05-18,2.519355058670044
2004-05-19,2.5288712978363037
2004-05-20,2.5241127014160156
2004-05-21,2.5542550086975098
2004-05-24,2.598677635192871
2004-05-25,2.670069932937622
2004-05-26,2.682762384414673
2004-05-27,2.7192509174346924
2004-05-28,2.712904930114746
2004-06-01,2.731942892074585
2004-06-02,2.7478086948394775
2004-06-03,2.731942892074585
2004-06-04,2.7805562019348145
2004-06-07,2.8324060440063477
2004-06-08,2.8162038326263428
2004-06-09,2.8097217082977295
2004-06-10,2.8162038326263428
2004-06-14,2.7854161262512207
2004-06-15,2.7805562019348145
2004-06-16,2.799999713897705
2004-06-17,2.7983787059783936
2004-06-18,2.811342239379883
2004-06-21,2.7967586517333984
2004-06-22,2.790276527404785
2004-06-23,2.7983787059783936
2004-06-24,2.791897773742676
2004-06-25,2.790276527404785
2004-06-28,2.799999713897705
2004-06-29,2.827544689178467
2004-06-30,2.853470802307129
2004-07-01,2.8097217082977295
2004-07-02,2.827544689178467
2004-07-06,2.8016202449798584
2004-07-07,2.7983787059783936
2004-07-08,2.7578699588775635
2004-07-09,2.7854161262512207
2004-07-12,2.787036657333374
2004-07-13,2.8178229331970215
2004-07-14,2.8032398223876953
2004-07-15,2.8097217082977295
2004-07-16,2.8243041038513184
2004-07-19,2.8162038326263428
2004-07-20,2.8178229331970215
2004-07-21,2.806481122970581
2004-07-22,2.8162038326263428
2004-07-23,2.791897773742676
2004-07-26,2.746527910232544
2004-07-27,2.782175302505493
2004-07-28,2.769212007522583
2004-07-29,2.7967586517333984
2004-07-30,2.8081014156341553
2004-08-02,2.8129630088806152
2004-08-03,2.8226842880249023
2004-08-04,2.8178229331970215
2004-08-05,2.7935190200805664
2004-08-06,2.754629373550415
2004-08-09,2.7303225994110107
2004-08-10,2.746527910232544
2004-08-11,2.746527910232544
2004-08-12,2.7141201496124268
2004-08-13,2.7141201496124268
2004-08-16,2.73518443107605
2004-08-17,2.756249189376831
2004-08-18,2.7724533081054688
2004-08-19,2.7837955951690674
2004-08-20,2.7951388359069824
2004-08-23,2.790276527404785
2004-08-24,2.806481122970581
2004-08-25,2.851850748062134
2004-08-26,2.851850748062134
2004-08-27,2.884258270263672
2004-08-30,2.88912034034729
2004-08-31,2.8907406330108643
2004-09-01,2.9150452613830566
2004-09-02,2.9150452613830566
2004-09-03,2.913224935531616
2004-09-07,2.928114175796509
2004-09-08,2.928114175796509
2004-09-09,2.9363858699798584
2004-09-10,2.9446568489074707
2004-09-13,2.9446568489074707
2004-09-14,2.9678170680999756
2004-09-15,2.9529290199279785
2004-09-16,2.9578919410705566
2004-09-17,2.9678170680999756
2004-09-20,2.971125602722168
2004-09-21,2.9694714546203613
2004-09-22,2.9760894775390625
2004-09-23,2.949619770050049
2004-09-24,2.972781181335449
2004-09-27,2.946312665939331
2004-09-28,2.9446568489074707
2004-09-29,2.9479658603668213
2004-09-30,2.972781181335449
2004-10-01,3.010829448699951
2004-10-04,3.0571494102478027
2004-10-05,3.0770020484924316
2004-10-06,3.068730354309082
2004-10-07,3.0488781929016113
2004-10-08,3.050532579421997
2004-10-11,3.0290260314941406
2004-10-12,3.027371883392334
2004-10-13,3.0075204372406006
2004-10-14,3.010829448699951
2004-10-15,2.9909780025482178
2004-10-18,3.0058679580688477
2004-10-19,2.987668752670288
2004-10-20,3.0058679580688477
2004-10-21,3.0207555294036865
2004-10-22,3.019099473953247
2004-10-25,3.0141377449035645
2004-10-26,3.043915033340454
2004-10-27,3.0538406372070312
2004-10-28,3.063767433166504
2004-10-29,3.0819647312164307
2004-11-01,3.0588037967681885
2004-11-02,3.0803093910217285
2004-11-03,3.0935444831848145
2004-11-04,3.1431736946105957
2004-11-05,3.1712965965270996
2004-11-08,3.1646792888641357
2004-11-09,3.1845309734344482
2004-11-10,3.1928024291992188
2004-11-11,3.1961119174957275
2004-11-12,3.2473957538604736
2004-11-15,3.2457404136657715
2004-11-16,3.225888967514038
2004-11-17,3.235813617706299
2004-11-18,3.242431640625
2004-11-19,3.250704526901245
2004-11-22,3.242431640625
2004-11-23,3.225888967514038
2004-11-24,3.2689003944396973
2004-11-26,3.305295467376709
2004-11-29,3.30694842338562
2004-11-30,3.356579065322876
2004-12-01,3.3896634578704834
2004-12-02,3.3693368434906006
2004-12-03,3.3608665466308594
2004-12-06,3.36425518989563
2004-12-07,3.3337628841400146
2004-12-08,3.3507020473480225
2004-12-09,3.3490095138549805
2004-12-10,3.3608665466308594
2004-12-13,3.3574776649475098
2004-12-14,3.362560749053955
2004-12-15,3.3964388370513916
2004-12-16,3.384582996368408
2004-12-17,3.4015209674835205
2004-12-20,3.3879706859588623
2004-12-21,3.4303202629089355
2004-12-22,3.4726691246032715
2004-12-23,3.474363327026367
2004-12-27,3.474363327026367
2004-12-28,3.469282388687134
2004-12-29,3.354091167449951
2004-12-30,3.4049105644226074
2004-12-31,3.4625065326690674
2005-01-03,3.3879706859588623
2005-01-04,3.303271532058716
2005-01-05,3.2185723781585693
2005-01-06,3.2524518966674805
2005-01-07,3.262615442276001
2005-01-10,3.2676968574523926
2005-01-11,3.2338178157806396
2005-01-12,3.2270421981811523
2005-01-13,3.201632261276245
2005-01-14,3.1880791187286377
2005-01-18,3.2575321197509766
2005-01-19,3.203326463699341
2005-01-20,3.232123613357544
2005-01-21,3.18977427482605
2005-01-24,3.198244094848633
2005-01-25,3.2185723781585693
2005-01-26,3.250758171081543
2005-01-27,3.264310598373413
2005-01-28,3.2389001846313477
2005-01-31,3.3015756607055664
2005-02-01,3.3574776649475098
2005-02-02,3.4049105644226074
2005-02-03,3.3879706859588623
2005-02-04,3.40999174118042
2005-02-07,3.4387903213500977
2005-02-08,3.4303202629089355
2005-02-09,3.4557297229766846
2005-02-10,3.4184634685516357
2005-02-11,3.4184634685516357
2005-02-14,3.4167685508728027
2005-02-15,3.4337077140808105
2005-02-16,3.425238847732544
2005-02-17,3.420156478881836
2005-02-18,3.4116854667663574
2005-02-22,3.345621109008789
2005-02-23,3.3659486770629883
2005-02-24,3.3608665466308594
2005-02-25,3.4066052436828613
2005-02-28,3.39813494682312
2005-03-01,3.4303202629089355
2005-03-02,3.454035520553589
2005-03-03,3.47304368019104
2005-03-04,3.47304368019104
2005-03-07,3.4661307334899902
2005-03-08,3.47304368019104
2005-03-09,3.4592204093933105
2005-03-10,3.4246623516082764
2005-03-11,3.3952879905700684
2005-03-14,3.3952879905700684
2005-03-15,3.4091126918792725
2005-03-16,3.3866488933563232
2005-03-17,3.3434507846832275
2005-03-18,3.3158047199249268
2005-03-21,3.2466888427734375
2005-03-22,3.2691524028778076
2005-03-23,3.2345945835113525
2005-03-24,3.2708799839019775
2005-03-28,3.2985265254974365
2005-03-29,3.2674243450164795
2005-03-30,3.2795207500457764
2005-03-31,3.2795207500457764
2005-04-01,3.2691524028778076
2005-04-04,3.231140375137329
2005-04-05,3.2224996089935303
2005-04-06,3.2345945835113525
2005-04-07,3.2536025047302246
2005-04-08,3.2656967639923096
2005-04-11,3.2639682292938232
2005-04-12,3.295070171356201
2005-04-13,3.2656967639923096
2005-04-14,3.16202449798584
2005-04-15,3.066990613937378
2005-04-18,3.037616014480591
2005-04-19,3.087726354598999
2005-04-20,3.0773582458496094
2005-04-21,3.1153714656829834
2005-04-22,3.1378333568573
2005-04-25,3.1879422664642334
2005-04-26,3.225956916809082
2005-04-27,3.227682590484619
2005-04-28,3.155111789703369
2005-04-29,3.182758092880249
2005-05-02,3.1706631183624268
2005-05-03,3.174119710922241
2005-05-04,3.2224996089935303
2005-05-05,3.201765537261963
2005-05-06,3.1844873428344727
2005-05-09,3.165479898452759
2005-05-10,3.110187292098999
2005-05-11,3.127467155456543
2005-05-12,3.0963637828826904
2005-05-13,3.1067311763763428
2005-05-16,3.1291935443878174
2005-05-17,3.136106491088867
2005-05-18,3.168935775756836
2005-05-19,3.1913981437683105
2005-05-20,3.219043254852295
2005-05-23,3.2432336807250977
2005-05-24,3.2622413635253906
2005-05-25,3.239778757095337
2005-05-26,3.2691524028778076
2005-05-27,3.2916150093078613
2005-05-31,3.295070171356201
2005-06-01,3.296799421310425
2005-06-02,3.3232719898223877
2005-06-03,3.317976713180542
2005-06-06,3.3109188079833984
2005-06-07,3.293269395828247
2005-06-08,3.2826786041259766
2005-06-09,3.317976713180542
2005-06-10,3.3162124156951904
2005-06-13,3.3444504737854004
2005-06-14,3.3303303718566895
2005-06-15,3.3356261253356934
2005-06-16,3.3550405502319336
2005-06-17,3.3462154865264893
2005-06-20,3.3215081691741943
2005-06-21,3.3162124156951904
2005-06-22,3.3232719898223877
2005-06-23,3.3126816749572754
2005-06-24,3.3003299236297607
2005-06-27,3.2915050983428955
2005-06-28,3.317976713180542
2005-06-29,3.3303303718566895
2005-06-30,3.332097291946411
2005-07-01,3.349745750427246
2005-07-05,3.37445330619812
2005-07-06,3.3797473907470703
2005-07-07,3.3709239959716797
2005-07-08,3.427401065826416
2005-07-11,3.4768176078796387
2005-07-12,3.501523971557617
2005-07-13,3.4979958534240723
2005-07-14,3.538588285446167
2005-07-15,3.520939350128174
2005-07-18,3.508584976196289
2005-07-19,3.5456461906433105
2005-07-20,3.513880491256714
2005-07-21,3.4874048233032227
2005-07-22,3.464462995529175
2005-07-25,3.4944653511047363
2005-07-26,3.4856412410736084
2005-07-27,3.5279972553253174
2005-07-28,3.547412395477295
2005-07-29,3.556234836578369
2005-08-01,3.538588285446167
2005-08-02,3.566824197769165
2005-08-03,3.5703563690185547
2005-08-04,3.5615334510803223
2005-08-05,3.554471492767334
2005-08-08,3.520939350128174
2005-08-09,3.5297632217407227
2005-08-10,3.547412395477295
2005-08-11,3.556234836578369
2005-08-12,3.556234836578369
2005-08-15,3.565061569213867
2005-08-16,3.5597667694091797
2005-08-17,3.5491769313812256
2005-08-18,3.538588285446167
2005-08-19,3.554471492767334
2005-08-22,3.524467706680298
2005-08-23,3.533292770385742
2005-08-24,3.5297632217407227
2005-08-25,3.5615334510803223
2005-08-26,3.554471492767334
2005-08-29,3.59153413772583
2005-08-30,3.5880050659179688
2005-08-31,3.6091835498809814
2005-09-01,3.6217832565307617
2005-09-02,3.6235835552215576
2005-09-06,3.6415839195251465
2005-09-07,3.630784749984741
2005-09-08,3.6181845664978027
2005-09-09,3.6415839195251465
2005-09-12,3.627183437347412
2005-09-13,3.62538480758667
2005-09-14,3.62538480758667
2005-09-15,3.6217832565307617
2005-09-16,3.627183437347412
2005-09-19,3.6001830101013184
2005-09-20,3.573180913925171
2005-09-21,3.598381757736206
2005-09-22,3.583981990814209
2005-09-23,3.6001830101013184
2005-09-26,3.56238055229187
2005-09-27,3.5389790534973145
2005-09-28,3.560579538345337
2005-09-29,3.567781448364258
2005-09-30,3.5785818099975586
2005-10-03,3.5947823524475098
2005-10-04,3.580381393432617
2005-10-05,3.5749802589416504
2005-10-06,3.524578809738159
2005-10-07,3.5785818099975586
2005-10-10,3.5299782752990723
2005-10-11,3.5011773109436035
2005-10-12,3.4741761684417725
2005-10-13,3.477776050567627
2005-10-14,3.4723751544952393
2005-10-17,3.5191798210144043
2005-10-18,3.5029776096343994
2005-10-19,3.528179168701172
2005-10-20,3.528179168701172
2005-10-21,3.528179168701172
2005-10-24,3.560579538345337
2005-10-25,3.5425796508789062
2005-10-26,3.582181215286255
2005-10-27,3.565980911254883
2005-10-28,3.5587806701660156
2005-10-31,3.5713818073272705
2005-11-01,3.569582462310791
2005-11-02,3.5947823524475098
2005-11-03,3.6325862407684326
2005-11-04,3.6361849308013916
2005-11-07,3.627183437347412
2005-11-08,3.6523854732513428
2005-11-09,3.6361849308013916
2005-11-10,3.668586015701294
2005-11-11,3.684786558151245
2005-11-14,3.6901869773864746
2005-11-15,3.668586015701294
2005-11-16,3.6235835552215576
2005-11-17,3.643385410308838
2005-11-18,3.682987928390503
2005-11-21,3.6991875171661377
2005-11-22,3.7063872814178467
2005-11-23,3.7171895503997803
2005-11-25,3.7315876483917236
2005-11-28,3.7261898517608643
2005-11-29,3.709989070892334
2005-11-30,3.7261898517608643
2005-12-01,3.767590284347534
2005-12-02,3.7786059379577637
2005-12-05,3.7327051162719727
2005-12-06,3.7363789081573486
2005-12-07,3.701491594314575
2005-12-08,3.7106735706329346
2005-12-09,3.7253613471984863
2005-12-12,3.7253613471984863
2005-12-13,3.714345932006836
2005-12-14,3.721688985824585
2005-12-15,3.7088377475738525
2005-12-16,3.690477132797241
2005-12-19,3.6629347801208496
2005-12-20,3.672116279602051
2005-12-21,3.7051658630371094
2005-12-22,3.723525285720825
2005-12-23,3.723525285720825
2005-12-27,3.681295394897461
2005-12-28,3.690477132797241
2005-12-29,3.684967041015625
2005-12-30,3.686805009841919
2006-01-03,3.6996569633483887
2006-01-04,3.7345428466796875
2006-01-05,3.7198543548583984
2006-01-06,3.7345428466796875
2006-01-09,3.7308709621429443
2006-01-10,3.7345428466796875
2006-01-11,3.7455577850341797
2006-01-12,3.7345428466796875
2006-01-13,3.7712645530700684
2006-01-17,3.754739999771118
2006-01-18,3.7345428466796875
2006-01-19,3.7932963371276855
2006-01-20,3.7382149696350098
2006-01-23,3.7345428466796875
2006-01-24,3.754739999771118
2006-01-25,3.7731001377105713
2006-01-26,3.8024754524230957
2006-01-27,3.837362766265869
2006-01-30,3.8061482906341553
2006-01-31,3.8061482906341553
2006-02-01,3.824509382247925
2006-02-02,3.7731001377105713
2006-02-03,3.7602460384368896
2006-02-06,3.7804439067840576
2006-02-07,3.7712645530700684
2006-02-08,3.789623498916626
2006-02-09,3.800640821456909
2006-02-10,3.8281795978546143
2006-02-13,3.8061482906341553
2006-02-14,3.879591464996338
2006-02-15,3.8667383193969727
2006-02-16,3.888770580291748
2006-02-17,3.908966064453125
2006-02-21,3.870410919189453
2006-02-22,3.910804033279419
2006-02-23,3.874082565307617
2006-02-24,3.864902973175049
2006-02-27,3.925493001937866
2006-02-28,3.907132387161255
2006-03-01,3.921818733215332
2006-03-02,3.953644275665283
2006-03-03,3.951772928237915
2006-03-06,3.923691511154175
2006-03-07,3.9143314361572266
2006-03-08,3.919949769973755
2006-03-09,3.884380340576172
2006-03-10,3.863788604736328
2006-03-13,3.8694040775299072
2006-03-14,3.8899953365325928
2006-03-15,3.8937408924102783
2006-03-16,3.8918685913085938
2006-03-17,3.8806354999542236
2006-03-20,3.8694040775299072
2006-03-21,3.8694040775299072
2006-03-22,3.86753249168396
2006-03-23,3.8731470108032227
2006-03-24,3.860044240951538
2006-03-27,3.871276378631592
2006-03-28,3.8656601905822754
2006-03-29,3.921818733215332
2006-03-30,3.919949769973755
2006-03-31,3.9087154865264893
2006-04-03,3.9124598503112793
2006-04-04,3.944281816482544
2006-04-05,3.964876413345337
2006-04-06,3.948028564453125
2006-04-07,3.940540313720703
2006-04-10,3.944281816482544
2006-04-11,3.9012274742126465
2006-04-12,3.903099775314331
2006-04-13,3.9180757999420166
2006-04-17,3.895613431930542
2006-04-18,3.9779789447784424
2006-04-19,3.987339735031128
2006-04-20,3.983595848083496
2006-04-21,3.9779789447784424
2006-04-24,3.957387685775757
2006-04-25,3.931180238723755
2006-04-26,3.966747522354126
2006-04-27,3.9686203002929688
2006-04-28,3.9779789447784424
2006-05-01,3.957387685775757
2006-05-02,3.9910826683044434
2006-05-03,4.013547897338867
2006-05-04,4.050987243652344
2006-05-05,4.077195644378662
2006-05-08,4.077195644378662
2006-05-09,4.062219142913818
2006-05-10,4.073452949523926
2006-05-11,4.021035671234131
2006-05-12,3.940540313720703
2006-05-15,3.9143314361572266
2006-05-16,3.9068446159362793
2006-05-17,3.839452028274536
2006-05-18,3.802013397216797
2006-05-19,3.7907803058624268
2006-05-22,3.7627005577087402
2006-05-23,3.7552125453948975
2006-05-24,3.7252604961395264
2006-05-25,3.802013397216797
2006-05-26,3.863788604736328
2006-05-30,3.828221321105957
2006-05-31,3.852555990219116
2006-06-01,3.9293086528778076
2006-06-02,3.9484195709228516
2006-06-05,3.894906759262085
2006-06-06,3.8490402698516846
2006-06-07,3.829927921295166
2006-06-08,3.8127284049987793
2006-06-09,3.8108184337615967
2006-06-12,3.7057034969329834
2006-06-13,3.49739146232605
2006-06-14,3.539436101913452
2006-06-15,3.621615171432495
2006-06-16,3.6407244205474854
2006-06-19,3.6063241958618164
2006-06-20,3.5929465293884277
2006-06-21,3.621615171432495
2006-06-22,3.627347946166992
2006-06-23,3.652190685272217
2006-06-26,3.6789498329162598
2006-06-27,3.6388137340545654
2006-06-28,3.6483685970306396
2006-06-29,3.698059320449829
2006-06-30,3.699971914291382
2006-07-03,3.7267277240753174
2006-07-05,3.7190816402435303
2006-07-06,3.707615375518799
2006-07-07,3.698059320449829
2006-07-10,3.6961491107940674
2006-07-11,3.7114386558532715
2006-07-12,3.656013250350952
2006-07-13,3.621615171432495
2006-07-14,3.54899263381958
2006-07-17,3.5508999824523926
2006-07-18,3.5337016582489014
2006-07-19,3.629258871078491
2006-07-20,3.6005918979644775
2006-07-21,3.5356123447418213
2006-07-24,3.564279317855835
2006-07-25,3.61205792427063
2006-07-26,3.634991407394409
2006-07-27,3.642636775970459
2006-07-28,3.69423770904541
2006-07-31,3.709526300430298
2006-08-01,3.6904165744781494
2006-08-02,3.707615375518799
2006-08-03,3.715261936187744
2006-08-04,3.707615375518799
2006-08-07,3.707615375518799
2006-08-08,3.6846818923950195
2006-08-09,3.67512583732605
2006-08-10,3.698059320449829
2006-08-11,3.688504219055176
2006-08-14,3.657926559448242
2006-08-15,3.720994472503662
2006-08-16,3.7630395889282227
2006-08-17,3.7878835201263428
2006-08-18,3.7878835201263428
2006-08-21,3.7840609550476074
2006-08-22,3.805083990097046
2006-08-23,3.7764170169830322
2006-08-24,3.7878835201263428
2006-08-25,3.806995391845703
2006-08-28,3.8375730514526367
2006-08-29,3.860506534576416
2006-08-30,3.889173746109009
2006-08-31,3.9350407123565674
2006-09-01,3.94480562210083
2006-09-05,3.948711633682251
2006-09-06,3.903795003890991
2006-09-07,3.864737033843994
2006-09-08,3.872548818588257
2006-09-11,3.845210313796997
2006-09-12,3.872548818588257
2006-09-13,3.9155125617980957
2006-09-14,3.9389472007751465
2006-09-15,3.954570770263672
2006-09-18,3.948711633682251
2006-09-19,3.93699312210083
2006-09-20,3.9858152866363525
2006-09-21,3.9838626384735107
2006-09-22,3.9877686500549316
2006-09-25,3.9799578189849854
2006-09-26,4.013156414031982
2006-09-27,3.993628740310669
2006-09-28,3.9838626384735107
2006-09-29,3.9916749000549316
2006-10-02,3.9604270458221436
2006-10-03,3.942852735519409
2006-10-04,3.96238112449646
2006-10-05,3.9662880897521973
2006-10-06,3.9604270458221436
2006-10-09,3.9662880897521973
2006-10-10,4.003392219543457
2006-10-11,4.013156414031982
2006-10-12,4.015109062194824
2006-10-13,4.017062187194824
2006-10-16,4.026826858520508
2006-10-17,4.003392219543457
2006-10-18,3.9838626384735107
2006-10-19,3.94480562210083
2006-10-20,3.9721462726593018
2006-10-23,3.9975333213806152
2006-10-24,3.9994852542877197
2006-10-25,4.005344867706299
2006-10-26,4.036590576171875
2006-10-27,4.050262451171875
2006-10-30,4.083458423614502
2006-10-31,4.114704608917236
2006-11-01,4.085412502288818
2006-11-02,4.069789886474609
2006-11-03,4.085412502288818
2006-11-06,4.145951271057129
2006-11-07,4.17329216003418
2006-11-08,4.186962127685547
2006-11-09,4.192821025848389
2006-11-10,4.216255187988281
2006-11-13,4.227972507476807
2006-11-14,4.270937919616699
2006-11-15,4.325615882873535
2006-11-16,4.323663711547852
2006-11-17,4.309993743896484
2006-11-20,4.30803918838501
2006-11-21,4.323663711547852
2006-11-22,4.32171106338501
2006-11-24,4.358815670013428
2006-11-27,4.268982887268066
2006-11-28,4.319758892059326
2006-11-29,4.368579387664795
2006-11-30,4.374438285827637
2006-12-01,4.343192100524902
2006-12-04,4.355179786682129
2006-12-05,4.345189094543457
2006-12-06,4.34918737411499
2006-12-07,4.329206943511963
2006-12-08,4.3631696701049805
2006-12-11,4.39113712310791
2006-12-12,4.361171722412109
2006-12-13,4.377155303955078
2006-12-14,4.389141082763672
2006-12-15,4.387144565582275
2006-12-18,4.375155448913574
2006-12-19,4.395134449005127
2006-12-20,4.395134449005127
2006-12-21,4.3731584548950195
2006-12-22,4.369165420532227
2006-12-26,4.403125286102295
2006-12-27,4.419108867645264
2006-12-28,4.441083908081055
2006-12-29,4.4370903968811035
2007-01-03,4.375155448913574
2007-01-04,4.361171722412109
2007-01-05,4.297244071960449
2007-01-08,4.32321310043335
2007-01-09,4.30323600769043
2007-01-10,4.35118293762207
2007-01-11,4.415110111236572
2007-01-12,4.4350905418396
2007-01-16,4.495025157928467
2007-01-17,4.479042053222656
2007-01-18,4.449073791503906
2007-01-19,4.477044105529785
2007-01-22,4.425100803375244
2007-01-23,4.4370903968811035
2007-01-24,4.471051216125488
2007-01-25,4.443081855773926
2007-01-26,4.4550676345825195
2007-01-29,4.467055320739746
2007-01-30,4.477044105529785
2007-01-31,4.50900936126709
2007-02-01,4.524991512298584
2007-02-02,4.558953285217285
2007-02-05,4.618886470794678
2007-02-06,4.598909378051758
2007-02-07,4.610895156860352
2007-02-08,4.614891052246094
2007-02-09,4.600906848907471
2007-02-12,4.586921215057373
2007-02-13,4.670829772949219
2007-02-14,4.714782238006592
2007-02-15,4.712782859802246
2007-02-16,4.680820465087891
2007-02-20,4.680820465087891
2007-02-21,4.6648359298706055
2007-02-22,4.670829772949219
2007-02-23,4.692803382873535
2007-02-26,4.7167792320251465
2007-02-27,4.574937343597412
2007-02-28,4.614891052246094
2007-03-01,4.588921070098877
2007-03-02,4.529799938201904
2007-03-05,4.411559581756592
2007-03-06,4.466603755950928
2007-03-07,4.472719192504883
2007-03-08,4.558342456817627
2007-03-09,4.690849304199219
2007-03-12,4.6745429039001465
2007-03-13,4.535915374755859
2007-03-14,4.558342456817627
2007-03-15,4.554261684417725
2007-03-16,4.5420331954956055
2007-03-19,4.623575210571289
2007-03-20,4.656193256378174
2007-03-21,4.707160949707031
2007-03-22,4.595034599304199
2007-03-23,4.590958118438721
2007-03-26,4.572610378265381
2007-03-27,4.548147678375244
2007-03-28,4.464563846588135
2007-03-29,4.499222278594971
2007-03-30,4.495144367218018
2007-04-02,4.505335807800293
2007-04-03,4.525722503662109
2007-04-04,4.562419414520264
2007-04-05,4.554261684417725
2007-04-09,4.570572376251221
2007-04-10,4.554261684417725
2007-04-11,4.523684501647949
2007-04-12,4.529799938201904
2007-04-13,4.558342456817627
2007-04-16,4.586880207061768
2007-04-17,4.584840774536133
2007-04-18,4.584840774536133
2007-04-19,4.570572376251221
2007-04-20,4.607266902923584
2007-04-23,4.625613689422607
2007-04-24,4.603189468383789
2007-04-25,4.5991129875183105
2007-04-26,4.586880207061768
2007-04-27,4.568533897399902
2007-04-30,4.491067409515381
2007-05-01,4.5216450691223145
2007-05-02,4.509415149688721
2007-05-03,4.535915374755859
2007-05-04,4.5277628898620605
2007-05-07,4.546108722686768
2007-05-08,4.517569065093994
2007-05-09,4.5277628898620605
2007-05-10,4.4584503173828125
2007-05-11,4.421753883361816
2007-05-14,4.415637493133545
2007-05-15,4.415637493133545
2007-05-16,4.4360246658325195
2007-05-17,4.429908275604248
2007-05-18,4.452335357666016
2007-05-21,4.474758148193359
2007-05-22,4.519607067108154
2007-05-23,4.513490676879883
2007-05-24,4.448256015777588
2007-05-25,4.460488319396973
2007-05-29,4.482912540435791
2007-05-30,4.5216450691223145
2007-05-31,4.558342456817627
2007-06-01,4.607266902923584
2007-06-04,4.630148410797119
2007-06-05,4.588547706604004
2007-06-06,4.542788505554199
2007-06-07,4.420064926147461
2007-06-08,4.472064971923828
2007-06-11,4.469987392425537
2007-06-12,4.409663677215576
2007-06-13,4.472064971923828
2007-06-14,4.4991068840026855
2007-06-15,4.519906997680664
2007-06-18,4.532388210296631
2007-06-19,4.52822732925415
2007-06-20,4.482466220855713
2007-06-21,4.492866039276123
2007-06-22,4.465825080871582
2007-06-25,4.445026874542236
2007-06-26,4.417984962463379
2007-06-27,4.488706111907959
2007-06-28,4.474145889282227
2007-06-29,4.455424785614014
2007-07-02,4.505346298217773
2007-07-03,4.515746116638184
2007-07-05,4.482466220855713
2007-07-06,4.4991068840026855
2007-07-09,4.513665676116943
2007-07-10,4.426306247711182
2007-07-11,4.461663722991943
2007-07-12,4.536546230316162
2007-07-13,4.538626194000244
2007-07-16,4.538626194000244
2007-07-17,4.536546230316162
2007-07-18,4.505346298217773
2007-07-19,4.544867515563965
2007-07-20,4.482466220855713
2007-07-23,4.432544708251953
2007-07-24,4.305664539337158
2007-07-25,4.316063404083252
2007-07-26,4.139261245727539
2007-07-27,4.114299774169922
2007-07-30,4.137181282043457
2007-07-31,4.101820468902588
2007-08-01,4.051898002624512
2007-08-02,4.089339256286621
2007-08-03,3.96661639213562
2007-08-06,3.999897003173828
2007-08-07,4.035258769989014
2007-08-08,4.097658634185791
2007-08-09,4.020698070526123
2007-08-10,4.016541004180908
2007-08-13,4.024857997894287
2007-08-14,3.9250168800354004
2007-08-15,3.7814955711364746
2007-08-16,3.6733338832855225
2007-08-17,3.868856906890869
2007-08-20,3.916696548461914
2007-08-21,4.0040602684021
2007-08-22,4.076859474182129
2007-08-23,4.041499137878418
2007-08-24,4.13093900680542
2007-08-27,4.114299774169922
2007-08-28,4.033179759979248
2007-08-29,4.139261245727539
2007-08-30,4.118458271026611
2007-08-31,4.155900955200195
2007-09-04,4.207025051116943
2007-09-05,4.17720365524292
2007-09-06,4.221936225891113
2007-09-07,4.1154303550720215
2007-09-10,4.087735176086426
2007-09-11,4.079216003417969
2007-09-12,4.049393177032471
2007-09-13,4.068565845489502
2007-09-14,4.0366129875183105
2007-09-17,3.9897501468658447
2007-09-18,4.1154303550720215
2007-09-19,4.151639461517334
2007-09-20,4.0898661613464355
2007-09-21,4.140989780426025
2007-09-24,4.143118858337402
2007-09-25,4.098387718200684
2007-09-26,4.11329984664917
2007-09-27,4.136730194091797
2007-09-28,4.1154303550720215
2007-10-01,4.160161972045898
2007-10-02,4.179330825805664
2007-10-03,4.162291049957275
2007-10-04,4.181463241577148
2007-10-05,4.230454444885254
2007-10-08,4.187851905822754
2007-10-09,4.253887176513672
2007-10-10,4.249626636505127
2007-10-11,4.23684549331665
2007-10-12,4.2624077796936035
2007-10-15,4.217674255371094
2007-10-16,4.170811653137207
2007-10-17,4.170811653137207
2007-10-18,4.1750712394714355
2007-10-19,4.064304828643799
2007-10-22,4.081345081329346
2007-10-23,4.100518703460693
2007-10-24,4.087735176086426
2007-10-25,4.0451340675354
2007-10-26,4.085604667663574
2007-10-29,4.100518703460693
2007-10-30,4.053654193878174
2007-10-31,4.074954509735107
2007-11-01,4.015312194824219
2007-11-02,4.0472636222839355
2007-11-05,3.9940104484558105
2007-11-06,4.0366129875183105
2007-11-07,3.927976608276367
2007-11-08,3.927976608276367
2007-11-09,3.898155927658081
2007-11-12,3.8406405448913574
2007-11-13,3.927976608276367
2007-11-14,3.9130640029907227
2007-11-15,3.8747239112854004
2007-11-16,3.866201639175415
2007-11-19,3.780996561050415
2007-11-20,3.7682156562805176
2007-11-21,3.7064425945281982
2007-11-23,3.7916476726531982
2007-11-26,3.6851396560668945
2007-11-27,3.761824131011963
2007-11-28,3.8683314323425293
2007-11-29,3.8768529891967773
2007-11-30,3.9620585441589355
2007-12-03,3.951409101486206
2007-12-04,3.9208104610443115
2007-12-05,3.929551124572754
2007-12-06,4.021344184875488
2007-12-07,4.0082316398620605
2007-12-10,3.992933988571167
2007-12-11,3.890212297439575
2007-12-12,3.879286050796509
2007-12-13,3.8683578968048096
2007-12-14,3.8530595302581787
2007-12-17,3.7700092792510986
2007-12-18,3.82464861869812
2007-12-19,3.8465027809143066
2007-12-20,3.8858423233032227
2007-12-21,3.9339234828948975
2007-12-24,3.999490737915039
2007-12-26,4.04319953918457
2007-12-27,3.9973020553588867
2007-12-28,4.030086994171143
2007-12-31,4.0606818199157715
2008-01-02,3.9623348712921143
2008-01-03,3.964521646499634
2008-01-04,3.8683578968048096
2008-01-07,3.833390712738037
2008-01-08,3.759084701538086
2008-01-09,3.750340461730957
2008-01-10,3.7284860610961914
2008-01-11,3.6519927978515625
2008-01-14,3.6672911643981934
2008-01-15,3.5383448600769043
2008-01-16,3.5077483654022217
2008-01-17,3.402843952178955
2008-01-18,3.3416500091552734
2008-01-22,3.3110525608062744
2008-01-23,3.3809895515441895
2008-01-24,3.429069757461548
2008-01-25,3.40939998626709
2008-01-28,3.4858930110931396
2008-01-29,3.5820562839508057
2008-01-30,3.6060969829559326
2008-01-31,3.671661853790283
2008-02-01,3.7306716442108154
2008-02-04,3.7153725624084473
2008-02-05,3.6235809326171875
2008-02-06,3.6017251014709473
2008-02-07,3.6213948726654053
2008-02-08,3.6498067378997803
2008-02-11,3.6388790607452393
2008-02-12,3.6672911643981934
2008-02-13,3.6913325786590576
2008-02-14,3.568943500518799
2008-02-15,3.520862102508545
2008-02-19,3.518676519393921
2008-02-20,3.5754988193511963
2008-02-21,3.6213948726654053
2008-02-22,3.619210720062256
2008-02-25,3.6738474369049072
2008-02-26,3.7066311836242676
2008-02-27,3.7044453620910645
2008-02-28,3.6891472339630127
2008-02-29,3.6060969829559326
2008-03-03,3.577685832977295
2008-03-04,3.6046862602233887
2008-03-05,3.5686843395233154
2008-03-06,3.4876811504364014
2008-03-07,3.4336764812469482
2008-03-10,3.3031692504882812
2008-03-11,3.4336764812469482
2008-03-12,3.4426772594451904
2008-03-13,3.462928295135498
2008-03-14,3.3751742839813232
2008-03-17,3.2806694507598877
2008-03-18,3.4201765060424805
2008-03-19,3.339172601699829
2008-03-20,3.4291765689849854
2008-03-24,3.521432638168335
2008-03-25,3.552933931350708
2008-03-26,3.5596847534179688
2008-03-27,3.546182870864868
2008-03-28,3.4921817779541016
2008-03-31,3.528183698654175
2008-04-01,3.676690101623535
2008-04-02,3.6676881313323975
2008-04-03,3.6879398822784424
2008-04-04,3.70369029045105
2008-04-07,3.6879398822784424
2008-04-08,3.6676881313323975
2008-04-09,3.6046862602233887
2008-04-10,3.618187427520752
2008-04-11,3.521432638168335
2008-04-14,3.4696786403656006
2008-04-15,3.478679895401001
2008-04-16,3.6024370193481445
2008-04-17,3.606935739517212
2008-04-18,3.6901907920837402
2008-04-21,3.7216923236846924
2008-04-22,3.676690101623535
2008-04-23,3.70369029045105
2008-04-24,3.7351925373077393
2008-04-25,3.7621936798095703
2008-04-28,3.793696880340576
2008-04-29,3.7891948223114014
2008-04-30,3.7711949348449707
2008-05-01,3.813947916030884
2008-05-02,3.8274478912353516
2008-05-05,3.811696767807007
2008-05-06,3.8274478912353516
2008-05-07,3.764444351196289
2008-05-08,3.7531933784484863
2008-05-09,3.7666938304901123
2008-05-12,3.8049464225769043
2008-05-13,3.8274478912353516
2008-05-14,3.8792006969451904
2008-05-15,3.962453842163086
2008-05-16,3.9984562397003174
2008-05-19,3.991706371307373
2008-05-20,3.9669559001922607
2008-05-21,3.9084527492523193
2008-05-22,3.957954168319702
2008-05-23,3.930952548980713
2008-05-27,4.002957820892334
2008-05-28,4.068210124969482
2008-05-29,4.113213062286377
2008-05-30,4.151464462280273
2008-06-02,4.0997114181518555
2008-06-03,4.097460746765137
2008-06-04,4.039783477783203
2008-06-05,4.0928473472595215
2008-06-06,3.9913337230682373
2008-06-09,3.9705686569213867
2008-06-10,3.9244258403778076
2008-06-11,3.873668909072876
2008-06-12,3.8782854080200195
2008-06-13,3.8990485668182373
2008-06-16,3.9382708072662354
2008-06-17,3.9405763149261475
2008-06-18,3.919813394546509
2008-06-19,3.9105851650238037
2008-06-20,3.8598268032073975
2008-06-23,3.8459832668304443
2008-06-24,3.804454803466797
2008-06-25,3.776771306991577
2008-06-26,3.6937143802642822
2008-06-27,3.647571563720703
2008-06-30,3.6175804138183594
2008-07-01,3.6060423851013184
2008-07-02,3.49991512298584
2008-07-03,3.4514644145965576
2008-07-07,3.3499515056610107
2008-07-08,3.3868649005889893
2008-07-09,3.3222663402557373
2008-07-10,3.3130381107330322
2008-07-11,3.2738163471221924
2008-07-14,3.2668938636779785
2008-07-15,3.1907589435577393
2008-07-16,3.2991943359375
2008-07-17,3.4422366619110107
2008-07-18,3.4837646484375
2008-07-21,3.460693836212158
2008-07-22,3.573744297027588
2008-07-23,3.6175804138183594
2008-07-24,3.5575928688049316
2008-07-25,3.550670862197876
2008-07-28,3.5206780433654785
2008-07-29,3.5599000453948975
2008-07-30,3.6383419036865234
2008-07-31,3.6175804138183594
2008-08-01,3.592200994491577
2008-08-04,3.5299072265625
2008-08-05,3.654493808746338
2008-08-06,3.679870367050171
2008-08-07,3.596813678741455
2008-08-08,3.6844842433929443
2008-08-11,3.737549066543579
2008-08-12,3.7883048057556152
2008-08-13,3.756006956100464
2008-08-14,3.809069871902466
2008-08-15,3.829834461212158
2008-08-18,3.7883048057556152
2008-08-19,3.746778726577759
2008-08-20,3.7859981060028076
2008-08-21,3.767542839050293
2008-08-22,3.81829833984375
2008-08-25,3.737549066543579
2008-08-26,3.765235662460327
2008-08-27,3.7883048057556152
2008-08-28,3.8644416332244873
2008-08-29,3.8482911586761475
2008-09-02,3.8644416332244873
2008-09-03,3.875976800918579
2008-09-04,3.8002562522888184
2008-09-05,3.816819906234741
2008-09-08,3.852313995361328
2008-09-09,3.7292661666870117
2008-09-10,3.6961402893066406
2008-09-11,3.651179790496826
2008-09-12,3.651179790496826
2008-09-15,3.485539436340332
2008-09-16,3.3719587326049805
2008-09-17,3.2181482315063477
2008-09-18,3.293870687484741
2008-09-19,3.5494296550750732
2008-09-22,3.457146406173706
2008-09-23,3.502103805541992
2008-09-24,3.3956196308135986
2008-09-25,3.357760429382324
2008-09-26,3.3293650150299072
2008-09-29,2.9886186122894287
2008-09-30,3.151893138885498
2008-10-01,3.187387704849243
2008-10-02,3.128230571746826
2008-10-03,2.9957191944122314
2008-10-06,2.721228837966919
2008-10-07,2.602914810180664
2008-10-08,2.3875837326049805
2008-10-09,2.210111618041992
2008-10-10,2.1651523113250732
2008-10-13,2.3781182765960693
2008-10-14,2.444373846054077
2008-10-15,2.236140727996826
2008-10-16,2.335523843765259
2008-10-17,2.4301764965057373
2008-10-20,2.5035312175750732
2008-10-21,2.460937976837158
2008-10-22,2.337891101837158
2008-10-23,2.2550711631774902
2008-10-24,2.0705010890960693
2008-10-27,1.9782150983810425
2008-10-28,2.0326404571533203
2008-10-29,2.212477684020996
2008-10-30,2.219576597213745
2008-10-31,2.285831928253174
2008-11-03,2.300029993057251
2008-11-04,2.352088689804077
2008-11-05,2.252704620361328
2008-11-06,2.1438562870025635
2008-11-07,2.1438562870025635
2008-11-10,2.1367571353912354
2008-11-11,2.082331657409668
2008-11-12,1.9474533796310425
2008-11-13,1.9734827280044556
2008-11-14,1.9758491516113281
2008-11-17,1.9285227060317993
2008-11-18,1.8930290937423706
2008-11-19,1.6327375173568726
2008-11-20,1.3606144189834595
2008-11-21,1.4505343437194824
2008-11-24,1.6516677141189575
2008-11-25,1.6895281076431274
2008-11-26,1.7912788391113281
2008-11-28,1.8930290937423706
2008-12-01,1.696627140045166
2008-12-02,1.755785346031189
2008-12-03,1.7676151990890503
2008-12-04,1.8149853944778442
2008-12-05,1.852381944656372
2008-12-08,1.9371483325958252
2008-12-09,1.9172025918960571
2008-12-10,1.8997517824172974
2008-12-11,1.844902753829956
2008-12-12,1.857367753982544
2008-12-15,1.792547345161438
2008-12-16,1.9122165441513062
2008-12-17,1.9371483325958252
2008-12-18,1.9246822595596313
2008-12-19,1.9895026683807373
2008-12-22,1.9670647382736206
2008-12-23,1.9147093296051025
2008-12-24,1.9645717144012451
2008-12-26,1.9969820976257324
2008-12-29,1.9521065950393677
2008-12-30,2.01692795753479
2008-12-31,2.09171986579895
2009-01-02,2.1939382553100586
2009-01-05,2.2587592601776123
2009-01-06,2.313607931137085
2009-01-07,2.1939382553100586
2009-01-08,2.1814732551574707
2009-01-09,2.1640207767486572
2009-01-12,2.144075870513916
2009-01-13,2.114158868789673
2009-01-14,2.041858196258545
2009-01-15,1.984517216682434
2009-01-16,2.014434814453125
2009-01-20,1.8723256587982178
2009-01-21,1.9496139287948608
2009-01-22,1.9246822595596313
2009-01-23,1.9570927619934082
2009-01-26,1.9570927619934082
2009-01-27,1.9695587158203125
2009-01-28,2.0368709564208984
2009-01-29,1.9944894313812256
2009-01-30,1.9321613311767578
2009-02-02,1.9371483325958252
2009-02-03,1.9795310497283936
2009-02-04,1.9546000957489014
2009-02-05,1.9695587158203125
2009-02-06,2.05432391166687
2009-02-09,2.0817482471466064
2009-02-10,1.9944894313812256
2009-02-11,1.9820232391357422
2009-02-12,1.9895026683807373
2009-02-13,1.9820232391357422
2009-02-17,1.9072308540344238
2009-02-18,1.8324369192123413
2009-02-19,1.8025195598602295
2009-02-20,1.7052885293960571
2009-02-23,1.6030707359313965
2009-02-24,1.6629056930541992
2009-02-25,1.6928226947784424
2009-02-26,1.6703847646713257
2009-02-27,1.6055632829666138
2009-03-02,1.4983601570129395
2009-03-03,1.423567295074463
2009-03-04,1.5186470746994019
2009-03-05,1.41828453540802
2009-03-06,1.370744228363037
2009-03-09,1.3047159910202026
2009-03-10,1.4631834030151367
2009-03-11,1.4843122959136963
2009-03-12,1.6005219221115112
2009-03-13,1.6031635999679565
2009-03-16,1.6374973058700562
2009-03-17,1.6982438564300537
2009-03-18,1.7537076473236084
2009-03-19,1.7537076473236084
2009-03-20,1.7325787544250488
2009-03-23,1.8804818391799927
2009-03-24,1.8593523502349854
2009-03-25,1.8910465240478516
2009-03-26,1.9597153663635254
2009-03-27,1.9280210733413696
2009-03-30,1.8250179290771484
2009-03-31,1.8646340370178223
2009-04-01,1.883122444152832
2009-04-02,2.0046145915985107
2009-04-03,2.028384208679199
2009-04-06,2.0151782035827637
2009-04-07,1.9412270784378052
2009-04-08,1.9491502046585083
2009-04-09,2.0653610229492188
2009-04-13,2.083847999572754
2009-04-14,2.020461320877075
2009-04-15,2.0363070964813232
2009-04-16,2.0970542430877686
2009-04-17,2.1287477016448975
2009-04-20,2.0072555541992188
2009-04-21,2.0970542430877686
2009-04-22,2.1102592945098877
2009-04-23,2.083847999572754
2009-04-24,2.155158042907715
2009-04-27,2.136671304702759
2009-04-28,2.1340293884277344
2009-04-29,2.1974165439605713
2009-04-30,2.2396745681762695
2009-05-01,2.2687273025512695
2009-05-04,2.2792916297912598
2009-05-05,2.318908214569092
2009-05-06,2.395500421524048
2009-05-07,2.3690896034240723
2009-05-08,2.4456822872161865
2009-05-11,2.4166300296783447
2009-05-12,2.4192709922790527
2009-05-13,2.3004209995269775
2009-05-14,2.326831102371216
2009-05-15,2.287214756011963
2009-05-18,2.353243350982666
2009-05-19,2.2106218338012695
2009-05-20,2.165722370147705
2009-05-21,2.078565835952759
2009-05-22,2.0891306400299072
2009-05-26,2.1525163650512695
2009-05-27,2.11818265914917
2009-05-28,2.149876594543457
2009-05-29,2.2132630348205566
2009-06-01,2.3109853267669678
2009-06-02,2.3083443641662598
2009-06-03,2.2766504287719727
2009-06-04,2.326831102371216
2009-06-05,2.3109853267669678
2009-06-08,2.2951385974884033
2009-06-09,2.3030612468719482
2009-06-10,2.2819321155548096
2009-06-11,2.3004209995269775
2009-06-12,2.3426780700683594
2009-06-15,2.258162498474121
2009-06-16,2.202698230743408
2009-06-17,2.1710050106048584
2009-06-18,2.1921348571777344
2009-06-19,2.1921348571777344
2009-06-22,2.1049773693084717
2009-06-23,2.1076180934906006
2009-06-24,2.123464584350586
2009-06-25,2.1762874126434326
2009-06-26,2.1762874126434326
2009-06-29,2.21854567527771
2009-06-30,2.221187114715576
2009-07-01,2.258162498474121
2009-07-02,2.189493417739868
2009-07-06,2.1683647632598877
2009-07-07,2.0970542430877686
2009-07-08,2.0732836723327637
2009-07-09,2.0706429481506348
2009-07-10,2.0627191066741943
2009-07-13,2.1049773693084717
2009-07-14,2.11818265914917
2009-07-15,2.1921348571777344
2009-07-16,2.2370336055755615
2009-07-17,2.2449567317962646
2009-07-20,2.2792916297912598
2009-07-21,2.2740085124969482
2009-07-22,2.284573793411255
2009-07-23,2.3479604721069336
2009-07-24,2.3585245609283447
2009-07-27,2.371730327606201
2009-07-28,2.3822953701019287
2009-07-29,2.3585245609283447
2009-07-30,2.4166300296783447
2009-07-31,2.427194595336914
2009-08-03,2.4694526195526123
2009-08-04,2.5169918537139893
2009-08-05,2.522275924682617
2009-08-06,2.524916648864746
2009-08-07,2.5354814529418945
2009-08-10,2.5460448265075684
2009-08-11,2.5090696811676025
2009-08-12,2.5566093921661377
2009-08-13,2.5856618881225586
2009-08-14,2.55132794380188
2009-08-17,2.466810703277588
2009-08-18,2.4747350215911865
2009-08-19,2.482658624649048
2009-08-20,2.5196337699890137
2009-08-21,2.5883030891418457
2009-08-24,2.598867893218994
2009-08-25,2.627920389175415
2009-08-26,2.590945243835449
2009-08-27,2.5883030891418457
2009-08-28,2.5539681911468506
2009-08-31,2.532839059829712
2009-09-01,2.461528778076172
2009-09-02,2.4324774742126465
2009-09-03,2.45096492767334
2009-09-04,2.4932219982147217
2009-09-08,2.538121223449707
2009-09-09,2.5883030891418457
2009-09-10,2.627920389175415
2009-09-11,2.627920389175415
2009-09-14,2.651690721511841
2009-09-15,2.672818183898926
2009-09-16,2.7441303730010986
2009-09-17,2.741488456726074
2009-09-18,2.775822639465332
2009-09-21,2.7494118213653564
2009-09-22,2.7494118213653564
2009-09-23,2.7362060546875
2009-09-24,2.6833837032318115
2009-09-25,2.664895534515381
2009-09-28,2.7203595638275146
2009-09-29,2.715076208114624
2009-09-30,2.728282928466797
2009-10-01,2.670177698135376
2009-10-02,2.630560874938965
2009-10-05,2.6596131324768066
2009-10-06,2.709794759750366
2009-10-07,2.715076208114624
2009-10-08,2.7626161575317383
2009-10-09,2.7811055183410645
2009-10-12,2.812798023223877
2009-10-13,2.818080425262451
2009-10-14,2.844491720199585
2009-10-15,2.844491720199585
2009-10-16,2.855057716369629
2009-10-19,2.8576982021331787
2009-10-20,2.8656208515167236
2009-10-21,2.82600474357605
2009-10-22,2.844491720199585
2009-10-23,2.8022336959838867
2009-10-26,2.7520523071289062
2009-10-27,2.717716932296753
2009-10-28,2.593585252761841
2009-10-29,2.6490485668182373
2009-10-30,2.5566093921661377
2009-11-02,2.564532995223999
2009-11-03,2.5803792476654053
2009-11-04,2.57773756980896
2009-11-05,2.6464083194732666
2009-11-06,2.656972646713257
2009-11-09,2.709794759750366
2009-11-10,2.715076208114624
2009-11-11,2.717716932296753
2009-11-12,2.6807425022125244
2009-11-13,2.672818183898926
2009-11-16,2.730924367904663
2009-11-17,2.759976625442505
2009-11-18,2.7362060546875
2009-11-19,2.6781015396118164
2009-11-20,2.662254571914673
2009-11-23,2.6913068294525146
2009-11-24,2.6833837032318115
2009-11-25,2.6860246658325195
2009-11-27,2.6384851932525635
2009-11-30,2.6358420848846436
2009-12-01,2.6860246658325195
2009-12-02,2.725641965866089
2009-12-03,2.7203595638275146
2009-12-04,2.7520523071289062
2009-12-07,2.759976625442505
2009-12-08,2.7124364376068115
2009-12-09,2.717716932296753
2009-12-10,2.717716932296753
2009-12-11,2.7229995727539062
2009-12-14,2.767900228500366
2009-12-15,2.7652597427368164
2009-12-16,2.796952724456787
2009-12-17,2.7811055183410645
2009-12-18,2.7652597427368164
2009-12-21,2.7995941638946533
2009-12-22,2.8233635425567627
2009-12-23,2.852416753768921
2009-12-24,2.8788270950317383
2009-12-28,2.8761847019195557
2009-12-29,2.8761847019195557
2009-12-30,2.8576982021331787
2009-12-31,2.8497748374938965
2010-01-04,2.902597665786743
2010-01-05,2.9263668060302734
2010-01-06,2.905237913131714
2010-01-07,2.9395737648010254
2010-01-08,2.942213535308838
2010-01-11,2.942213535308838
2010-01-12,2.913160800933838
2010-01-13,2.9554197788238525
2010-01-14,2.963343858718872
2010-01-15,2.9263668060302734
2010-01-19,2.9607012271881104
2010-01-20,2.9210851192474365
2010-01-21,2.8603391647338867
2010-01-22,2.815439462661743
2010-01-25,2.812798023223877
2010-01-26,2.7731823921203613
2010-01-27,2.7731823921203613
2010-01-28,2.7441303730010986
2010-01-29,2.701870918273926
2010-02-01,2.7362060546875
2010-02-02,2.759976625442505
2010-02-03,2.7520523071289062
2010-02-04,2.6675362586975098
2010-02-05,2.664895534515381
2010-02-08,2.6490485668182373
2010-02-09,2.662254571914673
2010-02-10,2.6675362586975098
2010-02-11,2.717716932296753
2010-02-12,2.730924367904663
2010-02-16,2.791670083999634
2010-02-17,2.818080425262451
2010-02-18,2.847133159637451
2010-02-19,2.855057716369629
2010-02-22,2.862980604171753
2010-02-23,2.852416753768921
2010-02-24,2.8656208515167236
2010-02-25,2.855057716369629
2010-02-26,2.8603391647338867
2010-03-01,2.9237258434295654
2010-03-02,2.9342892169952393
2010-03-03,2.9580602645874023
2010-03-04,2.9739067554473877
2010-03-05,3.0372941493988037
2010-03-08,3.0505001544952393
2010-03-09,3.0584235191345215
2010-03-10,3.0901167392730713
2010-03-11,3.0848348140716553
2010-03-12,3.0980396270751953
2010-03-15,3.0953989028930664
2010-03-16,3.1165273189544678
2010-03-17,3.1535041332244873
2010-03-18,3.145580768585205
2010-03-19,3.103322982788086
2010-03-22,3.127092123031616
2010-03-23,3.156144142150879
2010-03-24,3.1323747634887695
2010-03-25,3.100682258605957
2010-03-26,3.108604669570923
2010-03-29,3.1297338008880615
2010-03-30,3.1323747634887695
2010-03-31,3.1297338008880615
2010-04-01,3.1640677452087402
2010-04-05,3.206327199935913
2010-04-06,3.2433021068573
2010-04-07,3.2300972938537598
2010-04-08,3.240661144256592
2010-04-09,3.2670719623565674
2010-04-12,3.282918691635132
2010-04-13,3.298766613006592
2010-04-14,3.367436408996582
2010-04-15,3.364794969558716
2010-04-16,3.3331005573272705
2010-04-19,3.317254066467285
2010-04-20,3.354229211807251
2010-04-21,3.3700757026672363
2010-04-22,3.4123358726501465
2010-04-23,3.436105489730835
2010-04-26,3.4334657192230225
2010-04-27,3.364794969558716
2010-04-28,3.3489482402801514
2010-04-29,3.4017691612243652
2010-04-30,3.3251771926879883
2010-05-03,3.372718095779419
2010-05-04,3.272355318069458
2010-05-05,3.190478801727295
2010-05-06,3.029371738433838
2010-05-07,2.9765496253967285
2010-05-10,3.1165273189544678
2010-05-11,3.1350157260894775
2010-05-12,3.2221734523773193
2010-05-13,3.1931211948394775
2010-05-14,3.108604669570923
2010-05-17,3.1165273189544678
2010-05-18,3.0689871311187744
2010-05-19,3.0135252475738525
2010-05-20,2.833927869796753
2010-05-21,2.8709022998809814
2010-05-24,2.868262767791748
2010-05-25,2.852416753768921
2010-05-26,2.8761847019195557
2010-05-27,3.000319242477417
2010-05-28,2.9739067554473877
2010-06-01,2.8841097354888916
2010-06-02,2.9580602645874023
2010-06-03,2.9923954010009766
2010-06-04,2.868262767791748
2010-06-07,2.7811055183410645
2010-06-08,2.767900228500366
2010-06-09,2.7784640789031982
2010-06-10,2.868262767791748
2010-06-11,2.9105193614959717
2010-06-14,2.9290077686309814
2010-06-15,3.002959966659546
2010-06-16,3.0108823776245117
2010-06-17,3.0346527099609375
2010-06-18,3.0505001544952393
2010-06-21,3.0161659717559814
2010-06-22,2.952777862548828
2010-06-23,2.9237258434295654
2010-06-24,2.894674062728882
2010-06-25,2.9316484928131104
2010-06-28,2.9290077686309814
2010-06-29,2.815439462661743
2010-06-30,2.791670083999634
2010-07-01,2.7494118213653564
2010-07-02,2.7229995727539062
2010-07-06,2.7124364376068115
2010-07-07,2.807516574859619
2010-07-08,2.8497748374938965
2010-07-09,2.8735454082489014
2010-07-12,2.8576982021331787
2010-07-13,2.9290077686309814
2010-07-14,2.9263668060302734
2010-07-15,2.913160800933838
2010-07-16,2.8022336959838867
2010-07-19,2.844491720199585
2010-07-20,2.8761847019195557
2010-07-21,2.8656208515167236
2010-07-22,2.952777862548828
2010-07-23,3.005601644515991
2010-07-26,3.0742688179016113
2010-07-27,3.0372941493988037
2010-07-28,2.9739067554473877
2010-07-29,2.9765496253967285
2010-07-30,2.9791901111602783
2010-08-02,3.0346527099609375
2010-08-03,3.0214486122131348
2010-08-04,3.053140640258789
2010-08-05,3.0320122241973877
2010-08-06,3.024089813232422
2010-08-09,3.0637059211730957
2010-08-10,3.024089813232422
2010-08-11,2.897315502166748
2010-08-12,2.862980604171753
2010-08-13,2.83656907081604
2010-08-16,2.862980604171753
2010-08-17,2.918443202972412
2010-08-18,2.9158029556274414
2010-08-19,2.839210033416748
2010-08-20,2.852416753768921
2010-08-23,2.83656907081604
2010-08-24,2.794311761856079
2010-08-25,2.818080425262451
2010-08-26,2.775822639465332
2010-08-27,2.8656208515167236
2010-08-30,2.8101580142974854
2010-08-31,2.7995941638946533
2010-09-01,2.897315502166748
2010-09-02,2.9474964141845703
2010-09-03,3.002959966659546
2010-09-07,2.9554197788238525
2010-09-08,2.9607012271881104
2010-09-09,2.9686245918273926
2010-09-10,2.9897539615631104
2010-09-13,3.0399343967437744
2010-09-14,3.053140640258789
2010-09-15,3.0584235191345215
2010-09-16,3.053140640258789
2010-09-17,3.0637059211730957
2010-09-20,3.127092123031616
2010-09-21,3.1350157260894775
2010-09-22,3.1165273189544678
2010-09-23,3.0795540809631348
2010-09-24,3.166710376739502
2010-09-27,3.127092123031616
2010-09-28,3.1825575828552246
2010-09-29,3.2142491340637207
2010-09-30,3.206327199935913
2010-10-01,3.2274556159973145
2010-10-04,3.1825575828552246
2010-10-05,3.272355318069458
2010-10-06,3.2433021068573
2010-10-07,3.251225709915161
2010-10-08,3.298766613006592
2010-10-11,3.3093297481536865
2010-10-12,3.322535753250122
2010-10-13,3.372718095779419
2010-10-14,3.3700757026672363
2010-10-15,3.362152576446533
2010-10-18,3.391204833984375
2010-10-19,3.3014070987701416
2010-10-20,3.338383436203003
2010-10-21,3.32781720161438
2010-10-22,3.3568708896636963
2010-10-25,3.3859214782714844
2010-10-26,3.372718095779419
2010-10-27,3.372718095779419
2010-10-28,3.3515889644622803
2010-10-29,3.362152576446533
2010-11-01,3.3595101833343506
2010-11-02,3.4070520401000977
2010-11-03,3.430821657180786
2010-11-04,3.512697696685791
2010-11-05,3.531184196472168
2010-11-08,3.547032356262207
2010-11-09,3.5179789066314697
2010-11-10,3.5443899631500244
2010-11-11,3.554954767227173
2010-11-12,3.488927125930786
2010-11-15,3.45723295211792
2010-11-16,3.380641222000122
2010-11-17,3.3832814693450928
2010-11-18,3.430821657180786
2010-11-19,3.449310779571533
2010-11-22,3.4677975177764893
2010-11-23,3.4440274238586426
2010-11-24,3.5100555419921875
2010-11-26,3.494208812713623
2010-11-29,3.4783623218536377
2010-11-30,3.4598748683929443
2010-12-01,3.5628793239593506
2010-12-02,3.602583885192871
2010-12-03,3.615818738937378
2010-12-06,3.639641761779785
2010-12-07,3.6555240154266357
2010-12-08,3.663465738296509
2010-12-09,3.679346799850464
2010-12-10,3.695228099822998
2010-12-13,3.666111946105957
2010-12-14,3.67669939994812
2010-12-15,3.679346799850464
2010-12-16,3.7269928455352783
2010-12-17,3.742875576019287
2010-12-20,3.7719922065734863
2010-12-21,3.8196377754211426
2010-12-22,3.8566973209381104
2010-12-23,3.8646373748779297
2010-12-27,3.8858134746551514
2010-12-28,3.8805196285247803
2010-12-29,3.8619906902313232
2010-12-30,3.846109390258789
2010-12-31,3.848757028579712
2011-01-03,3.904341459274292
2011-01-04,3.8672850131988525
2011-01-05,3.951988935470581
2011-01-06,3.944046974182129
2011-01-07,3.8911073207855225
2011-01-10,3.8752262592315674
2011-01-11,3.8752262592315674
2011-01-12,3.8911073207855225
2011-01-13,3.933459997177124
2011-01-14,3.944046974182129
2011-01-18,3.944046974182129
2011-01-19,3.8805196285247803
2011-01-20,3.846109390258789
2011-01-21,3.84346079826355
2011-01-24,3.8619906902313232
2011-01-25,3.859344482421875
2011-01-26,3.8805196285247803
2011-01-27,3.917578935623169
2011-01-28,3.7958149909973145
2011-01-31,3.8116977214813232
2011-02-01,3.888461112976074
2011-02-02,3.906989097595215
2011-02-03,3.9122838973999023
2011-02-04,3.917578935623169
2011-02-07,3.936107873916626
2011-02-08,3.9546351432800293
2011-02-09,3.906989097595215
2011-02-10,3.936107873916626
2011-02-11,3.986401081085205
2011-02-14,4.020811080932617
2011-02-15,4.023458957672119
2011-02-16,4.089634895324707
2011-02-17,4.121397972106934
2011-02-18,4.1055145263671875
2011-02-22,3.9996347427368164
2011-02-23,3.9387545585632324
2011-02-24,3.9493422508239746
2011-02-25,4.031398773193359
2011-02-28,4.041987895965576
2011-03-01,3.9837534427642822
2011-03-02,4.0155181884765625
2011-03-03,4.082488536834717
2011-03-04,4.069093227386475
2011-03-07,4.0342698097229
2011-03-08,4.071772575378418
2011-03-09,4.036949157714844
2011-03-10,3.943190097808838
2011-03-11,3.9512248039245605
2011-03-14,3.956583261489868
2011-03-15,3.9297969341278076
2011-03-16,3.8842573165893555
2011-03-17,3.8976504802703857
2011-03-18,3.943190097808838
2011-03-21,3.9887287616729736
2011-03-22,3.9967663288116455
2011-03-23,4.007481575012207
2011-03-24,4.0262346267700195
2011-03-25,4.0610575675964355
2011-03-28,4.055700778961182
2011-03-29,4.074450969696045
2011-03-30,4.1146321296691895
2011-03-31,4.122670650482178
2011-04-01,4.144099235534668
2011-04-04,4.1735663414001465
2011-04-05,4.200355529785156
2011-04-06,4.208388805389404
2011-04-07,4.194997310638428
2011-04-08,4.162851333618164
2011-04-11,4.11998987197876
2011-04-12,4.085167407989502
2011-04-13,4.085167407989502
2011-04-14,4.087844371795654
2011-04-15,4.093204498291016
2011-04-18,4.04498291015625
2011-04-19,4.0610575675964355
2011-04-20,4.111954212188721
2011-04-21,4.157494068145752
2011-04-25,4.157494068145752
2011-04-26,4.211071491241455
2011-04-27,4.2217841148376465
2011-04-28,4.2217841148376465
2011-04-29,4.245893478393555
2011-05-02,4.208388805389404
2011-05-03,4.144099235534668
2011-05-04,4.103918075561523
2011-05-05,4.058379173278809
2011-05-06,4.066415786743164
2011-05-09,4.095882892608643
2011-05-10,4.144099235534668
2011-05-11,4.10659646987915
2011-05-12,4.138742923736572
2011-05-13,4.077131271362305
2011-05-16,4.018195152282715
2011-05-17,4.031590461730957
2011-05-18,4.0610575675964355
2011-05-19,4.079807758331299
2011-05-20,4.053020000457764
2011-05-23,3.983372926712036
2011-05-24,3.9726569652557373
2011-05-25,4.020875453948975
2011-05-26,4.063736915588379
2011-05-27,4.077131271362305
2011-05-31,4.133384704589844
2011-06-01,4.028911590576172
2011-06-02,4.026198387145996
2011-06-03,3.9719369411468506
2011-06-06,3.923102617263794
2011-06-07,3.9529459476470947
2011-06-08,3.9312398433685303
2011-06-09,3.9339540004730225
2011-06-10,3.8796937465667725
2011-06-13,3.855276346206665
2011-06-14,3.906824827194214
2011-06-15,3.8498477935791016
2011-06-16,3.8281450271606445
2011-06-17,3.838996648788452
2011-06-20,3.8525619506835938
2011-06-21,3.923102617263794
2011-06-22,3.9176759719848633
2011-06-23,3.9312398433685303
2011-06-24,3.868839979171753
2011-06-27,3.8986849784851074
2011-06-28,3.9665122032165527
2011-06-29,3.999067544937134
2011-06-30,4.0479044914245605
2011-07-01,4.099451065063477
2011-07-05,4.104877948760986
2011-07-06,4.140146255493164
2011-07-07,4.183556079864502
2011-07-08,4.175418376922607
2011-07-11,4.083171367645264
2011-07-12,4.064181804656982
2011-07-13,4.083171367645264
2011-07-14,4.026198387145996
2011-07-15,4.034337997436523
2011-07-18,3.9963536262512207
2011-07-19,4.061467170715332
2011-07-20,4.064181804656982
2011-07-21,4.102164268493652
2011-07-22,4.096736431121826
2011-07-25,4.05604362487793
2011-07-26,4.037050724029541
2011-07-27,3.9312398433685303
2011-07-28,3.893256902694702
2011-07-29,3.868839979171753
2011-08-01,3.8525619506835938
2011-08-02,3.757603645324707
2011-08-03,3.757603645324707
2011-08-04,3.5324199199676514
2011-08-05,3.46730637550354
2011-08-08,3.0874760150909424
2011-08-09,3.3126602172851562
2011-08-10,3.1742935180664062
2011-08-11,3.356069564819336
2011-08-12,3.3614962100982666
2011-08-15,3.475444793701172
2011-08-16,3.4238972663879395
2011-08-17,3.429323673248291
2011-08-18,3.236694097518921
2011-08-19,3.1770074367523193
2011-08-22,3.1770074367523193
2011-08-23,3.328939437866211
2011-08-24,3.3614962100982666
2011-08-25,3.2882425785064697
2011-08-26,3.3506429195404053
2011-08-29,3.5025746822357178
2011-08-30,3.540558338165283
2011-08-31,3.5297064781188965
2011-09-01,3.4497368335723877
2011-09-02,3.3697669506073
2011-09-06,3.3339180946350098
2011-09-07,3.4249179363250732
2011-09-08,3.375281572341919
2011-09-09,3.2842822074890137
2011-09-12,3.2704923152923584
2011-09-13,3.317373275756836
2011-09-14,3.380798578262329
2011-09-15,3.4249179363250732
2011-09-16,3.4249179363250732
2011-09-19,3.375281572341919
2011-09-20,3.314615488052368
2011-09-21,3.193281888961792
2011-09-22,3.0884933471679688
2011-09-23,3.082977771759033
2011-09-26,3.138129949569702
2011-09-27,3.1684625148773193
2011-09-28,3.0774636268615723
2011-09-29,3.121583938598633
2011-09-30,3.0554018020629883
2011-10-03,2.9147651195526123
2011-10-04,2.9754323959350586
2011-10-05,3.0526442527770996
2011-10-06,3.143643379211426
2011-10-07,3.074704170227051
2011-10-10,3.18776535987854
2011-10-11,3.2015540599823
2011-10-12,3.242917537689209
2011-10-13,3.2567052841186523
2011-10-14,3.32012939453125
2011-10-17,3.245675563812256
2011-10-18,3.3256449699401855
2011-10-19,3.2704923152923584
2011-10-20,3.253948211669922
2011-10-21,3.3090994358062744
2011-10-24,3.4194014072418213
2011-10-25,3.3504638671875
2011-10-26,3.400099754333496
2011-10-27,3.557283401489258
2011-10-28,3.584859848022461
2011-10-31,3.4966156482696533
2011-11-01,3.358736038208008
2011-11-02,3.430433988571167
2011-11-03,3.4966156482696533
2011-11-04,3.5048890113830566
2011-11-07,3.4938578605651855
2011-11-08,3.557283401489258
2011-11-09,3.386312484741211
2011-11-10,3.380798578262329
2011-11-11,3.4745535850524902
2011-11-14,3.4359474182128906
2011-11-15,3.4635238647460938
2011-11-16,3.413886308670044
2011-11-17,3.358736038208008
2011-11-18,3.3697669506073
2011-11-21,3.2980692386627197
2011-11-22,3.2842822074890137
2011-11-23,3.1767358779907227
2011-11-25,3.1464028358459473
2011-11-28,3.2622218132019043
2011-11-29,3.2649786472320557
2011-11-30,3.400099754333496
2011-12-01,3.4166455268859863
2011-12-02,3.4250552654266357
2011-12-05,3.4670960903167725
2011-12-06,3.4867165088653564
2011-12-07,3.4783072471618652
2011-12-08,3.3914198875427246
2011-12-09,3.4867165088653564
2011-12-12,3.430659294128418
2011-12-13,3.346573829650879
2011-12-14,3.30733585357666
2011-12-15,3.318547010421753
2011-12-16,3.346573829650879
2011-12-19,3.268096685409546
2011-12-20,3.377405881881714
2011-12-21,3.3802077770233154
2011-12-22,3.4082369804382324
2011-12-23,3.444674015045166
2011-12-27,3.4670960903167725
2011-12-28,3.3942229747772217
2011-12-29,3.4054341316223145
2011-12-30,3.4390695095062256
2012-01-03,3.495124101638794
2012-01-04,3.5231518745422363
2012-01-05,3.520350217819214
2012-01-06,3.5231518745422363
2012-01-09,3.528759479522705
2012-01-10,3.5736026763916016
2012-01-11,3.582012176513672
2012-01-12,3.5792081356048584
2012-01-13,3.5932233333587646
2012-01-17,3.565194845199585
2012-01-18,3.6128435134887695
2012-01-19,3.660491466522217
2012-01-20,3.688519239425659
2012-01-23,3.710942268371582
2012-01-24,3.7025344371795654
2012-01-25,3.750180244445801
2012-01-26,3.738970994949341
2012-01-27,3.7613930702209473
2012-01-30,3.750180244445801
2012-01-31,3.7726049423217773
2012-02-01,3.8454782962799072
2012-02-02,3.893125295639038
2012-02-03,3.9491827487945557
2012-02-06,3.951984405517578
2012-02-07,3.968801259994507
2012-02-08,3.980013608932495
2012-02-09,3.963196277618408
2012-02-10,3.921154022216797
2012-02-13,3.932366371154785
2012-02-14,3.9407742023468018
2012-02-15,3.912745475769043
2012-02-16,3.965999126434326
2012-02-17,3.980013608932495
2012-02-21,3.965999126434326
2012-02-22,3.9435768127441406
2012-02-23,4.005239009857178
2012-02-24,4.002437114715576
2012-02-27,3.9940271377563477
2012-02-28,4.005239009857178
2012-02-29,3.960392713546753
2012-03-01,3.980013608932495
2012-03-02,3.9516053199768066
2012-03-05,3.9402425289154053
2012-03-06,3.8322908878326416
2012-03-07,3.8692212104797363
2012-03-08,3.9146761894226074
2012-03-09,3.943082809448242
2012-03-12,3.957287073135376
2012-03-13,4.002738952636719
2012-03-14,3.9487640857696533
2012-03-15,3.974331855773926
2012-03-16,3.9658100605010986
2012-03-19,3.971491575241089
2012-03-20,3.943082809448242
2012-03-21,3.9487640857696533
2012-03-22,3.883424997329712
2012-03-23,3.8976290225982666
2012-03-26,3.9544460773468018
2012-03-27,3.957287073135376
2012-03-28,3.9459235668182373
2012-03-29,3.9544460773468018
2012-03-30,3.9459235668182373
2012-04-02,3.991377353668213
2012-04-03,3.9686503410339355
2012-04-04,3.923197031021118
2012-04-05,3.9118332862854004
2012-04-09,3.8493363857269287
2012-04-10,3.7470650672912598
2012-04-11,3.789677381515503
2012-04-12,3.835131883621216
2012-04-13,3.7953591346740723
2012-04-16,3.8152458667755127
2012-04-17,3.8550164699554443
2012-04-18,3.8663809299468994
2012-04-19,3.8095638751983643
2012-04-20,3.826608180999756
2012-04-23,3.778313159942627
2012-04-24,3.8095638751983643
2012-04-25,3.8550164699554443
2012-04-26,3.8976290225982666
2012-04-27,3.9089913368225098
2012-04-30,3.9033098220825195
2012-05-01,3.889108657836914
2012-05-02,3.889108657836914
2012-05-03,3.8606972694396973
2012-05-04,3.803882598876953
2012-05-07,3.7981998920440674
2012-05-08,3.7669498920440674
2012-05-09,3.7413830757141113
2012-05-10,3.7470650672912598
2012-05-11,3.7243382930755615
2012-05-14,3.6760427951812744
2012-05-15,3.6476359367370605
2012-05-16,3.619227886199951
2012-05-17,3.5396838188171387
2012-05-18,3.4771852493286133
2012-05-21,3.5453648567199707
2012-05-22,3.534003734588623
2012-05-23,3.57661509513855
2012-05-24,3.573774814605713
2012-05-25,3.5879781246185303
2012-05-29,3.641954183578491
2012-05-30,3.5965018272399902
2012-05-31,3.5908203125
2012-06-01,3.4857089519500732
2012-06-04,3.4597384929656982
2012-06-05,3.465510845184326
2012-06-06,3.531876802444458
2012-06-07,3.54630446434021
2012-06-08,3.5809295177459717
2012-06-11,3.5607311725616455
2012-06-12,3.5347628593444824
2012-06-13,3.5145623683929443
2012-06-14,3.554960250854492
2012-06-15,3.5924723148345947
2012-06-18,3.5924723148345947
2012-06-19,3.644412040710449
2012-06-20,3.6472959518432617
2012-06-21,3.569387435913086
2012-06-22,3.575159788131714
2012-06-25,3.543417453765869
2012-06-26,3.526104211807251
2012-06-27,3.5174481868743896
2012-06-28,3.5087921619415283
2012-06-29,3.5953571796417236
2012-07-02,3.653069496154785
2012-07-03,3.679037570953369
2012-07-05,3.7107791900634766
2012-07-06,3.707892656326294
2012-07-09,3.6732661724090576
2012-07-10,3.6155567169189453
2012-07-11,3.5953571796417236
2012-07-12,3.6011290550231934
2012-07-13,3.6472959518432617
2012-07-16,3.6472959518432617
2012-07-17,3.6357550621032715
2012-07-18,3.6415255069732666
2012-07-19,3.6357550621032715
2012-07-20,3.5924723148345947
2012-07-23,3.531876802444458
2012-07-24,3.505906820297241
2012-07-25,3.497248888015747
2012-07-26,3.520334243774414
2012-07-27,3.6213269233703613
2012-07-30,3.5809295177459717
2012-07-31,3.5607311725616455
2012-08-01,3.5174481868743896
2012-08-02,3.497248888015747
2012-08-03,3.569387435913086
2012-08-06,3.6126701831817627
2012-08-07,3.6617233753204346
2012-08-08,3.6617233753204346
2012-08-09,3.6732661724090576
2012-08-10,3.679037570953369
2012-08-13,3.6761529445648193
2012-08-14,3.6646101474761963
2012-08-15,3.679037570953369
2012-08-16,3.7136640548706055
2012-08-17,3.7425179481506348
2012-08-20,3.7194347381591797
2012-08-21,3.7050063610076904
2012-08-22,3.6934657096862793
2012-08-23,3.681924343109131
2012-08-24,3.679037570953369
2012-08-27,3.679037570953369
2012-08-28,3.679037570953369
2012-08-29,3.6761529445648193
2012-08-30,3.655954599380493
2012-08-31,3.667495012283325
2012-09-04,3.7172539234161377
2012-09-05,3.702620506286621
2012-09-06,3.755305290222168
2012-09-07,3.778719663619995
2012-09-10,3.7699391841888428
2012-09-11,3.787501335144043
2012-09-12,3.8021364212036133
2012-09-13,3.8577487468719482
2012-09-14,3.89872670173645
2012-09-17,3.8753116130828857
2012-09-18,3.872382164001465
2012-09-19,3.8636012077331543
2012-09-20,3.848968505859375
2012-09-21,3.8577487468719482
2012-09-24,3.8577487468719482
2012-09-25,3.8401877880096436
2012-09-26,3.8021364212036133
2012-09-27,3.846041202545166
2012-09-28,3.8255512714385986
2012-10-01,3.8314056396484375
2012-10-02,3.8314056396484375
2012-10-03,3.822625160217285
2012-10-04,3.8372602462768555
2012-10-05,3.828479528427124
2012-10-08,3.8343334197998047
2012-10-09,3.8021364212036133
2012-10-10,3.787501335144043
2012-10-11,3.7845730781555176
2012-10-12,3.772867202758789
2012-10-15,3.7845730781555176
2012-10-16,3.8079910278320312
2012-10-17,3.8548214435577393
2012-10-18,3.8431131839752197
2012-10-19,3.819697380065918
2012-10-22,3.8138434886932373
2012-10-23,3.793356418609619
2012-10-24,3.7904295921325684
2012-10-25,3.793356418609619
2012-10-26,3.7904295921325684
2012-10-31,3.8109190464019775
2012-11-01,3.8753116130828857
2012-11-02,3.851895332336426
2012-11-05,3.8431131839752197
2012-11-06,3.881164312362671
2012-11-07,3.8138434886932373
2012-11-08,3.7757935523986816
2012-11-09,3.7465240955352783
2012-11-12,3.7494513988494873
2012-11-13,3.7318899631500244
2012-11-14,3.649932861328125
2012-11-15,3.588468551635742
2012-11-16,3.641153335571289
2012-11-19,3.7084741592407227
2012-11-20,3.7172539234161377
2012-11-21,3.7435965538024902
2012-11-23,3.7757935523986816
2012-11-26,3.7816479206085205
2012-11-27,3.7757935523986816
2012-11-28,3.8050622940063477
2012-11-29,3.828479528427124
2012-11-30,3.8431131839752197
2012-12-03,3.851895332336426
2012-12-04,3.863821029663086
2012-12-05,3.860839605331421
2012-12-06,3.860839605331421
2012-12-07,3.8459320068359375
2012-12-10,3.8489127159118652
2012-12-11,3.881709098815918
2012-12-12,3.869783401489258
2012-12-13,3.869783401489258
2012-12-14,3.8846898078918457
2012-12-17,3.920466899871826
2012-12-18,3.9711484909057617
2012-12-19,3.9681684970855713
2012-12-20,4.003944396972656
2012-12-21,3.9711484909057617
2012-12-24,3.977111339569092
2012-12-26,3.962204933166504
2012-12-27,3.956242084503174
2012-12-28,3.938354015350342
2012-12-31,4.000962257385254
2013-01-02,4.135124206542969
2013-01-03,4.129159927368164
2013-01-04,4.155993461608887
2013-01-07,4.173880577087402
2013-01-08,4.167917251586914
2013-01-09,4.18878698348999
2013-01-10,4.221581935882568
2013-01-11,4.203693866729736
2013-01-14,4.209655284881592
2013-01-15,4.200711250305176
2013-01-16,4.209655284881592
2013-01-17,4.254376411437988
2013-01-18,4.278226852416992
2013-01-22,4.266302585601807
2013-01-23,4.287171363830566
2013-01-24,4.287171363830566
2013-01-25,4.31102180480957
2013-01-28,4.314004421234131
2013-01-29,4.325926780700684
2013-01-30,4.299095630645752
2013-01-31,4.322947978973389
2013-02-01,4.361703395843506
2013-02-04,4.325926780700684
2013-02-05,4.382573127746582
2013-02-06,4.376612186431885
2013-02-07,4.382573127746582
2013-02-08,4.382573127746582
2013-02-11,4.3974809646606445
2013-02-12,4.412388801574707
2013-02-13,4.433257102966309
2013-02-14,4.439218521118164
2013-02-15,4.442202091217041
2013-02-19,4.463069438934326
2013-02-20,4.412388801574707
2013-02-21,4.36468505859375
2013-02-22,4.42133092880249
2013-02-25,4.31102180480957
2013-02-26,4.337854385375977
2013-02-27,4.391518592834473
2013-02-28,4.415369510650635
2013-03-01,4.433257102966309
2013-03-04,4.442317008972168
2013-03-05,4.451376438140869
2013-03-06,4.448356628417969
2013-03-07,4.451376438140869
2013-03-08,4.4664740562438965
2013-03-11,4.481575965881348
2013-03-12,4.4634552001953125
2013-03-13,4.4725165367126465
2013-03-14,4.493656158447266
2013-03-15,4.481575965881348
2013-03-18,4.4664740562438965
2013-03-19,4.478555202484131
2013-03-20,4.511775493621826
2013-03-21,4.514796257019043
2013-03-22,4.517813682556152
2013-03-25,4.478555202484131
2013-03-26,4.511775493621826
2013-03-27,4.529894828796387
2013-03-28,4.548015594482422
2013-04-01,4.511775493621826
2013-04-02,4.4664740562438965
2013-04-03,4.378899097442627
2013-04-04,4.4060773849487305
2013-04-05,4.418156623840332
2013-04-08,4.400038719177246
2013-04-09,4.4060773849487305
2013-04-10,4.484595775604248
2013-04-11,4.529894828796387
2013-04-12,4.502716541290283
2013-04-15,4.378899097442627
2013-04-16,4.363800048828125
2013-04-17,4.282261371612549
2013-04-18,4.285280704498291
2013-04-19,4.309439659118652
2013-04-22,4.306419372558594
2013-04-23,4.366818428039551
2013-04-24,4.400038719177246
2013-04-25,4.393998146057129
2013-04-26,4.4060773849487305
2013-04-29,4.400038719177246
2013-04-30,4.475533962249756
2013-05-01,4.43023681640625
2013-05-02,4.448356628417969
2013-05-03,4.523854732513428
2013-05-06,4.520833969116211
2013-05-07,4.532913684844971
2013-05-08,4.584253787994385
2013-05-09,4.578214168548584
2013-05-10,4.605393886566162
2013-05-13,4.635592460632324
2013-05-14,4.674851894378662
2013-05-15,4.6899518966674805
2013-05-16,4.705052375793457
2013-05-17,4.759408950805664
2013-05-20,4.75639009475708
2013-05-21,4.792627334594727
2013-05-22,4.774507999420166
2013-05-23,4.747330665588379
2013-05-24,4.732231140136719
2013-05-28,4.75639009475708
2013-05-29,4.726191520690918
2013-05-30,4.759408950805664
2013-05-31,4.702030658721924
2013-06-03,4.723170757293701
2013-06-04,4.677870273590088
2013-06-05,4.623513221740723
2013-06-06,4.650691986083984
2013-06-07,4.738270282745361
2013-06-10,4.753368854522705
2013-06-11,4.723170757293701
2013-06-12,4.652859210968018
2013-06-13,4.698713779449463
2013-06-14,4.6467437744140625
2013-06-17,4.643686771392822
2013-06-18,4.707883834838867
2013-06-19,4.655914783477783
2013-06-20,4.539745330810547
2013-06-21,4.600888252258301
2013-06-24,4.512232303619385
2013-06-25,4.545861721038818
2013-06-26,4.582545757293701
2013-06-27,4.640629291534424
2013-06-28,4.634515762329102
2013-07-01,4.6681437492370605
2013-07-02,4.662028789520264
2013-07-03,4.628400802612305
2013-07-05,4.655914783477783
2013-07-08,4.683427810668945
2013-07-09,4.7170562744140625
2013-07-10,4.723172187805176
2013-07-11,4.750682830810547
2013-07-12,4.793483257293701
2013-07-15,4.8209967613220215
2013-07-16,4.796541213989258
2013-07-17,4.80571174621582
2013-07-18,4.833223819732666
2013-07-19,4.824052810668945
2013-07-22,4.8576812744140625
2013-07-23,4.8913092613220215
2013-07-24,4.833223819732666
2013-07-25,4.863795280456543
2013-07-26,4.866853713989258
2013-07-29,4.833223819732666
2013-07-30,4.811825752258301
2013-07-31,4.8423967361450195
2013-08-01,4.8913092613220215
2013-08-02,4.903538227081299
2013-08-05,4.9096527099609375
2013-08-06,4.89436674118042
2013-08-07,4.9096527099609375
2013-08-08,4.949393272399902
2013-08-09,4.912707328796387
2013-08-12,4.92188024520874
2013-08-13,4.903538227081299
2013-08-14,4.882138252258301
2013-08-15,4.839339733123779
2013-08-16,4.769024848937988
2013-08-19,4.720113277435303
2013-08-20,4.753741264343262
2013-08-21,4.735398292541504
2013-08-22,4.77514123916626
2013-08-23,4.790427207946777
2013-08-26,4.802654266357422
2013-08-27,4.6956562995910645
2013-08-28,4.7170562744140625
2013-08-29,4.750682830810547
2013-08-30,4.707883834838867
2013-09-03,4.707883834838867
2013-09-04,4.735398292541504
2013-09-05,4.753741264343262
2013-09-06,4.769024848937988
2013-09-09,4.8209967613220215
2013-09-10,4.888252258300781
2013-09-11,4.912707328796387
2013-09-12,4.90651798248291
2013-09-13,4.918900489807129
2013-09-16,4.918900489807129
2013-09-17,4.934376239776611
2013-09-18,5.017960071563721
2013-09-19,5.014864444732666
2013-09-20,4.99629020690918
2013-09-23,4.990097999572754
2013-09-24,5.008673191070557
2013-09-25,5.014864444732666
2013-09-26,5.02724552154541
2013-09-27,5.02724552154541
2013-09-30,4.987003803253174
2013-10-01,4.971524715423584
2013-10-02,4.949855327606201
2013-10-03,4.912707328796387
2013-10-04,4.9684295654296875
2013-10-07,4.900326251983643
2013-10-08,4.819840908050537
2013-10-09,4.826032638549805
2013-10-10,4.940567970275879
2013-10-11,4.993194580078125
2013-10-14,5.005577087402344
2013-10-15,4.9622392654418945
2013-10-16,5.002480983734131
2013-10-17,5.073679447174072
2013-10-18,5.197862148284912
2013-10-21,5.137462615966797
2013-10-22,5.160950183868408
2013-10-23,5.160950183868408
2013-10-24,5.1844401359558105
2013-10-25,5.1877970695495605
2013-10-28,5.1810832023620605
2013-10-29,5.1877970695495605
2013-10-30,5.15088415145874
2013-10-31,5.124039173126221
2013-11-01,5.154239177703857
2013-11-04,5.1441731452941895
2013-11-05,5.15088415145874
2013-11-06,5.137462615966797
2013-11-07,5.097192764282227
2013-11-08,5.110617160797119
2013-11-11,5.09048318862915
2013-11-12,5.087127685546875
2013-11-13,5.1173272132873535
2013-11-14,5.113973140716553
2013-11-15,5.1441731452941895
2013-11-18,5.120682716369629
2013-11-19,5.09048318862915
2013-11-20,5.066993713378906
2013-11-21,5.137462615966797
2013-11-22,5.15088415145874
2013-11-25,5.147528171539307
2013-11-26,5.164306640625
2013-11-27,5.197862148284912
2013-11-29,5.19450569152832
2013-12-02,5.16766357421875
2013-12-03,5.154239177703857
2013-12-04,5.134106159210205
2013-12-05,5.103905200958252
2013-12-06,5.1441731452941895
2013-12-09,5.15088415145874
2013-12-10,5.157594203948975
2013-12-11,5.120169162750244
2013-12-12,5.099757671356201
2013-12-13,5.120169162750244
2013-12-16,5.191615581512451
2013-12-17,5.215432167053223
2013-12-18,5.293680191040039
2013-12-19,5.276669025421143
2013-12-20,5.354916095733643
2013-12-23,5.416155815124512
2013-12-24,5.439969062805176
2013-12-26,5.463784217834473
2013-12-27,5.4807963371276855
2013-12-30,5.456981182098389
2013-12-31,5.446774005889893
2014-01-02,5.32429838180542
2014-01-03,5.351513385772705
2014-01-06,5.361720561981201
2014-01-07,5.395741939544678
2014-01-08,5.3821330070495605
2014-01-09,5.365122318267822
2014-01-10,5.3821330070495605
2014-01-13,5.314091682434082
2014-01-14,5.378732681274414
2014-01-15,5.395741939544678
2014-01-16,5.4127516746521
2014-01-17,5.399145126342773
2014-01-21,5.4127516746521
2014-01-22,5.43316650390625
2014-01-23,5.388938903808594
2014-01-24,5.249452590942383
2014-01-27,5.198419570922852
2014-01-28,5.246050834655762
2014-01-29,5.167799949645996
2014-01-30,5.218832969665527
2014-01-31,5.184812068939209
2014-02-03,5.0079026222229
2014-02-04,5.055531978607178
2014-02-05,5.014706611633301
2014-02-06,5.062335968017578
2014-02-07,5.126977443695068
2014-02-10,5.133781433105469
2014-02-11,5.191615581512451
2014-02-12,5.205224990844727
2014-02-13,5.256255626678467
2014-02-14,5.276669025421143
2014-02-18,5.297083377838135
2014-02-19,5.252852916717529
2014-02-20,5.297083377838135
2014-02-21,5.307288646697998
2014-02-24,5.348113059997559
2014-02-25,5.354916095733643
2014-02-26,5.368525981903076
2014-02-27,5.378732681274414
2014-02-28,5.426360607147217
2014-03-03,5.378732681274414
2014-03-04,5.518219470977783
2014-03-05,5.501209735870361
2014-03-06,5.494403839111328
2014-03-07,5.490999698638916
2014-03-10,5.487598896026611
2014-03-11,5.494537830352783
2014-03-12,5.515350818634033
2014-03-13,5.432098388671875
2014-03-14,5.411287307739258
2014-03-17,5.397412300109863
2014-03-18,5.4390363693237305
2014-03-19,5.414754867553711
2014-03-20,5.414754867553711
2014-03-21,5.414754867553711
2014-03-24,5.400882244110107
2014-03-25,5.432098388671875
2014-03-26,5.376598834991455
2014-03-27,5.338443756103516
2014-03-28,5.376598834991455
2014-03-31,5.456379413604736
2014-04-01,5.470254421234131
2014-04-02,5.501473903656006
2014-04-03,5.487598419189453
2014-04-04,5.404348850250244
2014-04-07,5.341911315917969
2014-04-08,5.3731303215026855
2014-04-09,5.4390363693237305
2014-04-10,5.345379829406738
2014-04-11,5.279473781585693
2014-04-14,5.289879322052002
2014-04-15,5.296816825866699
2014-04-16,5.355785369873047
2014-04-17,5.355785369873047
2014-04-21,5.3939433097839355
2014-04-22,5.463317394256592
2014-04-23,5.445974349975586
2014-04-24,5.4251604080200195
2014-04-25,5.380068302154541
2014-04-28,5.369661331176758
2014-04-29,5.3939433097839355
2014-04-30,5.404348850250244
2014-05-01,5.3939433097839355
2014-05-02,5.414754867553711
2014-05-05,5.407817840576172
2014-05-06,5.369661331176758
2014-05-07,5.352318286895752
2014-05-08,5.2690653800964355
2014-05-09,5.289879322052002
2014-05-12,5.352318286895752
2014-05-13,5.345379829406738
2014-05-14,5.310692310333252
2014-05-15,5.258660793304443
2014-05-16,5.310692310333252
2014-05-19,5.310692310333252
2014-05-20,5.2690653800964355
2014-05-21,5.282943248748779
2014-05-22,5.331503868103027
2014-05-23,5.352318286895752
2014-05-27,5.376598834991455
2014-05-28,5.376598834991455
2014-05-29,5.390476226806641
2014-05-30,5.376598834991455
2014-06-02,5.387005805969238
2014-06-03,5.3939433097839355
2014-06-04,5.390476226806641
2014-06-05,5.456379413604736
2014-06-06,5.487598419189453
2014-06-09,5.515350818634033
2014-06-10,5.567380905151367
2014-06-11,5.577789783477783
2014-06-12,5.531808376312256
2014-06-13,5.517658710479736
2014-06-16,5.507047653198242
2014-06-17,5.570713043212891
2014-06-18,5.606083393096924
2014-06-19,5.627304553985596
2014-06-20,5.641451835632324
2014-06-23,5.669749736785889
2014-06-24,5.641451835632324
2014-06-25,5.659138202667236
2014-06-26,5.641451835632324
2014-06-27,5.644989490509033
2014-06-30,5.659138202667236
2014-07-01,5.705118656158447
2014-07-02,5.676823616027832
2014-07-03,5.708654403686523
2014-07-07,5.69804573059082
2014-07-08,5.690971374511719
2014-07-09,5.708654403686523
2014-07-10,5.666212558746338
2014-07-11,5.641451835632324
2014-07-14,5.616695404052734
2014-07-15,5.609620094299316
2014-07-16,5.599008560180664
2014-07-17,5.521195888519287
2014-07-18,5.574250221252441
2014-07-21,5.545954704284668
2014-07-22,5.577789783477783
2014-07-23,5.606083393096924
2014-07-24,5.6131591796875
2014-07-25,5.563638687133789
2014-07-28,5.535345077514648
2014-07-29,5.52473258972168
2014-07-30,5.560103893280029
2014-07-31,5.475216388702393
2014-08-01,5.408011436462402
2014-08-04,5.38679313659668
2014-08-05,5.358496189117432
2014-08-06,5.36203145980835
2014-08-07,5.344348430633545
2014-08-08,5.372644901275635
2014-08-11,5.411551475524902
2014-08-12,5.38679313659668
2014-08-13,5.411551475524902
2014-08-14,5.425698280334473
2014-08-15,5.425698280334473
2014-08-18,5.464603900909424
2014-08-19,5.5282697677612305
2014-08-20,5.5141215324401855
2014-08-21,5.549493312835693
2014-08-22,5.5141215324401855
2014-08-25,5.517658710479736
2014-08-26,5.563638687133789
2014-08-27,5.599008560180664
2014-08-28,5.553030014038086
2014-08-29,5.58839750289917
2014-09-02,5.577789783477783
2014-09-03,5.577789783477783
2014-09-04,5.545954704284668
2014-09-05,5.553030014038086
2014-09-08,5.535345077514648
2014-09-09,5.475216388702393
2014-09-10,5.517658710479736
2014-09-11,5.557382583618164
2014-09-12,5.499605178833008
2014-09-15,5.456271648406982
2014-09-16,5.488770008087158
2014-09-17,5.521270275115967
2014-09-18,5.56821346282959
2014-09-19,5.528493404388428
2014-09-22,5.427382946014404
2014-09-23,5.37321662902832
2014-09-24,5.402105808258057
2014-09-25,5.272109508514404
2014-09-26,5.297384738922119
2014-09-29,5.264886379241943
2014-09-30,5.235998153686523
2014-10-01,5.199887752532959
2014-10-02,5.174612522125244
2014-10-03,5.246831893920898
2014-10-06,5.167389392852783
2014-10-07,5.124058723449707
2014-10-08,5.170999526977539
2014-10-09,5.080723762512207
2014-10-10,5.008504390716553
2014-10-13,4.9290618896484375
2014-10-14,5.001279354095459
2014-10-15,5.004891872406006
2014-10-16,5.134888172149658
2014-10-17,5.106002330780029
2014-10-20,5.120445728302002
2014-10-21,5.257664680480957
2014-10-22,5.221554756164551
2014-10-23,5.286552906036377
2014-10-24,5.297384738922119
2014-10-27,5.286552906036377
2014-10-28,5.40933084487915
2014-10-29,5.402105808258057
2014-10-30,5.384050369262695
2014-10-31,5.499605178833008
2014-11-03,5.477937698364258
2014-11-04,5.44904899597168
2014-11-05,5.477937698364258
2014-11-06,5.492382526397705
2014-11-07,5.503214359283447
2014-11-10,5.521270275115967
2014-11-11,5.535716533660889
2014-11-12,5.5609917640686035
2014-11-13,5.542934894561768
2014-11-14,5.532104015350342
2014-11-17,5.521270275115967
2014-11-18,5.553770065307617
2014-11-19,5.499605178833008
2014-11-20,5.492382526397705
2014-11-21,5.5176591873168945
2014-11-24,5.539324760437012
2014-11-25,5.528493404388428
2014-11-26,5.535716533660889
2014-11-28,5.506825923919678
2014-12-01,5.376829147338867
2014-12-02,5.434607028961182
2014-12-03,5.499605178833008
2014-12-04,5.542934894561768
2014-12-05,5.5609917640686035
2014-12-08,5.546546936035156
2014-12-09,5.535716533660889
2014-12-10,5.467103958129883
2014-12-11,5.559117317199707
2014-12-12,5.3482537269592285
2014-12-15,5.233239650726318
2014-12-16,5.225571632385254
2014-12-17,5.363591194152832
2014-12-18,5.467103004455566
2014-12-19,5.493943691253662
2014-12-22,5.467103004455566
2014-12-23,5.505444049835205
2014-12-24,5.513111591339111
2014-12-26,5.578288555145264
2014-12-29,5.5744547843933105
2014-12-30,5.516946792602539
2014-12-31,5.493943691253662
2015-01-02,5.482439994812012
2015-01-05,5.332918167114258
2015-01-06,5.294579029083252
2015-01-07,5.3482537269592285
2015-01-08,5.409597873687744
2015-01-09,5.3712592124938965
2015-01-12,5.363591194152832
2015-01-13,5.352091312408447
2015-01-14,5.329085826873779
2015-01-15,5.275410175323486
2015-01-16,5.344420433044434
2015-01-20,5.3060808181762695
2015-01-21,5.321417808532715
2015-01-22,5.390427589416504
2015-01-23,5.413430690765381
2015-01-26,5.3980937004089355
2015-01-27,5.367423057556152
2015-01-28,5.321417808532715
2015-01-29,5.359755992889404
2015-01-30,5.302248001098633
2015-02-02,5.340586185455322
2015-02-03,5.436434268951416
2015-02-04,5.451767921447754
2015-02-05,5.493943691253662
2015-02-06,5.493943691253662
2015-02-09,5.451767921447754
2015-02-10,5.497776031494141
2015-02-11,5.497776031494141
2015-02-12,5.589788436889648
2015-02-13,5.539949417114258
2015-02-17,5.536115646362305
2015-02-18,5.589788436889648
2015-02-19,5.585956573486328
2015-02-20,5.624292373657227
2015-02-23,5.578288555145264
2015-02-24,5.631960391998291
2015-02-25,5.631960391998291
2015-02-26,5.658797740936279
2015-02-27,5.6472978591918945
2015-03-02,5.677967548370361
2015-03-03,5.658797740936279
2015-03-04,5.639628887176514
2015-03-05,5.62812614440918
2015-03-06,5.582120895385742
2015-03-09,5.589788436889648
2015-03-10,5.5476155281066895
2015-03-11,5.543701648712158
2015-03-12,5.563275337219238
2015-03-13,5.555446624755859
2015-03-16,5.575021743774414
2015-03-17,5.571106910705566
2015-03-18,5.614171028137207
2015-03-19,5.582850456237793
2015-03-20,5.614171028137207
2015-03-23,5.618088245391846
2015-03-24,5.618088245391846
2015-03-25,5.594595909118652
2015-03-26,5.539786338806152
2015-03-27,5.594595909118652
2015-03-30,5.629832744598389
2015-03-31,5.606342792510986
2015-04-01,5.571106910705566
2015-04-02,5.567190647125244
2015-04-06,5.5985107421875
2015-04-07,5.602427005767822
2015-04-08,5.629832744598389
2015-04-09,5.586767673492432
2015-04-10,5.5985107421875
2015-04-13,5.606342792510986
2015-04-14,5.602427005767822
2015-04-15,5.653321266174316
2015-04-16,5.657238006591797
2015-04-17,5.586767673492432
2015-04-20,5.602427005767822
2015-04-21,5.606342792510986
2015-04-22,5.622001647949219
2015-04-23,5.622001647949219
2015-04-24,5.661151885986328
2015-04-27,5.602427005767822
2015-04-28,5.610257625579834
2015-04-29,5.602427005767822
2015-04-30,5.551530838012695
2015-05-01,5.590683460235596
2015-05-04,5.5985107421875
2015-05-05,5.524126052856445
2015-05-06,5.53587007522583
2015-05-07,5.563275337219238
2015-05-08,5.602427005767822
2015-05-11,5.571106910705566
2015-05-12,5.586767673492432
2015-05-13,5.582850456237793
2015-05-14,5.653321266174316
2015-05-15,5.641579627990723
2015-05-18,5.665067195892334
2015-05-19,5.680726528167725
2015-05-20,5.649407386779785
2015-05-21,5.637663841247559
2015-05-22,5.618088245391846
2015-05-26,5.555446624755859
2015-05-27,5.602427005767822
2015-05-28,5.5985107421875
2015-05-29,5.520211696624756
2015-06-01,5.539786338806152
2015-06-02,5.559361457824707
2015-06-03,5.610257625579834
2015-06-04,5.551530838012695
2015-06-05,5.571106910705566
2015-06-08,5.563275337219238
2015-06-09,5.5476155281066895
2015-06-10,5.618088245391846
2015-06-11,5.634068965911865
2015-06-12,5.606100082397461
2015-06-15,5.594111442565918
2015-06-16,5.606100082397461
2015-06-17,5.602103233337402
2015-06-18,5.622081756591797
2015-06-19,5.606100082397461
2015-06-22,5.622081756591797
2015-06-23,5.634068965911865
2015-06-24,5.590116024017334
2015-06-25,5.606100082397461
2015-06-26,5.618088245391846
2015-06-29,5.46624755859375
2015-06-30,5.5102009773254395
2015-07-01,5.52218770980835
2015-07-02,5.486226558685303
2015-07-06,5.470242023468018
2015-07-07,5.486226558685303
2015-07-08,5.374342441558838
2015-07-09,5.394323348999023
2015-07-10,5.45426082611084
2015-07-13,5.470242023468018
2015-07-14,5.478233337402344
2015-07-15,5.4222941398620605
2015-07-16,5.434282302856445
2015-07-17,5.382335662841797
2015-07-20,5.330389499664307
2015-07-21,5.282442092895508
2015-07-22,5.290431022644043
2015-07-23,5.2504730224609375
2015-07-24,5.218508243560791
2015-07-27,5.170557975769043
2015-07-28,5.198529243469238
2015-07-29,5.262462139129639
2015-07-30,5.2464776039123535
2015-07-31,5.270452976226807
2015-08-03,5.286435127258301
2015-08-04,5.2504730224609375
2015-08-05,5.234489440917969
2015-08-06,5.170557975769043
2015-08-07,5.102630615234375
2015-08-10,5.174551963806152
2015-08-11,5.178549289703369
2015-08-12,5.170557975769043
2015-08-13,5.166563034057617
2015-08-14,5.158571243286133
2015-08-17,5.19453239440918
2015-08-18,5.146583557128906
2015-08-19,5.134594440460205
2015-08-20,5.0426926612854
2015-08-21,4.9747633934021
2015-08-24,4.6990532875061035
2015-08-25,4.750998497009277
2015-08-26,4.850894451141357
2015-08-27,4.902839183807373
2015-08-28,4.922817707061768
2015-08-31,4.910831451416016
2015-09-01,4.8309149742126465
2015-09-02,4.902839183807373
2015-09-03,4.890852451324463
2015-09-04,4.846899509429932
2015-09-08,4.922817707061768
2015-09-09,4.874867916107178
2015-09-10,4.891228199005127
2015-09-11,4.870780944824219
2015-09-14,4.846241474151611
2015-09-15,4.887138843536377
2015-09-16,4.93621301651001
2015-09-17,4.940304279327393
2015-09-18,4.90758752822876
2015-09-21,4.919854640960693
2015-09-22,4.90758752822876
2015-09-23,4.850331783294678
2015-09-24,4.866690158843994
2015-09-25,4.821704387664795
2015-09-28,4.694924354553223
2015-09-29,4.621309280395508
2015-09-30,4.703103542327881
2015-10-01,4.654027462005615
2015-10-02,4.686744213104248
2015-10-05,4.7808074951171875
2015-10-06,4.7808074951171875
2015-10-07,4.846241474151611
2015-10-08,4.887138843536377
2015-10-09,4.93621301651001
2015-10-12,4.956662654876709
2015-10-13,4.90758752822876
2015-10-14,4.870780944824219
2015-10-15,4.948482990264893
2015-10-16,4.960751056671143
2015-10-19,4.960751056671143
2015-10-20,4.960751056671143
2015-10-21,4.899405479431152
2015-10-22,4.964842319488525
2015-10-23,4.997559547424316
2015-10-26,4.981201171875
2015-10-27,4.887138843536377
2015-10-28,4.981201171875
2015-10-29,4.923945903778076
2015-10-30,4.919854640960693
2015-11-02,4.956662654876709
2015-11-03,5.013916969299316
2015-11-04,5.022096157073975
2015-11-05,5.030277729034424
2015-11-06,5.062993049621582
2015-11-09,5.026185989379883
2015-11-10,5.013916969299316
2015-11-11,4.968929767608643
2015-11-12,4.891228199005127
2015-11-13,4.842153549194336
2015-11-16,4.883047580718994
2015-11-17,4.850331783294678
2015-11-18,4.891228199005127
2015-11-19,4.923945903778076
2015-11-20,4.948482990264893
2015-11-23,4.960751056671143
2015-11-24,4.985289573669434
2015-11-25,5.009828567504883
2015-11-27,5.022096157073975
2015-11-30,5.034366130828857
2015-12-01,5.083440780639648
2015-12-02,5.046634674072266
2015-12-03,4.993467330932617
2015-12-04,5.018005847930908
2015-12-07,4.944392681121826
2015-12-08,4.919854640960693
2015-12-09,4.874868392944336
2015-12-10,4.849545955657959
2015-12-11,4.76513147354126
2015-12-14,4.731367111206055
2015-12-15,4.76513147354126
2015-12-16,4.824220657348633
2015-12-17,4.786235332489014
2015-12-18,4.7609100341796875
2015-12-21,4.820001602172852
2015-12-22,4.8706488609313965
2015-12-23,4.929737567901611
2015-12-24,4.946619510650635
2015-12-28,4.9719438552856445
2015-12-29,4.993048667907715
2015-12-30,4.955060958862305
2015-12-31,4.967724800109863
2016-01-04,4.950840950012207
2016-01-05,4.933958053588867
2016-01-06,4.8368821144104
2016-01-07,4.642733097076416
2016-01-08,4.53299617767334
2016-01-11,4.49078893661499
2016-01-12,4.503450870513916
2016-01-13,4.347285747528076
2016-01-14,4.385272026062012
2016-01-15,4.237547397613525
2016-01-19,4.170019149780273
2016-01-20,4.127810001373291
2016-01-21,4.157355785369873
2016-01-22,4.30507755279541
2016-01-25,4.233327388763428
2016-01-26,4.292417526245117
2016-01-27,4.271312713623047
2016-01-28,4.30507755279541
2016-01-29,4.419035911560059
2016-02-01,4.435921669006348
2016-02-02,4.376830577850342
2016-02-03,4.368390083312988
2016-02-04,4.393712043762207
2016-02-05,4.326181411743164
2016-02-08,4.258652687072754
2016-02-09,4.2459893226623535
2016-02-10,4.229107856750488
2016-02-11,4.161576271057129
2016-02-12,4.2164459228515625
2016-02-16,4.283975124359131
2016-02-17,4.372610092163086
2016-02-18,4.359947204589844
2016-02-19,4.393712043762207
2016-02-22,4.435921669006348
2016-02-23,4.431699275970459
2016-02-24,4.461243152618408
2016-02-25,4.503450870513916
2016-02-26,4.520334720611572
2016-02-29,4.53299617767334
2016-03-01,4.617408752441406
2016-03-02,4.680717468261719
2016-03-03,4.786235332489014
2016-03-04,4.794676780700684
2016-03-07,4.845324993133545
2016-03-08,4.8157806396484375
2016-03-09,4.820001602172852
2016-03-10,4.794086933135986
2016-03-11,4.845914840698242
2016-03-14,4.854553699493408
2016-03-15,4.79840612411499
2016-03-16,4.824320316314697
2016-03-17,4.8977437019348145
2016-03-18,4.971164703369141
2016-03-21,4.988441467285156
2016-03-22,4.988441467285156
2016-03-23,4.936613082885742
2016-03-24,4.884784698486328
2016-03-28,4.8761467933654785
2016-03-29,4.975484848022461
2016-03-30,5.0229926109313965
2016-03-31,5.057545185089111
2016-04-01,5.03594970703125
2016-04-04,4.966847896575928
2016-04-05,4.902060508728027
2016-04-06,4.940932750701904
2016-04-07,4.902060508728027
2016-04-08,4.8934245109558105
2016-04-11,4.902060508728027
2016-04-12,4.962528705596924
2016-04-13,5.053226947784424
2016-04-14,5.044588088989258
2016-04-15,5.053226947784424
2016-04-18,5.0791401863098145
2016-04-19,5.105053424835205
2016-04-20,5.126648902893066
2016-04-21,5.1136932373046875
2016-04-22,5.18711519241333
2016-04-25,5.178476810455322
2016-04-26,5.204390048980713
2016-04-27,5.225986957550049
2016-04-28,5.200071334838867
2016-04-29,5.18711519241333
2016-05-02,5.195753574371338
2016-05-03,5.13096809387207
2016-05-04,5.096416473388672
2016-05-05,5.083460330963135
2016-05-06,5.074821472167969
2016-05-09,5.092095375061035
2016-05-10,5.118011951446533
2016-05-11,5.0791401863098145
2016-05-12,5.074821472167969
2016-05-13,5.044588088989258
2016-05-16,5.0791401863098145
2016-05-17,5.018673419952393
2016-05-18,5.018673419952393
2016-05-19,4.962528705596924
2016-05-20,5.0057172775268555
2016-05-23,5.010037422180176
2016-05-24,5.109374046325684
2016-05-25,5.126648902893066
2016-05-26,5.139606952667236
2016-05-27,5.178476810455322
2016-05-31,5.191433906555176
2016-06-01,5.2303056716918945
2016-06-02,5.247580051422119
2016-06-03,5.238943099975586
2016-06-06,5.299410343170166
2016-06-07,5.3382792472839355
2016-06-08,5.3814697265625
2016-06-09,5.3814697265625
2016-06-10,5.3109517097473145
2016-06-13,5.240431785583496
2016-06-14,5.209580421447754
2016-06-15,5.22280216217041
2016-06-16,5.213988780975342
2016-06-17,5.200765132904053
2016-06-20,5.258062362670898
2016-06-21,5.262469291687012
2016-06-22,5.231617450714111
2016-06-23,5.288915157318115
2016-06-24,5.125840187072754
2016-06-27,4.958355903625488
2016-06-28,5.046505451202393
2016-06-29,5.134654521942139
2016-06-30,5.187544345855713
2016-07-01,5.240431785583496
2016-07-05,5.169913291931152
2016-07-06,5.187544345855713
2016-07-07,5.200765132904053
2016-07-08,5.306542873382568
2016-07-11,5.359434127807617
2016-07-12,5.421136379241943
2016-07-13,5.4079155921936035
2016-07-14,5.434360027313232
2016-07-15,5.429952144622803
2016-07-18,5.45639705657959
2016-07-19,5.434360027313232
2016-07-20,5.465210437774658
2016-07-21,5.438767910003662
2016-07-22,5.45639705657959
2016-07-25,5.429952144622803
2016-07-26,5.504878520965576
2016-07-27,5.562173366546631
2016-07-28,5.588618755340576
2016-07-29,5.6062493324279785
2016-08-01,5.557767868041992
2016-08-02,5.491654872894287
2016-08-03,5.504878520965576
2016-08-04,5.553359508514404
2016-08-05,5.619472026824951
2016-08-08,5.619472026824951
2016-08-09,5.6282854080200195
2016-08-10,5.6282854080200195
2016-08-11,5.659138202667236
2016-08-12,5.632692813873291
2016-08-15,5.676767349243164
2016-08-16,5.632692813873291
2016-08-17,5.623879432678223
2016-08-18,5.663544654846191
2016-08-19,5.641509532928467
2016-08-22,5.637101650238037
2016-08-23,5.650322914123535
2016-08-24,5.637101650238037
2016-08-25,5.650322914123535
2016-08-26,5.632692813873291
2016-08-29,5.641509532928467
2016-08-30,5.6282854080200195
2016-08-31,5.619472026824951
2016-09-01,5.615063667297363
2016-09-02,5.650322914123535
2016-09-06,5.676767349243164
2016-09-07,5.698805332183838
2016-09-08,5.698805332183838
2016-09-09,5.595516204833984
2016-09-12,5.6000075340271
2016-09-13,5.559590816497803
2016-09-14,5.514682292938232
2016-09-15,5.537137985229492
2016-09-16,5.5326457023620605
2016-09-19,5.537137985229492
2016-09-20,5.5326457023620605
2016-09-21,5.577554702758789
2016-09-22,5.676351547241211
2016-09-23,5.667368412017822
2016-09-26,5.604498863220215
2016-09-27,5.653897762298584
2016-09-28,5.680841445922852
2016-09-29,5.662878036499023
2016-09-30,5.685332775115967
2016-10-03,5.689823627471924
2016-10-04,5.667368412017822
2016-10-05,5.676351547241211
2016-10-06,5.680841445922852
2016-10-07,5.658388137817383
2016-10-10,5.685332775115967
2016-10-11,5.591024875640869
2016-10-12,5.591024875640869
2016-10-13,5.537137985229492
2016-10-14,5.541628360748291
2016-10-17,5.478756427764893
2016-10-18,5.505701541900635
2016-10-19,5.510193347930908
2016-10-20,5.496719837188721
2016-10-21,5.501211643218994
2016-10-24,5.5326457023620605
2016-10-25,5.487738132476807
2016-10-26,5.460794448852539
2016-10-27,5.438342094421387
2016-10-28,5.4113945960998535
2016-10-31,5.361996173858643
2016-11-01,5.330560684204102
2016-11-02,5.263197422027588
2016-11-03,5.236253261566162
2016-11-04,5.2587080001831055
2016-11-07,5.3485236167907715
2016-11-08,5.366487503051758
2016-11-09,5.487738132476807
2016-11-10,5.6000075340271
2016-11-11,5.680841445922852
2016-11-14,5.766167163848877
2016-11-15,5.79760217666626
2016-11-16,5.79760217666626
2016-11-17,5.80658483505249
2016-11-18,5.829038619995117
2016-11-21,5.860472679138184
2016-11-22,5.918851375579834
2016-11-23,5.968252182006836
2016-11-25,6.035614490509033
2016-11-28,6.004178524017334
2016-11-29,5.981721878051758
2016-11-30,5.941307067871094
2016-12-01,5.927834987640381
2016-12-02,5.945797920227051
2016-12-05,5.999687194824219
2016-12-06,6.080523490905762
2016-12-07,6.165846824645996
2016-12-08,6.237700462341309
2016-12-09,6.2926554679870605
2016-12-12,6.260598182678223
2016-12-13,6.278918266296387
2016-12-14,6.2010626792907715
2016-12-15,6.214800834655762
2016-12-16,6.214800834655762
2016-12-19,6.2010626792907715
2016-12-20,6.23769998550415
2016-12-21,6.242280006408691
2016-12-22,6.219378471374512
2016-12-23,6.2010626792907715
2016-12-27,6.2056403160095215
2016-12-28,6.132364273071289
2016-12-29,6.146101474761963
2016-12-30,6.132364273071289
2017-01-03,6.118624210357666
2017-01-04,6.2010626792907715
2017-01-05,6.2010626792907715
2017-01-06,6.214800834655762
2017-01-09,6.169003963470459
2017-01-10,6.187320232391357
2017-01-11,6.214800834655762
2017-01-12,6.242280006408691
2017-01-13,6.23769998550415
2017-01-17,6.219378471374512
2017-01-18,6.23769998550415
2017-01-19,6.214800834655762
2017-01-20,6.219378471374512
2017-01-23,6.2056403160095215
2017-01-24,6.301815032958984
2017-01-25,6.347614765167236
2017-01-26,6.370511531829834
2017-01-27,6.352194309234619
2017-01-30,6.2834978103637695
2017-01-31,6.288076877593994
2017-02-01,6.3430352210998535
2017-02-02,6.361354827880859
2017-02-03,6.411732196807861
2017-02-06,6.384254455566406
2017-02-07,6.388832092285156
2017-02-08,6.388832092285156
2017-02-09,6.4621100425720215
2017-02-10,6.521646499633789
2017-02-13,6.553707122802734
2017-02-14,6.594923496246338
2017-02-15,6.585763931274414
2017-02-16,6.585763931274414
2017-02-17,6.594923496246338
2017-02-21,6.6132426261901855
2017-02-22,6.617822647094727
2017-02-23,6.608664035797119
2017-02-24,6.585763931274414
2017-02-27,6.622401714324951
2017-02-28,6.544546127319336
2017-03-01,6.636142253875732
2017-03-02,6.594923496246338
2017-03-03,6.562864780426025
2017-03-06,6.5170674324035645
2017-03-07,6.439211845397949
2017-03-08,6.425472736358643
2017-03-09,6.375092506408691
2017-03-10,6.375092506408691
2017-03-13,6.417095184326172
2017-03-14,6.412430286407471
2017-03-15,6.510434627532959
2017-03-16,6.468432903289795
2017-03-17,6.54777193069458
2017-03-20,6.5244364738464355
2017-03-21,6.375092506408691
2017-03-22,6.370428085327148
2017-03-23,6.435765266418457
2017-03-24,6.421761989593506
2017-03-27,6.43109655380249
2017-03-28,6.463766574859619
2017-03-29,6.487102508544922
2017-03-30,6.538439750671387
2017-03-31,6.53377103805542
2017-04-03,6.51977014541626
2017-04-04,6.473100662231445
2017-04-05,6.459101676940918
2017-04-06,6.505769729614258
2017-04-07,6.552438259124756
2017-04-10,6.566440105438232
2017-04-11,6.603773593902588
2017-04-12,6.557104110717773
2017-04-13,6.5291032791137695
2017-04-17,6.585107803344727
2017-04-18,6.557104110717773
2017-04-19,6.589773654937744
2017-04-20,6.69244909286499
2017-04-21,6.664445400238037
2017-04-24,6.748450756072998
2017-04-25,6.799790382385254
2017-04-26,6.841792583465576
2017-04-27,6.818456649780273
2017-04-28,6.799790382385254
2017-05-01,6.813790321350098
2017-05-02,6.818456649780273
2017-05-03,6.823122978210449
2017-05-04,6.795121192932129
2017-05-05,6.827790260314941
2017-05-08,6.818456649780273
2017-05-09,6.795121192932129
2017-05-10,6.795121192932129
2017-05-11,6.757786750793457
2017-05-12,6.725117206573486
2017-05-15,6.753119945526123
2017-05-16,6.748450756072998
2017-05-17,6.636446475982666
2017-05-18,6.659778594970703
2017-05-19,6.711116313934326
2017-05-22,6.771786689758301
2017-05-23,6.804454803466797
2017-05-24,6.781121253967285
2017-05-25,6.762453079223633
2017-05-26,6.7437849044799805
2017-05-30,6.753119945526123
2017-05-31,6.729786396026611
2017-06-01,6.818456649780273
2017-06-02,6.855791091918945
2017-06-05,6.851125717163086
2017-06-06,6.827790260314941
2017-06-07,6.804454803466797
2017-06-08,6.902460098266602
2017-06-09,6.902459144592285
2017-06-12,6.869186878204346
2017-06-13,6.897706031799316
2017-06-14,6.888201713562012
2017-06-15,6.840662479400635
2017-06-16,6.826401233673096
2017-06-19,6.892953872680664
2017-06-20,6.840662479400635
2017-06-21,6.788372039794922
2017-06-22,6.797879219055176
2017-06-23,6.8121418952941895
2017-06-26,6.869186878204346
2017-06-27,6.840662479400635
2017-06-28,6.930983543395996
2017-06-29,6.897706031799316
2017-06-30,6.9357380867004395
2017-07-03,6.992783069610596
2017-07-05,6.978522777557373
2017-07-06,6.873941421508789
2017-07-07,6.959507942199707
2017-07-10,6.983275413513184
2017-07-11,6.983275413513184
2017-07-12,7.064090728759766
2017-07-13,7.068842887878418
2017-07-14,7.102118492126465
2017-07-17,7.116379737854004
2017-07-18,7.102118492126465
2017-07-19,7.1401495933532715
2017-07-20,7.159165859222412
2017-07-21,7.159165859222412
2017-07-24,7.168671607971191
2017-07-25,7.206701755523682
2017-07-26,7.1544108390808105
2017-07-27,7.0308146476745605
2017-07-28,7.0545830726623535
2017-07-31,7.111627101898193
2017-08-01,7.097366809844971
2017-08-02,7.073598384857178
2017-08-03,7.0308146476745605
2017-08-04,7.0308146476745605
2017-08-07,7.040322303771973
2017-08-08,7.0308146476745605
2017-08-09,6.954753398895264
2017-08-10,6.731327533721924
2017-08-11,6.77886438369751
2017-08-14,6.883447170257568
2017-08-15,6.850171089172363
2017-08-16,6.892953872680664
2017-08-17,6.77886438369751
2017-08-18,6.769355773925781
2017-08-21,6.755095958709717
2017-08-22,6.821649074554443
2017-08-23,6.807384967803955
2017-08-24,6.8121418952941895
2017-08-25,6.8121418952941895
2017-08-28,6.831155300140381
2017-08-29,6.864431858062744
2017-08-30,6.9357380867004395
2017-08-31,7.0308146476745605
2017-09-01,7.111627101898193
2017-09-05,6.978522777557373
2017-09-06,7.040322303771973
2017-09-07,7.0593366622924805
2017-09-08,7.049828052520752
2017-09-11,7.073598384857178
2017-09-12,7.09782075881958
2017-09-13,7.155960559844971
2017-09-14,7.126891613006592
2017-09-15,7.204408645629883
2017-09-18,7.233480453491211
2017-09-19,7.277083873748779
2017-09-20,7.325533390045166
2017-09-21,7.359445095062256
2017-09-22,7.446657657623291
2017-09-25,7.475727558135986
2017-09-26,7.495105743408203
2017-09-27,7.548399448394775
2017-09-28,7.592002868652344
2017-09-29,7.650145530700684
2017-10-02,7.669523239135742
2017-10-03,7.688902378082275
2017-10-04,7.688902378082275
2017-10-05,7.703437805175781
2017-10-06,7.645297050476074
2017-10-09,7.688902378082275
2017-10-10,7.742198467254639
2017-10-11,7.751888751983643
2017-10-12,7.742198467254639
2017-10-13,7.727661609649658
2017-10-16,7.727661609649658
2017-10-17,7.6985955238342285
2017-10-18,7.703437805175781
2017-10-19,7.6937479972839355
2017-10-20,7.722818851470947
2017-10-23,7.6985955238342285
2017-10-24,7.703437805175781
2017-10-25,7.688902378082275
2017-10-26,7.659834384918213
2017-10-27,7.722818851470947
2017-10-30,7.722818851470947
2017-10-31,7.732508659362793
2017-11-01,7.708283424377441
2017-11-02,7.7131266593933105
2017-11-03,7.766421794891357
2017-11-06,7.795492172241211
2017-11-07,7.727661609649658
2017-11-08,7.732508659362793
2017-11-09,7.664679050445557
2017-11-10,7.650145530700684
2017-11-13,7.514483451843262
2017-11-14,7.441811561584473
2017-11-15,7.383672714233398
2017-11-16,7.504794597625732
2017-11-17,7.572625637054443
2017-11-20,7.645297050476074
2017-11-21,7.708283424377441
2017-11-22,7.747042179107666
2017-11-24,7.751888751983643
2017-11-27,7.737353801727295
2017-11-28,7.766421794891357
2017-11-29,7.829406261444092
2017-11-30,7.810027122497559
2017-12-01,7.7615766525268555
2017-12-04,7.727661609649658
2017-12-05,7.6937479972839355
2017-12-06,7.669523239135742
2017-12-07,7.703437805175781
2017-12-08,7.717971324920654
2017-12-11,7.6937479972839355
2017-12-12,7.659071445465088
2017-12-13,7.664022445678711
2017-12-14,7.64420747756958
2017-12-15,7.77796745300293
2017-12-18,7.82255744934082
2017-12-19,7.867143154144287
2017-12-20,7.906773567199707
2017-12-21,7.9414544105529785
2017-12-22,7.976135730743408
2017-12-26,7.986042022705078
2017-12-27,7.981087684631348
2017-12-28,7.966225624084473
2017-12-29,8.010811805725098
2018-01-02,8.025672912597656
2018-01-03,8.080168724060059
2018-01-04,8.124755859375
2018-01-05,8.169342994689941
2018-01-08,8.184206008911133
2018-01-09,8.248607635498047
2018-01-10,8.218886375427246
2018-01-11,8.303106307983398
2018-01-12,8.397233963012695
2018-01-16,8.377416610717773
2018-01-17,8.387324333190918
2018-01-18,8.34273910522461
2018-01-19,8.397233963012695
2018-01-22,8.431912422180176
2018-01-23,8.461638450622559
2018-01-24,8.461638450622559
2018-01-25,8.461638450622559
2018-01-26,8.43686580657959
2018-01-29,8.34273910522461
2018-01-30,8.194113731384277
2018-01-31,8.213932037353516
2018-02-01,8.179252624511719
2018-02-02,8.030631065368652
2018-02-05,7.64420747756958
2018-02-06,7.728427886962891
2018-02-07,7.862188816070557
2018-02-08,7.594667911529541
2018-02-09,7.698702335357666
2018-02-12,7.812645435333252
2018-02-13,7.847327709197998
2018-02-14,7.956315040588379
2018-02-15,8.000904083251953
2018-02-16,8.010811805725098
2018-02-20,7.986042022705078
2018-02-21,7.946410655975342
2018-02-22,7.956315040588379
2018-02-23,7.921636581420898
2018-02-26,7.921636581420898
2018-02-27,7.901820182800293
2018-02-28,7.857234001159668
2018-03-01,7.792830944061279
2018-03-02,7.812645435333252
2018-03-05,7.886958122253418
2018-03-06,7.921636581420898
2018-03-07,7.916683673858643
2018-03-08,7.961270809173584
2018-03-09,8.077312469482422
2018-03-12,8.127760887145996
2018-03-13,8.072265625
2018-03-14,8.036949157714844
2018-03-15,7.966318130493164
2018-03-16,8.036949157714844
2018-03-19,7.920909404754639
2018-03-20,7.951180934906006
2018-03-21,8.062173843383789
2018-03-22,7.920909404754639
2018-03-23,7.754420280456543
2018-03-26,7.830096244812012
2018-03-27,7.678742408752441
2018-03-28,7.759465217590332
2018-03-29,7.850276947021484
2018-04-02,7.799825668334961
2018-04-03,7.789736747741699
2018-04-04,7.885593414306641
2018-04-05,7.986494541168213
2018-04-06,7.789736747741699
2018-04-09,7.840188026428223
2018-04-10,7.981451988220215
2018-04-11,7.99658727645874
2018-04-12,8.062173843383789
2018-04-13,8.026856422424316
2018-04-16,8.097490310668945
2018-04-17,8.117671012878418
2018-04-18,8.233709335327148
2018-04-19,8.203438758850098
2018-04-20,8.107583045959473
2018-04-23,8.17316722869873
2018-04-24,8.062173843383789
2018-04-25,8.152986526489258
2018-04-26,8.19334888458252
2018-04-27,8.213528633117676
2018-04-30,8.12271785736084
2018-05-01,7.97136116027832
2018-05-02,7.936044692993164
2018-05-03,7.956222057342529
2018-05-04,8.047038078308105
2018-05-07,8.05712890625
2018-05-08,8.047038078308105
2018-05-09,8.097490310668945
2018-05-10,8.107583045959473
2018-05-11,8.097490310668945
2018-05-14,8.092445373535156
2018-05-15,8.107583045959473
2018-05-16,8.152986526489258
2018-05-17,8.248845100402832
2018-05-18,8.369929313659668
2018-05-21,8.405244827270508
2018-05-22,8.349746704101562
2018-05-23,8.364884376525879
2018-05-24,8.339659690856934
2018-05-25,8.233709335327148
2018-05-29,8.097490310668945
2018-05-30,8.198393821716309
2018-05-31,8.163077354431152
2018-06-01,8.218574523925781
2018-06-04,8.334612846374512
2018-06-05,8.30938720703125
2018-06-06,8.334612846374512
2018-06-07,8.349746704101562
2018-06-08,8.334334373474121
2018-06-11,8.344608306884766
2018-06-12,8.380578994750977
2018-06-13,8.329197883605957
2018-06-14,8.360024452209473
2018-06-15,8.344608306884766
2018-06-18,8.324057579040527
2018-06-19,8.349746704101562
2018-06-20,8.318917274475098
2018-06-21,8.30864143371582
2018-06-22,8.293227195739746
2018-06-25,8.164772033691406
2018-06-26,8.113389015197754
2018-06-27,8.062004089355469
2018-06-28,8.097972869873047
2018-06-29,8.118525505065918
2018-07-02,8.092832565307617
2018-07-03,8.005481719970703
2018-07-05,8.180183410644531
2018-07-06,8.149354934692383
2018-07-09,8.211014747619629
2018-07-10,8.133938789367676
2018-07-11,8.097972869873047
2018-07-12,8.097972869873047
2018-07-13,8.082557678222656
2018-07-16,8.010619163513184
2018-07-17,8.062004089355469
2018-07-18,8.108246803283691
2018-07-19,8.149354934692383
2018-07-20,8.15449333190918
2018-07-23,8.180183410644531
2018-07-24,8.128802299499512
2018-07-25,8.211014747619629
2018-07-26,8.241843223571777
2018-07-27,8.164772033691406
2018-07-30,8.113389015197754
2018-07-31,8.159631729125977
2018-08-01,8.159631729125977
2018-08-02,8.216153144836426
2018-08-03,8.252118110656738
2018-08-06,8.257258415222168
2018-08-07,8.282951354980469
2018-08-08,8.272674560546875
2018-08-09,8.339471817016602
2018-08-10,8.298365592956543
2018-08-13,8.272674560546875
2018-08-14,8.334334373474121
2018-08-15,8.267533302307129
2018-08-16,8.324057579040527
2018-08-17,8.406270980834961
2018-08-20,8.385717391967773
2018-08-21,8.478205680847168
2018-08-22,8.488482475280762
2018-08-23,8.46792984008789
2018-08-24,8.503897666931152
2018-08-27,8.539868354797363
2018-08-28,8.575836181640625
2018-08-29,8.60152530670166
2018-08-30,8.60152530670166
2018-08-31,8.61694049835205
2018-09-04,8.539868354797363
2018-09-05,8.555279731750488
2018-09-06,8.524450302124023
2018-09-07,8.580972671508789
2018-09-10,8.632354736328125
2018-09-11,8.632354736328125
2018-09-12,8.632354736328125
2018-09-13,8.632354736328125
2018-09-14,8.627124786376953
2018-09-17,8.522488594055176
2018-09-18,8.559111595153809
2018-09-19,8.595733642578125
2018-09-20,8.73698902130127
2018-09-21,8.710827827453613
2018-09-24,8.679442405700684
2018-09-25,8.684673309326172
2018-09-26,8.606199264526367
2018-09-27,8.616660118103027
2018-09-28,8.553879737854004
2018-10-01,8.506794929504395
2018-10-02,8.433550834655762
2018-10-03,8.459708213806152
2018-10-04,8.266134262084961
2018-10-05,8.04117202758789
2018-10-08,8.046401977539062
2018-10-09,8.009780883789062
2018-10-10,7.72726583480835
2018-10-11,7.476141452789307
2018-10-12,7.5179972648620605
2018-10-15,7.606937408447266
2018-10-16,7.8528265953063965
2018-10-17,7.831900596618652
2018-10-18,7.737728118896484
2018-10-19,7.674950122833252
2018-10-22,7.601705074310303
2018-10-23,7.497070789337158
2018-10-24,7.277337074279785
2018-10-25,7.3819708824157715
2018-10-26,7.277337074279785
2018-10-29,7.183167457580566
2018-10-30,7.240715503692627
2018-10-31,7.303496837615967
2018-11-01,7.460447788238525
2018-11-02,7.402899265289307
2018-11-05,7.434291362762451
2018-11-06,7.497070789337158
2018-11-07,7.664484024047852
2018-11-08,7.680180549621582
2018-11-09,7.554617881774902
2018-11-12,7.429056167602539
2018-11-13,7.408129692077637
2018-11-14,7.313959121704102
2018-11-15,7.3976664543151855
2018-11-16,7.355815410614014
2018-11-19,7.2145562171936035
2018-11-20,7.031447887420654
2018-11-21,7.099457740783691
2018-11-23,7.125617504119873
2018-11-26,7.204092979431152
2018-11-27,7.225020885467529
2018-11-28,7.376739501953125
2018-11-29,7.413364887237549
2018-11-30,7.444751739501953
2018-12-03,7.50230073928833
2018-12-04,7.2354817390441895
2018-12-06,7.141313076019287
2018-12-07,7.026214599609375
2018-12-10,6.942508697509766
2018-12-11,6.869261741638184
2018-12-12,6.91771125793457
2018-12-13,6.85849666595459
2018-12-14,6.691610336303711
2018-12-17,6.508573055267334
2018-12-18,6.465506076812744
2018-12-19,6.3201518058776855
2018-12-20,6.11558198928833
2018-12-21,5.980996608734131
2018-12-24,5.964845657348633
2018-12-26,6.244784832000732
2018-12-27,6.266317844390869
2018-12-28,6.3201518058776855
2018-12-31,6.352453231811523
2019-01-02,6.465506076812744
2019-01-03,6.373985290527344
2019-01-04,6.530106067657471
2019-01-07,6.707759380340576
2019-01-08,6.842345714569092
2019-01-09,6.923096656799316
2019-01-10,6.982315540313721
2019-01-11,6.9392476081848145
2019-01-14,6.885414123535156
2019-01-15,6.976930618286133
2019-01-16,7.009231090545654
2019-01-17,7.084599494934082
2019-01-18,7.1276679039001465
2019-01-22,7.009231090545654
2019-01-23,6.998463153839111
2019-01-24,7.046915531158447
2019-01-25,7.149201393127441
2019-01-28,7.1276679039001465
2019-01-29,7.165351390838623
2019-01-30,7.262254238128662
2019-01-31,7.33223819732666
2019-02-01,7.33223819732666
2019-02-04,7.391456127166748
2019-02-05,7.375305652618408
2019-02-06,7.386072635650635
2019-02-07,7.3160858154296875
2019-02-08,7.337624549865723
2019-02-11,7.369922637939453
2019-02-12,7.445290565490723
2019-02-13,7.493741989135742
2019-02-14,7.4991230964660645
2019-02-15,7.542193412780762
2019-02-19,7.628328800201416
2019-02-20,7.687544345855713
2019-02-21,7.649862289428711
2019-02-22,7.7413787841796875
2019-02-25,7.746762752532959
2019-02-26,7.7036967277526855
2019-02-27,7.7036967277526855
2019-02-28,7.682162284851074
2019-03-01,7.698311805725098
2019-03-04,7.687544345855713
2019-03-05,7.7036967277526855
2019-03-06,7.558340549468994
2019-03-07,7.461442470550537
2019-03-08,7.450442314147949
2019-03-11,7.571410179138184
2019-03-12,7.587904453277588
2019-03-13,7.6538872718811035
2019-03-14,7.6483869552612305
2019-03-15,7.626395225524902
2019-03-18,7.6483869552612305
2019-03-19,7.631894588470459
2019-03-20,7.593404293060303
2019-03-21,7.708871364593506
2019-03-22,7.49443244934082
2019-03-25,7.483432769775391
2019-03-26,7.477936267852783
2019-03-27,7.499929428100586
2019-03-28,7.5384202003479
2019-03-29,7.565911769866943
2019-04-01,7.642890453338623
2019-04-02,7.6483869552612305
2019-04-03,7.6978759765625
2019-04-04,7.708871364593506
2019-04-05,7.7913498878479
2019-04-08,7.813342094421387
2019-04-09,7.752860069274902
2019-04-10,7.824339866638184
2019-04-11,7.846333026885986
2019-04-12,7.829837799072266
2019-04-15,7.824339866638184
2019-04-16,7.8683295249938965
2019-04-17,7.829837799072266
2019-04-18,7.851832866668701
2019-04-22,7.807846546173096
2019-04-23,7.901318073272705
2019-04-24,7.917812824249268
2019-04-25,7.857330322265625
2019-04-26,7.873826026916504
2019-04-29,7.912315845489502
2019-04-30,7.884825229644775
2019-05-01,7.873826026916504
2019-05-02,7.846333026885986
2019-05-03,7.956304550170898
2019-05-06,7.978296756744385
2019-05-07,7.785851001739502
2019-05-08,7.7913498878479
2019-05-09,7.719870567321777
2019-05-10,7.752860069274902
2019-05-13,7.527422904968262
2019-05-14,7.593404293060303
2019-05-15,7.6208977699279785
2019-05-16,7.6758809089660645
2019-05-17,7.565911769866943
2019-05-20,7.4724345207214355
2019-05-21,7.576910018920898
2019-05-22,7.527422904968262
2019-05-23,7.406456470489502
2019-05-24,7.4669389724731445
2019-05-28,7.384460926055908
2019-05-29,7.296486854553223
2019-05-30,7.307483196258545
2019-05-31,7.21950626373291
2019-06-03,7.225006103515625
2019-06-04,7.42844820022583
2019-06-05,7.433948516845703
2019-06-06,7.4559407234191895
2019-06-07,7.499929428100586
2019-06-10,7.576910018920898
2019-06-11,7.593404293060303
2019-06-12,7.593403339385986
2019-06-13,7.615853786468506
2019-06-14,7.576566219329834
2019-06-17,7.62146520614624
2019-06-18,7.700037002563477
2019-06-19,7.71126127243042
2019-06-20,7.761770248413086
2019-06-21,7.694425106048584
2019-06-24,7.638301372528076
2019-06-25,7.5597310066223145
2019-06-26,7.593403339385986
2019-06-27,7.705650806427002
2019-06-28,7.812282562255859
2019-07-01,7.874016761779785
2019-07-02,7.834730625152588
2019-07-03,7.868405342102051
2019-07-05,7.840340614318848
2019-07-08,7.767384052276611
2019-07-09,7.784221172332764
2019-07-10,7.778608322143555
2019-07-11,7.767384052276611
2019-07-12,7.8178935050964355
2019-07-15,7.7729973793029785
2019-07-16,7.801058292388916
2019-07-17,7.778608322143555
2019-07-18,7.784221172332764
2019-07-19,7.767384052276611
2019-07-22,7.7729973793029785
2019-07-23,7.845956325531006
2019-07-24,7.969427585601807
2019-07-25,7.890854358673096
2019-07-26,7.9245285987854
2019-07-29,7.896464824676514
2019-07-30,7.935754776000977
2019-07-31,7.890854358673096
2019-08-01,7.79544734954834
2019-08-02,7.756158351898193
2019-08-05,7.526054382324219
2019-08-06,7.531668186187744
2019-08-07,7.497994422912598
2019-08-08,7.671975135803223
2019-08-09,7.565342903137207
2019-08-12,7.503605365753174
2019-08-13,7.542893886566162
2019-08-14,7.329627513885498
2019-08-15,7.329627513885498
2019-08-16,7.453094959259033
2019-08-19,7.548506259918213
2019-08-20,7.520443916320801
2019-08-21,7.576566219329834
2019-08-22,7.548506259918213
2019-08-23,7.374526023864746
2019-08-26,7.447484970092773
2019-08-27,7.340851306915283
2019-08-28,7.413811206817627
2019-08-29,7.514832973480225
2019-08-30,7.537281036376953
2019-09-03,7.503605365753174
2019-09-04,7.5541181564331055
2019-09-05,7.733709335327148
2019-09-06,7.756158351898193
2019-09-09,7.79544734954834
2019-09-10,7.868405342102051
2019-09-11,8.025546073913574
2019-09-12,8.099913597106934
2019-09-13,8.134234428405762
2019-09-16,8.122793197631836
2019-09-17,8.054150581359863
2019-09-18,8.019828796386719
2019-09-19,8.002668380737305
2019-09-20,8.01410961151123
2019-09-23,7.991227149963379
2019-09-24,7.899703025817871
2019-09-25,7.968343734741211
2019-09-26,7.8882622718811035
2019-09-27,7.853938579559326
2019-09-30,7.871101379394531
2019-10-01,7.733813762664795
2019-10-02,7.607968330383301
2019-10-03,7.61368989944458
2019-10-04,7.659451484680176
2019-10-07,7.653731822967529
2019-10-08,7.5622076988220215
2019-10-09,7.602248191833496
2019-10-10,7.642291069030762
2019-10-11,7.693772792816162
2019-10-14,7.6823320388793945
2019-10-15,7.745255470275879
2019-10-16,7.745255470275879
2019-10-17,7.831058502197266
2019-10-18,7.842499732971191
2019-10-21,7.8882622718811035
2019-10-22,7.922585964202881
2019-10-23,7.911144733428955
2019-10-24,7.922585964202881
2019-10-25,7.962624549865723
2019-10-28,8.019828796386719
2019-10-29,8.059868812561035
2019-10-30,8.042709350585938
2019-10-31,7.996947288513184
2019-11-01,8.117073059082031
2019-11-04,8.185715675354004
2019-11-05,8.208597183227539
2019-11-06,8.19715690612793
2019-11-07,8.225757598876953
2019-11-08,8.23147964477539
2019-11-11,8.242918968200684
2019-11-12,8.25436019897461
2019-11-13,8.208597183227539
2019-11-14,8.20287799835205
2019-11-15,8.242918968200684
2019-11-18,8.21431827545166
2019-11-19,8.237197875976562
2019-11-20,8.220040321350098
2019-11-21,8.179997444152832
2019-11-22,8.122793197631836
2019-11-25,8.260080337524414
2019-11-26,8.265800476074219
2019-11-27,8.317283630371094
2019-11-29,8.300122261047363
2019-12-02,8.237197875976562
2019-12-03,8.19715690612793
2019-12-04,8.28868293762207
2019-12-05,8.317283630371094
2019-12-06,8.403085708618164
2019-12-09,8.41452693939209
2019-12-10,8.35732364654541
2019-12-11,8.36314868927002
2019-12-12,8.491277694702148
2019-12-13,8.485452651977539
2019-12-16,8.561161994934082
2019-12-17,8.566987037658691
2019-12-18,8.54369068145752
2019-12-19,8.555338859558105
2019-12-20,8.631049156188965
2019-12-23,8.6718168258667
2019-12-24,8.677639961242676
2019-12-26,8.6718168258667
2019-12-27,8.60775375366211
2019-12-30,8.561161994934082
2019-12-31,8.601930618286133
2020-01-02,8.625224113464355
2020-01-03,8.578634262084961
2020-01-06,8.572811126708984
2020-01-07,8.537866592407227
2020-01-08,8.572811126708984
2020-01-09,8.60775375366211
2020-01-10,8.578634262084961
2020-01-13,8.61357593536377
2020-01-14,8.6718168258667
2020-01-15,8.700934410095215
2020-01-16,8.776646614074707
2020-01-17,8.753351211547852
2020-01-21,8.77082347869873
2020-01-22,8.753351211547852
2020-01-23,8.805767059326172
2020-01-24,8.712584495544434
2020-01-27,8.561161994934082
2020-01-28,8.61357593536377
2020-01-29,8.60775375366211
2020-01-30,8.555338859558105
2020-01-31,8.40391731262207
2020-02-03,8.450509071350098
2020-02-04,8.566987037658691
2020-02-05,8.724233627319336
2020-02-06,8.695112228393555
2020-02-07,8.648520469665527
2020-02-10,8.660168647766113
2020-02-11,8.724233627319336
2020-02-12,8.77082347869873
2020-02-13,8.834887504577637
2020-02-14,8.811593055725098
2020-02-18,8.794120788574219
2020-02-19,8.864006042480469
2020-02-20,8.916421890258789
2020-02-21,8.869830131530762
2020-02-24,8.572811126708984
2020-02-25,8.235023498535156
2020-02-26,8.118544578552246
2020-02-27,7.78075647354126
2020-02-28,7.559446811676025
2020-03-02,7.955476760864258
2020-03-03,7.850642681121826
2020-03-04,8.04865837097168
2020-03-05,7.774934768676758
2020-03-06,7.675924777984619
2020-03-09,6.988704681396484
2020-03-10,7.041118144989014
2020-03-11,6.492614269256592
2020-03-12,5.723518371582031
2020-03-13,5.956035137176514
2020-03-16,5.133278846740723
2020-03-17,5.40753173828125
2020-03-18,4.811331748962402
2020-03-19,5.186936855316162
2020-03-20,5.025963306427002
2020-03-23,4.7099785804748535
2020-03-24,5.246558666229248
2020-03-25,5.604278087615967
2020-03-26,6.0693135261535645
2020-03-27,5.914302349090576
2020-03-30,5.830833435058594
2020-03-31,5.765251636505127
2020-04-01,5.383683204650879
2020-04-02,5.544657230377197
2020-04-03,5.413493633270264
2020-04-06,5.8129472732543945
2020-04-07,5.896415710449219
2020-04-08,6.0871992111206055
2020-04-09,6.248173236846924
2020-04-13,6.134896278381348
2020-04-14,6.325679779052734
2020-04-15,6.152780055999756
2020-04-16,6.111048221588135
2020-04-17,6.307793140411377
2020-04-20,6.206439971923828
2020-04-21,6.117009162902832
2020-04-22,6.176629066467285
2020-04-23,6.277982711791992
2020-04-24,6.325679779052734
2020-04-27,6.558196067810059
2020-04-28,6.671473979949951
2020-04-29,7.017272472381592
2020-04-30,6.790714263916016
2020-05-01,6.528387546539307
2020-05-04,6.474729061126709
2020-05-05,6.564159393310547
2020-05-06,6.528387546539307
2020-05-07,6.713210582733154
2020-05-08,6.909956932067871
2020-05-11,6.898030757904053
2020-05-12,6.725132942199707
2020-05-13,6.462806224822998
2020-05-14,6.438957214355469
2020-05-15,6.510499954223633
2020-05-18,6.886106967926025
2020-05-19,6.862260818481445
2020-05-20,7.029196262359619
2020-05-21,7.023232460021973
2020-05-22,7.017272472381592
2020-05-26,7.267675399780273
2020-05-27,7.380951404571533
2020-05-28,7.273636341094971
2020-05-29,7.261713027954102
2020-06-01,7.363066673278809
2020-06-02,7.416723728179932
2020-06-03,7.643280029296875
2020-06-04,7.70289945602417
2020-06-05,7.905608654022217
2020-06-08,8.03080940246582
2020-06-09,7.8996453285217285
2020-06-10,7.765857696533203
2020-06-11,7.224617958068848
2020-06-12,7.346243858337402
2020-06-15,7.443545818328857
2020-06-16,7.656393051147461
2020-06-17,7.565173149108887
2020-06-18,7.5347676277160645
2020-06-19,7.498280048370361
2020-06-22,7.540848255157471
2020-06-23,7.589499473571777
2020-06-24,7.407058238983154
2020-06-25,7.473953723907471
2020-06-26,7.291512966156006
2020-06-29,7.510441303253174
2020-06-30,7.625988006591797
2020-07-01,7.577335357666016
2020-07-02,7.583418369293213
2020-07-06,7.686802864074707
2020-07-07,7.5590925216674805
2020-07-08,7.589499473571777
2020-07-09,7.486117362976074
2020-07-10,7.546928882598877
2020-07-13,7.455709457397461
2020-07-14,7.601661205291748
2020-07-15,7.826671123504639
2020-07-16,7.771939277648926
2020-07-17,7.7901835441589355
2020-07-20,7.7901835441589355
2020-07-21,7.863158226013184
2020-07-22,7.8874831199646
2020-07-23,7.893564701080322
2020-07-24,7.88140344619751
2020-07-27,7.972621440887451
2020-07-28,7.930053234100342
2020-07-29,8.051681518554688
2020-07-30,7.990865707397461
2020-07-31,7.972621440887451
2020-08-03,8.106411933898926
2020-08-04,8.161142349243164
2020-08-05,8.246283531188965
2020-08-06,8.215875625610352
2020-08-07,8.294930458068848
2020-08-10,8.343584060668945
2020-08-11,8.398316383361816
2020-08-12,8.404398918151855
2020-08-13,8.404398918151855
2020-08-14,8.367910385131836
2020-08-17,8.355745315551758
2020-08-18,8.319258689880371
2020-08-19,8.294930458068848
2020-08-20,8.209794998168945
2020-08-21,8.161142349243164
2020-08-24,8.22195816040039
2020-08-25,8.20371150970459
2020-08-26,8.197630882263184
2020-08-27,8.319258689880371
2020-08-28,8.337502479553223
2020-08-31,8.240202903747559
2020-09-01,8.325337409973145
2020-09-02,8.380070686340332
2020-09-03,8.179386138916016
2020-09-04,8.118576049804688
2020-09-08,7.8874831199646
2020-09-09,8.015191078186035
2020-09-10,7.92840576171875
2020-09-11,7.897411823272705
2020-09-14,8.03998851776123
2020-09-15,8.021389961242676
2020-09-16,8.095779418945312
2020-09-17,8.033788681030273
2020-09-18,7.97799825668335
2020-09-21,7.773434638977051
2020-09-22,7.792030334472656
2020-09-23,7.568869113922119
2020-09-24,7.57506799697876
2020-09-25,7.692846298217773
2020-09-28,7.8044281005859375
2020-09-29,7.798231601715088
2020-09-30,7.835423469543457
2020-10-01,7.909811496734619
2020-10-02,7.996593475341797
2020-10-05,8.207358360290527
2020-10-06,8.22595500946045
2020-10-07,8.312738418579102
2020-10-08,8.387127876281738
2020-10-09,8.442915916442871
2020-10-12,8.529702186584473
2020-10-13,8.523500442504883
2020-10-14,8.449113845825195
2020-10-15,8.455312728881836
2020-10-16,8.461512565612793
2020-10-19,8.39952564239502
2020-10-20,8.411922454833984
2020-10-21,8.374727249145508
2020-10-22,8.436717987060547
2020-10-23,8.405723571777344
2020-10-26,8.182562828063965
2020-10-27,8.064784049987793
2020-10-28,7.897411823272705
2020-10-29,7.97799825668335
2020-10-30,7.860217571258545
2020-11-02,7.971798419952393
2020-11-03,8.250749588012695
2020-11-04,8.269347190856934
2020-11-05,8.591690063476562
2020-11-06,8.542098999023438
2020-11-09,8.80245304107666
2020-11-10,8.870641708374023
2020-11-11,8.914034843444824
2020-11-12,8.77145767211914
2020-11-13,8.988420486450195
2020-11-16,9.174388885498047
2020-11-17,9.254974365234375
2020-11-18,9.217782020568848
2020-11-19,9.310763359069824
2020-11-20,9.335559844970703
2020-11-23,9.471935272216797
2020-11-24,9.589716911315918
2020-11-25,9.564919471740723
2020-11-27,9.602112770080566
2020-11-30,9.490531921386719
2020-12-01,9.645503997802734
2020-12-02,9.682695388793945
2020-12-03,9.76948356628418
2020-12-04,10.005040168762207
2020-12-07,10.005040168762207
2020-12-08,9.980247497558594
2020-12-09,9.918255805969238
2020-12-10,9.956042289733887
2020-12-11,9.987526893615723
2020-12-14,10.019013404846191
2020-12-15,10.327583312988281
2020-12-16,10.226824760437012
2020-12-17,10.258313179016113
2020-12-18,10.220525741577148
2020-12-21,10.170147895812988
2020-12-22,10.201637268066406
2020-12-23,10.252015113830566
2020-12-24,10.302393913269043
2020-12-28,10.245718002319336
2020-12-29,10.100878715515137
2020-12-30,10.1764497756958
2020-12-31,10.163851737976074
2021-01-04,9.993824005126953
2021-01-05,10.113472938537598
2021-01-06,10.466123580932617
2021-01-07,10.673935890197754
2021-01-08,10.736907958984375
2021-01-11,10.642447471618652
2021-01-12,10.818772315979004
2021-01-13,10.825069427490234
2021-01-14,10.995096206665039
2021-01-15,10.856555938720703
2021-01-19,10.906935691833496
2021-01-20,11.02658462524414
2021-01-21,10.963611602783203
2021-01-22,10.944717407226562
2021-01-25,10.888044357299805
2021-01-26,10.837661743164062
2021-01-27,10.5731782913208
2021-01-28,10.566880226135254
2021-01-29,10.440932273864746
2021-02-01,10.730610847473145
2021-02-02,10.81247329711914
2021-02-03,10.856555938720703
2021-02-04,11.051773071289062
2021-02-05,11.165122032165527
2021-02-08,11.347747802734375
2021-02-09,11.366637229919434
2021-02-10,11.347747802734375
2021-02-11,11.410719871520996
2021-02-12,11.448502540588379
2021-02-16,11.42331314086914
2021-02-17,11.360342025756836
2021-02-18,11.30996322631836
2021-02-19,11.473692893981934
2021-02-22,11.42331314086914
2021-02-23,11.297367095947266
2021-02-24,11.555556297302246
2021-02-25,11.259580612182617
2021-02-26,11.228097915649414
2021-03-01,11.52407169342041
2021-03-02,11.45479965209961
2021-03-03,11.385527610778809
2021-03-04,11.152528762817383
2021-03-05,11.246990203857422
2021-03-08,11.322556495666504
2021-03-09,11.587041854858398
2021-03-10,11.682856559753418
2021-03-11,11.791443824768066
2021-03-12,11.900032997131348
2021-03-15,11.912808418273926
2021-03-16,11.753119468688965
2021-03-17,11.938359260559082
2021-03-18,11.638143539428711
2021-03-19,11.663695335388184
2021-03-22,11.61898136138916
2021-03-23,11.203791618347168
2021-03-24,11.037713050842285
2021-03-25,11.248503684997559
2021-03-26,11.427352905273438
2021-03-29,11.305990219116211
2021-03-30,11.440130233764648
2021-03-31,11.567882537841797
2021-04-01,11.733957290649414
2021-04-05,11.836155891418457
2021-04-06,11.848933219909668
2021-04-07,11.68924331665039
2021-04-08,11.829771995544434
2021-04-09,11.874482154846191
2021-04-12,11.848933219909668
2021-04-13,11.868097305297852
2021-04-14,11.92558479309082
2021-04-15,11.99584674835205
2021-04-16,12.015010833740234
2021-04-19,11.931971549987793
2021-04-20,11.69562816619873
2021-04-21,11.906420707702637
2021-04-22,11.880871772766113
2021-04-23,12.066107749938965
2021-04-26,12.110823631286621
2021-04-27,12.142760276794434
2021-04-28,12.225798606872559
2021-04-29,12.219411849975586
2021-04-30,12.066107749938965
2021-05-03,12.123597145080566
2021-05-04,11.989459991455078
2021-05-05,12.021397590637207
2021-05-06,11.983073234558105
2021-05-07,12.142760276794434
2021-05-10,12.002235412597656
2021-05-11,11.791443824768066
2021-05-12,11.484840393066406
2021-05-13,11.580655097961426
2021-05-14,11.880871772766113
2021-05-17,11.88725757598877
2021-05-18,11.816994667053223
2021-05-19,11.753119468688965
2021-05-20,11.836155891418457
2021-05-21,11.912808418273926
2021-05-24,12.034174919128418
2021-05-25,11.970297813415527
2021-05-26,12.085272789001465
2021-05-27,12.187475204467773
2021-05-28,12.232185363769531
2021-06-01,12.283287048339844
2021-06-02,12.296063423156738
2021-06-03,12.327997207641602
2021-06-04,12.37271499633789
2021-06-07,12.347163200378418
2021-06-08,12.385488510131836
2021-06-09,12.385488510131836
2021-06-10,12.43738842010498
2021-06-11,12.502272605895996
2021-06-14,12.39846420288086
2021-06-15,12.463343620300293
2021-06-16,12.340071678161621
2021-06-17,12.151923179626465
2021-06-18,11.924842834472656
2021-06-21,12.151923179626465
2021-06-22,12.17138671875
2021-06-23,12.242754936218262
2021-06-24,12.443881034851074
2021-06-25,12.515249252319336
2021-06-28,12.314117431640625
2021-06-29,12.281682014465332
2021-06-30,12.307633399963379
2021-07-01,12.372511863708496
2021-07-02,12.34656047821045
2021-07-06,12.216802597045898
2021-07-07,12.151923179626465
2021-07-08,11.89889144897461
2021-07-09,12.125972747802734
2021-07-12,12.125972747802734
2021-07-13,12.009188652038574
2021-07-14,11.9313325881958
2021-07-15,11.769133567810059
2021-07-16,11.522592544555664
2021-07-19,11.327954292297363
2021-07-20,11.665324211120605
2021-07-21,11.821040153503418
2021-07-22,11.717228889465332
2021-07-23,11.769133567810059
2021-07-26,11.665324211120605
2021-07-27,11.561517715454102
2021-07-28,11.743182182312012
2021-07-29,11.885918617248535
2021-07-30,11.892404556274414
2021-08-02,11.834012985229492
2021-08-03,11.91186809539795
2021-08-04,11.821040153503418
2021-08-05,11.99621295928955
2021-08-06,12.054603576660156
2021-08-09,12.093530654907227
2021-08-10,12.164897918701172
2021-08-11,12.26221752166748
2021-08-12,12.236268043518066
2021-08-13,12.145435333251953
2021-08-16,12.203826904296875
2021-08-17,11.957284927368164
2021-08-18,11.879426002502441
2021-08-19,11.723718643188477
2021-08-20,11.840500831604004
2021-08-23,12.009188652038574
2021-08-24,12.112995147705078
2021-08-25,12.080556869506836
2021-08-26,11.97674560546875
2021-08-27,12.203826904296875
2021-08-30,12.236268043518066
2021-08-31,12.288167953491211
2021-09-01,12.314117431640625
2021-09-02,12.35953426361084
2021-09-03,12.33358383178711
2021-09-07,12.301143646240234
2021-09-08,12.249241828918457
2021-09-09,12.255729675292969
2021-09-10,12.18309497833252
2021-09-13,12.163283348083496
2021-09-14,12.051029205322266
2021-09-15,12.169885635375977
2021-09-16,12.169885635375977
2021-09-17,12.1566801071167
2021-09-20,11.866135597229004
2021-09-21,11.899153709411621
2021-09-22,12.037820816040039
2021-09-23,12.242524147033691
2021-09-24,12.189696311950684
2021-09-27,12.28214168548584
2021-09-28,12.057632446289062
2021-09-29,12.051029205322266
2021-09-30,11.899153709411621
2021-10-01,12.130269050598145
2021-10-04,11.899153709411621
2021-10-05,11.958582878112793
2021-10-06,11.912357330322266
2021-10-07,12.103852272033691
2021-10-08,12.06423568725586
2021-10-11,11.991596221923828
2021-10-12,12.08404541015625
2021-10-13,12.097251892089844
2021-10-14,12.348177909851074
2021-10-15,12.28214168548584
2021-10-18,12.361381530761719
2021-10-19,12.4010009765625
2021-10-20,12.480241775512695
2021-10-21,12.493447303771973
2021-10-22,12.486846923828125
2021-10-25,12.51325798034668
2021-10-26,12.480241775512695
2021-10-27,12.28214168548584
2021-10-28,12.526466369628906
2021-10-29,12.519861221313477
2021-11-01,12.79059886932373
2021-11-02,12.836819648742676
2021-11-03,12.968887329101562
2021-11-04,12.949078559875488
2021-11-05,13.11415958404541
2021-11-08,13.1339693069458
2021-11-09,13.054730415344238
2021-11-10,12.942471504211426
2021-11-11,13.008506774902344
2021-11-12,13.081143379211426
2021-11-15,13.09434986114502
2021-11-16,13.153780937194824
2021-11-17,13.008506774902344
2021-11-18,12.889646530151367
2021-11-19,12.770787239074707
2021-11-22,12.79059886932373
2021-11-23,12.803803443908691
2021-11-24,12.783992767333984
2021-11-26,12.394400596618652
2021-11-29,12.4010009765625
2021-11-30,12.150076866149902
2021-12-01,12.018010139465332
2021-12-02,12.301952362060547
2021-12-03,12.044424057006836
2021-12-06,12.381196022033691
2021-12-07,12.605706214904785
2021-12-08,12.76418399810791
2021-12-09,12.678339004516602
2021-12-10,12.588862419128418
2021-12-13,12.416790008544922
2021-12-14,12.203418731689453
2021-12-15,12.43743896484375
2021-12-16,12.272249221801758
2021-12-17,12.451205253601074
2021-12-20,12.43743896484375
2021-12-21,12.877943992614746
2021-12-22,13.146379470825195
2021-12-23,13.0982027053833
2021-12-27,13.228972434997559
2021-12-28,13.270273208618164
2021-12-29,13.277155876159668
2021-12-30,13.345983505249023
2021-12-31,13.483643531799316
2022-01-03,13.44922924041748
2022-01-04,13.462993621826172
2022-01-05,12.981186866760254
2022-01-06,13.063783645629883
2022-01-07,12.994955062866211
2022-01-10,12.98807144165039
2022-01-11,13.03625202178955
2022-01-12,13.105083465576172
2022-01-13,12.89859390258789
2022-01-14,12.71275520324707
2022-01-18,12.306662559509277
2022-01-19,12.134590148925781
2022-01-20,12.038230895996094
2022-01-21,11.817975997924805
2022-01-24,12.203418731689453
2022-01-25,12.01758098602295
2022-01-26,11.93498420715332
2022-01-27,11.7491455078125
2022-01-28,11.900572776794434
2022-01-31,12.182771682739258
2022-02-01,12.361726760864258
2022-02-02,12.33419418334961
2022-02-03,12.06576156616211
2022-02-04,12.072644233703613
2022-02-07,12.127705574035645
2022-02-08,12.21030330657959
2022-02-09,12.299781799316406
2022-02-10,12.003815650939941
2022-02-11,11.879920959472656
2022-02-14,11.728497505187988
2022-02-15,12.16900634765625
2022-02-16,12.25159740447998
2022-02-17,11.955633163452148
2022-02-18,11.817975997924805
2022-02-22,11.556426048278809
2022-02-23,11.405001640319824
2022-02-24,11.659669876098633
2022-02-25,11.921219825744629
2022-02-28,12.010697364807129
2022-03-01,11.728497505187988
2022-03-02,11.92810344696045
2022-03-03,11.756027221679688
2022-03-04,11.666553497314453
2022-03-07,11.508243560791016
2022-03-08,11.501360893249512
2022-03-09,11.680317878723145
2022-03-10,11.771733283996582
2022-03-11,11.546707153320312
2022-03-14,11.152910232543945
2022-03-15,11.335744857788086
2022-03-16,11.736571311950684
2022-03-17,11.975666046142578
2022-03-18,12.102241516113281
2022-03-21,12.186630249023438
2022-03-22,12.278044700622559
2022-03-23,12.074114799499512
2022-03-24,12.14443588256836
2022-03-25,11.975666046142578
2022-03-28,12.017858505249023
2022-03-29,12.186630249023438
2022-03-30,12.03192138671875
2022-03-31,11.94753646850586
2022-04-01,12.02488899230957
2022-04-04,12.081148147583008
2022-04-05,11.65218734741211
2022-04-06,11.420127868652344
2022-04-07,11.39200210571289
2022-04-08,11.328710556030273
2022-04-11,11.286520004272461
2022-04-12,11.349806785583496
2022-04-13,11.39200210571289
2022-04-14,11.314647674560547
2022-04-18,11.363872528076172
2022-04-19,11.6029634475708
2022-04-20,11.574835777282715
2022-04-21,11.349806785583496
2022-04-22,11.075555801391602
2022-04-25,11.11775016784668
2022-04-26,10.73098373413086
2022-04-27,10.745049476623535
2022-04-28,10.99820327758789
2022-04-29,10.836465835571289
2022-05-02,10.794272422790527
2022-05-03,10.948980331420898
2022-05-04,11.314647674560547
2022-05-05,10.864591598510742
2022-05-06,10.738016128540039
2022-05-09,10.266864776611328
2022-05-10,10.238737106323242
2022-05-11,10.01370906829834
2022-05-12,10.168415069580078
2022-05-13,10.463766098022461
2022-05-16,10.456731796264648
2022-05-17,10.695822715759277
2022-05-18,10.379378318786621
2022-05-19,10.428605079650879
2022-05-20,10.358281135559082
2022-05-23,10.39344310760498
2022-05-24,10.245768547058105
2022-05-25,10.414538383483887
2022-05-26,10.653631210327148
2022-05-27,10.948980331420898
2022-05-31,10.80130386352539
2022-06-01,10.836465835571289
2022-06-02,11.181036949157715
2022-06-03,10.984138488769531
2022-06-06,11.11775016784668
2022-06-07,11.181036949157715
2022-06-08,11.124781608581543
2022-06-09,11.01929759979248
2022-06-10,11.004915237426758
2022-06-13,10.49422836303711
2022-06-14,10.170554161071777
2022-06-15,10.192133903503418
2022-06-16,9.65267562866211
2022-06-17,9.782146453857422
2022-06-21,9.9547700881958
2022-06-22,9.940385818481445
2022-06-23,10.077048301696777
2022-06-24,10.479841232299805
2022-06-27,10.48703670501709
2022-06-28,10.285639762878418
2022-06-29,10.098627090454102
2022-06-30,10.048276901245117
2022-07-01,10.256867408752441
2022-07-05,10.292832374572754
2022-07-06,10.271252632141113
2022-07-07,10.558964729309082
2022-07-08,10.45826530456543
2022-07-11,10.33598804473877
2022-07-12,10.242483139038086
2022-07-13,10.177746772766113
2022-07-14,9.961966514587402
2022-07-15,10.264060020446777
2022-07-18,10.264060020446777
2022-07-19,10.594926834106445
2022-07-20,10.781939506530762
2022-07-21,10.853866577148438
2022-07-22,10.688432693481445
2022-07-25,10.753169059753418
2022-07-26,10.688432693481445
2022-07-27,10.997721672058105
2022-07-28,11.191924095153809
2022-07-29,11.378936767578125
2022-08-01,11.371744155883789
2022-08-02,11.163155555725098
2022-08-03,11.263853073120117
2022-08-04,11.199118614196777
2022-08-05,11.155961036682129
2022-08-08,11.24227523803711
2022-08-09,11.062457084655762
2022-08-10,11.407708168029785
2022-08-11,11.508408546447754
2022-08-12,11.767346382141113
2022-08-15,11.860852241516113
2022-08-16,11.80331039428711
2022-08-17,11.666647911071777
2022-08-18,11.716998100280762
2022-08-19,11.558754920959473
2022-08-22,11.220696449279785
2022-08-23,11.299816131591797
2022-08-24,11.314201354980469
2022-08-25,11.529987335205078
2022-08-26,11.199118614196777
2022-08-29,11.163155555725098
2022-08-30,11.004915237426758
2022-08-31,10.918601036071777
2022-09-01,10.796323776245117
2022-09-02,10.688432693481445
2022-09-06,10.544577598571777
2022-09-07,10.789133071899414
2022-09-08,10.789133071899414
2022-09-09,11.039015769958496
2022-09-12,11.200706481933594
2022-09-13,10.730335235595703
2022-09-14,10.61274242401123
2022-09-15,10.568644523620605
2022-09-16,10.370206832885742
2022-09-19,10.487798690795898
2022-09-20,10.2379150390625
2022-09-21,10.105624198913574
2022-09-22,9.760193824768066
2022-09-23,9.370668411254883
2022-09-26,9.231029510498047
2022-09-27,9.194280624389648
2022-09-28,9.480914115905762
2022-09-29,9.267776489257812
2022-09-30,9.223678588867188
2022-10-03,9.488262176513672
2022-10-04,9.943933486938477
2022-10-05,9.818991661071777
2022-10-06,9.738147735595703
2022-10-07,9.436814308166504
2022-10-10,9.400069236755371
2022-10-11,9.378020286560059
2022-10-12,9.231029510498047
2022-10-13,9.36331844329834
2022-10-14,9.061989784240723
2022-10-17,9.326570510864258
2022-10-18,9.53235912322998
2022-10-19,9.42211627960205
2022-10-20,9.407417297363281
2022-10-21,9.767545700073242
2022-10-24,9.833690643310547
2022-10-25,10.105624198913574
2022-10-26,10.083575248718262
2022-10-27,10.024778366088867
2022-10-28,10.157071113586426
2022-10-31,10.252614974975586
2022-11-01,10.429003715515137
2022-11-02,10.03947925567627
2022-11-03,9.885137557983398
2022-11-04,9.958632469177246
2022-11-07,10.370206832885742
2022-11-08,10.311410903930664
2022-11-09,10.01742935180664
2022-11-10,10.796480178833008
2022-11-11,10.789133071899414
2022-11-14,10.69359016418457
2022-11-15,10.737683296203613
2022-11-16,10.414304733276367
2022-11-17,10.362858772277832
2022-11-18,10.458402633666992
2022-11-21,10.774433135986328
2022-11-22,10.840579986572266
2022-11-23,10.730335235595703
2022-11-25,10.737683296203613
2022-11-28,10.700937271118164
2022-11-29,10.737683296203613
2022-11-30,10.950820922851562
2022-12-01,11.097813606262207
2022-12-02,11.119860649108887
2022-12-05,10.83322811126709
2022-12-06,10.767083168029785
2022-12-07,10.686237335205078
2022-12-08,10.671539306640625
2022-12-09,10.559049606323242
2022-12-12,10.50655460357666
2022-12-13,10.529050827026367
2022-12-14,10.611544609069824
2022-12-15,10.281574249267578
2022-12-16,10.244078636169434
2022-12-19,10.056593894958496
2022-12-20,9.996600151062012
2022-12-21,10.094090461730957
2022-12-22,10.026595115661621
2022-12-23,10.124089241027832
2022-12-27,10.041593551635742
2022-12-28,9.80911636352539
2022-12-29,9.951603889465332
2022-12-30,9.944104194641113
2023-01-03,10.01159954071045
2023-01-04,10.13908576965332
2023-01-05,10.049093246459961
2023-01-06,10.199082374572754
2023-01-09,10.244078636169434
2023-01-10,10.401562690734863
2023-01-11,10.574047088623047
2023-01-12,10.7615327835083
2023-01-13,10.739031791687012
2023-01-17,10.7615327835083
2023-01-18,10.611544609069824
2023-01-19,10.50655460357666
2023-01-20,10.65654182434082
2023-01-23,10.829024314880371
2023-01-24,10.68653678894043
2023-01-25,10.68653678894043
2023-01-26,10.76902961730957
2023-01-27,10.776528358459473
2023-01-30,10.70153522491455
2023-01-31,10.964012145996094
2023-02-01,11.18149185180664
2023-02-02,11.511462211608887
2023-02-03,11.481466293334961
2023-02-06,11.151494979858398
2023-02-07,11.248988151550293
2023-02-08,11.15899658203125
2023-02-09,10.934015274047852
2023-02-10,10.919015884399414
2023-02-13,11.024006843566895
2023-02-14,11.084000587463379
2023-02-15,11.143997192382812
2023-02-16,11.03150749206543
2023-02-17,11.061504364013672
2023-02-21,10.784028053283691
2023-02-22,10.754033088684082
2023-02-23,10.806526184082031
2023-02-24,10.70903491973877
2023-02-27,10.754033088684082
2023-02-28,10.72403335571289
2023-03-01,10.739031791687012
2023-03-02,10.746532440185547
2023-03-03,10.90401840209961
2023-03-06,10.7615327835083
2023-03-07,10.611544609069824
2023-03-08,10.649042129516602
2023-03-09,10.439058303833008
2023-03-10,10.094915390014648
2023-03-13,9.919017791748047
2023-03-14,10.056675910949707
2023-03-15,9.796656608581543
2023-03-16,9.919017791748047
2023-03-17,9.727826118469238
2023-03-20,9.865485191345215
2023-03-21,10.049028396606445
2023-03-22,9.842541694641113
2023-03-23,9.919017791748047
2023-03-24,9.880779266357422
2023-03-27,9.972552299499512
2023-03-28,10.003142356872559
2023-03-29,10.102564811706543
2023-03-30,10.186685562133789
2023-03-31,10.377876281738281
2023-04-03,10.377876281738281
2023-04-04,10.140802383422852
2023-04-05,9.972552299499512
2023-04-06,9.98020076751709
2023-04-10,10.171393394470215
2023-04-11,10.186685562133789
2023-04-12,10.179039001464844
2023-04-13,10.247867584228516
2023-04-14,10.171393394470215
2023-04-17,10.201983451843262
2023-04-18,10.148448944091797
2023-04-19,10.140802383422852
2023-04-20,10.094915390014648
2023-04-21,10.018439292907715
2023-04-24,10.01078987121582
2023-04-25,9.758419036865234
2023-04-26,9.689587593078613
2023-04-27,9.804303169250488
2023-04-28,9.919017791748047
2023-05-01,9.957256317138672
2023-05-02,9.781362533569336
2023-05-03,9.811949729919434
2023-05-04,9.613109588623047
2023-05-05,9.781362533569336
2023-05-08,9.766063690185547
2023-05-09,9.720178604125977
2023-05-10,9.643702507019043
2023-05-11,9.620760917663574
2023-05-12,9.620760917663574
2023-05-15,9.750770568847656
2023-05-16,9.620760917663574
2023-05-17,9.857837677001953
2023-05-18,9.896075248718262
2023-05-19,9.834894180297852
2023-05-22,9.87313175201416
2023-05-23,9.834894180297852
2023-05-24,9.689587593078613
2023-05-25,9.681941032409668
2023-05-26,9.773712158203125
2023-05-30,9.735475540161133
2023-05-31,9.681941032409668
2023-06-01,9.766063690185547
2023-06-02,10.133152961730957
2023-06-05,10.041382789611816
2023-06-06,10.324345588684082
2023-06-07,10.416114807128906
2023-06-08,10.50024127960205
2023-06-09,10.492450714111328
2023-06-12,10.391189575195312
2023-06-13,10.640451431274414
2023-06-14,10.50024127960205
2023-06-15,10.570344924926758
2023-06-16,10.632661819458008
2023-06-20,10.601503372192383
2023-06-21,10.585925102233887
2023-06-22,10.570344924926758
2023-06-23,10.282135009765625
2023-06-26,10.23539924621582
2023-06-27,10.469082832336426
2023-06-28,10.531399726867676
2023-06-29,10.671608924865723
2023-06-30,10.749503135681152
2023-07-03,10.780662536621094
2023-07-05,10.671608924865723
2023-07-06,10.492450714111328
2023-07-07,10.554766654968262
2023-07-10,10.733925819396973
2023-07-11,10.874137878417969
2023-07-12,10.975401878356934
2023-07-13,11.076663970947266
2023-07-14,10.928664207458496
2023-07-17,11.068875312805176
2023-07-18,11.146767616271973
2023-07-19,11.201295852661133
2023-07-20,11.05329418182373
2023-07-21,11.00655746459961
2023-07-24,11.029925346374512
2023-07-25,11.014347076416016
2023-07-26,11.092243194580078
2023-07-27,10.975401878356934
2023-07-28,11.131190299987793
2023-07-31,11.209085464477539
2023-08-01,11.1389799118042
2023-08-02,10.967612266540527
2023-08-03,10.936452865600586
2023-08-04,10.928664207458496
2023-08-07,10.98319149017334
2023-08-08,10.98319149017334
2023-08-09,10.881927490234375
2023-08-10,10.874137878417969
2023-08-11,10.889716148376465
2023-08-14,10.881927490234375
2023-08-15,10.788453102111816
2023-08-16,10.694977760314941
2023-08-17,10.546977996826172
2023-08-18,10.617083549499512
2023-08-21,10.562559127807617
2023-08-22,10.57813549041748
2023-08-23,10.64824104309082
2023-08-24,10.52361011505127
2023-08-25,10.562559127807617
2023-08-28,10.64824104309082
2023-08-29,10.757293701171875
2023-08-30,10.819611549377441
2023-08-31,10.835188865661621
2023-09-01,10.897504806518555
2023-09-05,10.710556983947754
2023-09-06,10.593714714050293
2023-09-07,10.50802993774414
2023-09-08,10.50802993774414
2023-09-11,10.412718772888184
2023-09-12,10.380949020385742
2023-09-13,10.349177360534668
2023-09-14,10.555685997009277
2023-09-15,10.43654727935791
2023-09-18,10.420662879943848
2023-09-19,10.404776573181152
2023-09-20,10.325352668762207
2023-09-21,10.190326690673828
2023-09-22,10.190326690673828
2023-09-25,10.237983703613281
2023-09-26,10.047361373901367
2023-09-27,10.15855598449707
2023-09-28,10.269753456115723
2023-09-29,10.222097396850586
2023-10-02,10.071189880371094
2023-10-03,9.90439510345459
2023-10-04,9.944107055664062
2023-10-05,9.928221702575684
2023-10-06,10.055302619934082
2023-10-09,10.079130172729492
2023-10-10,10.166500091552734
2023-10-11,10.166500091552734
2023-10-12,10.007647514343262
2023-10-13,9.952048301696777
2023-10-16,10.031476020812988
2023-10-17,10.118844032287598
2023-10-18,9.880566596984863
2023-10-19,9.713772773742676
2023-10-20,9.586689949035645
2023-10-23,9.507265090942383
2023-10-24,9.586689949035645
2023-10-25,9.475496292114258
2023-10-26,9.51520824432373
2023-10-27,9.475496292114258
2023-10-30,9.507265090942383
2023-10-31,9.53109359741211
2023-11-01,9.618463516235352
2023-11-02,9.864683151245117
2023-11-03,10.102960586547852
2023-11-06,9.944107055664062
2023-11-07,9.896450996398926
2023-11-08,9.817025184631348
2023-11-09,9.713772773742676
2023-11-10,9.832910537719727
2023-11-13,9.864683151245117
2023-11-14,10.309464454650879
2023-11-15,10.325352668762207
2023-11-16,10.174442291259766
2023-11-17,10.317408561706543
2023-11-20,10.341236114501953
2023-11-21,10.412718772888184
2023-11-22,10.571572303771973
2023-11-24,10.643054008483887
2023-11-27,10.563628196716309
2023-11-28,10.587456703186035
2023-11-29,10.587456703186035
2023-11-30,10.643054008483887
2023-12-01,10.905158996582031
2023-12-04,10.905158996582031
2023-12-05,10.817790985107422
2023-12-06,10.809846878051758
2023-12-07,10.9607572555542
2023-12-08,10.928306579589844
2023-12-11,10.822835922241211
2023-12-12,10.75793170928955
2023-12-13,11.123019218444824
2023-12-14,11.488106727600098
2023-12-15,11.398863792419434
2023-12-18,11.406975746154785
2023-12-19,11.666594505310059
2023-12-20,11.504332542419434
2023-12-21,11.626028060913086
2023-12-22,11.812631607055664
2023-12-26,11.869421005249023
2023-12-27,11.901872634887695
2023-12-28,11.942440032958984
2023-12-29,11.812631607055664
2024-01-02,11.76395034790039
2024-01-03,11.390748977661133
2024-01-04,11.431316375732422
2024-01-05,11.382637023925781
2024-01-08,11.528672218322754
2024-01-09,11.423203468322754
2024-01-10,11.496221542358398
2024-01-11,11.382637023925781
2024-01-12,11.406975746154785
2024-01-16,11.196036338806152
2024-01-17,11.171696662902832
2024-01-18,11.333959579467773
2024-01-19,11.423203468322754
2024-01-22,11.682820320129395
2024-01-23,11.674707412719727
2024-01-24,11.690933227539062
2024-01-25,11.642255783081055
2024-01-26,11.609803199768066
2024-01-29,11.788290977478027
2024-01-30,11.804516792297363
2024-01-31,11.65036678314209
2024-02-01,11.699047088623047
2024-02-02,11.585464477539062
2024-02-05,11.390748977661133
2024-02-06,11.512446403503418
2024-02-07,11.520560264587402
2024-02-08,11.634142875671387
2024-02-09,11.755836486816406
2024-02-12,11.909985542297363
2024-02-13,11.561123847961426
2024-02-14,11.772064208984375
2024-02-15,11.97489070892334
2024-02-16,11.84508228302002
2024-02-20,11.666594505310059
2024-02-21,11.626028060913086
2024-02-22,11.682820320129395
2024-02-23,11.747724533081055
2024-02-26,11.755836486816406
2024-02-27,11.88564682006836
2024-02-28,11.804516792297363
2024-02-29,11.909985542297363
2024-03-01,11.97489070892334
2024-03-04,11.966778755187988
2024-03-05,11.877534866333008
2024-03-06,11.991117477416992
2024-03-07,12.015457153320312
2024-03-08,12.023720741271973
2024-03-11,12.00719165802002
2024-03-12,11.990666389465332
2024-03-13,12.031984329223633
2024-03-14,11.792336463928223
2024-03-15,11.792336463928223
2024-03-18,11.734489440917969
2024-03-19,11.800600051879883
2024-03-20,12.00719165802002
2024-03-21,12.246840476989746
2024-03-22,12.213786125183105
2024-03-25,12.139411926269531
2024-03-26,12.205523490905762
2024-03-27,12.469961166381836
2024-03-28,12.536070823669434
2024-04-01,12.445170402526855
2024-04-02,12.172467231750488
2024-04-03,12.246840476989746
2024-04-04,12.089829444885254
2024-04-05,12.246840476989746
2024-04-08,12.29642391204834
2024-04-09,12.279895782470703
2024-04-10,11.990666389465332
2024-04-11,12.015457153320312
2024-04-12,11.800600051879883
2024-04-15,11.643589973449707
2024-04-16,11.544425010681152
2024-04-17,11.494841575622559
2024-04-18,11.519632339477539
2024-04-19,11.445259094238281
2024-04-22,11.61053466796875
2024-04-23,11.751017570495605
2024-04-24,11.742754936218262
2024-04-25,11.693172454833984
2024-04-26,11.808863639831543
2024-04-29,11.825389862060547
2024-04-30,11.660116195678711
2024-05-01,11.676644325256348
2024-05-02,11.924554824829102
2024-05-03,11.990666389465332
2024-05-06,12.180731773376465
2024-05-07,12.230313301086426
2024-05-08,12.180731773376465
2024-05-09,12.3046875
2024-05-10,12.271632194519043
2024-05-13,12.238577842712402
2024-05-14,12.379059791564941
2024-05-15,12.461697578430176
2024-05-16,12.403851509094238
2024-05-17,12.412116050720215
2024-05-20,12.412116050720215
2024-05-21,12.536070823669434
2024-05-22,12.436905860900879
2024-05-23,12.246840476989746
2024-05-24,12.33774185180664
2024-05-28,12.29642391204834
2024-05-29,12.031984329223633
2024-05-30,12.205523490905762
2024-05-31,12.329479217529297
2024-06-03,12.29642391204834
2024-06-04,12.073301315307617
2024-06-05,12.180731773376465
2024-06-06,12.147677421569824
2024-06-07,12.06503963470459
2024-06-10,12.04024600982666
2024-06-11,12.023720741271973
2024-06-12,12.213786125183105
2024-06-13,12.121129989624023
2024-06-14,11.902124404907227
2024-06-17,12.036896705627441
2024-06-18,12.121129989624023
2024-06-20,11.95266342163086
2024-06-21,12.062167167663574
2024-06-24,12.171669006347656
2024-06-25,12.070589065551758
2024-06-26,12.003203392028809
2024-06-27,12.129552841186523
2024-06-28,12.188515663146973
2024-07-01,12.028473854064941
2024-07-02,12.129552841186523
2024-07-03,12.15482234954834
2024-07-05,12.070589065551758
2024-07-08,12.129552841186523
2024-07-09,12.087435722351074
2024-07-10,12.180091857910156
2024-07-11,12.559141159057617
2024-07-12,12.719182968139648
2024-07-15,12.87080192565918
2024-07-16,13.367776870727539
2024-07-17,13.283544540405273
2024-07-18,13.08138656616211
2024-07-19,12.980305671691895
2024-07-22,13.25827407836914
2024-07-23,13.350932121276855
2024-07-24,13.072964668273926
2024-07-25,13.157195091247559
2024-07-26,13.224581718444824
2024-07-29,13.199312210083008
2024-07-30,13.24142837524414
2024-07-31,13.485703468322754
2024-08-01,13.174042701721191
2024-08-02,12.592833518981934
2024-08-05,12.087435722351074
2024-08-06,12.255902290344238
2024-08-07,12.255902290344238
2024-08-08,12.474908828735352
2024-08-09,12.432791709899902
2024-08-12,12.415946006774902
2024-08-13,12.56756591796875
2024-08-14,12.550718307495117
2024-08-15,12.744453430175781
2024-08-16,12.778146743774414
2024-08-19,12.845532417297363
2024-08-20,12.702337265014648
2024-08-21,12.81183910369873
2024-08-22,12.736028671264648
2024-08-23,13.03926944732666
2024-08-26,13.131927490234375
2024-08-27,13.047693252563477
2024-08-28,12.971882820129395
2024-08-29,13.047693252563477
2024-08-30,13.09823226928711
2024-09-03,12.685490608215332
2024-09-04,12.660221099853516
2024-09-05,12.550718307495117
2024-09-06,12.340134620666504
2024-09-09,12.365405082702637
2024-09-10,12.39067554473877
2024-09-11,12.415946006774902
2024-09-12,12.609681129455566
2024-09-13,12.901532173156738
2024-09-16,12.953034400939941
2024-09-17,13.124711036682129
2024-09-18,13.116127967834473
2024-09-19,13.330723762512207
2024-09-20,13.25346851348877
2024-09-23,13.29638957977295
2024-09-24,13.330723762512207
2024-09-25,13.262053489685059
2024-09-26,13.347891807556152
2024-09-27,13.347891807556152
2024-09-30,13.476649284362793
2024-10-01,13.365058898925781
2024-10-02,13.330723762512207
2024-10-03,13.176215171813965
2024-10-04,13.382227897644043
2024-10-07,13.176215171813965
2024-10-08,13.339308738708496
2024-10-09,13.373642921447754
2024-10-10,13.339308738708496
2024-10-11,13.476649284362793
2024-10-14,13.596823692321777
2024-10-15,13.56248950958252
2024-10-16,13.639742851257324
2024-10-17,13.605408668518066
2024-10-18,13.588239669799805
2024-10-21,13.450898170471191
2024-10-22,13.356476783752441
2024-10-23,13.25346851348877
2024-10-24,13.210550308227539
2024-10-25,13.201967239379883
2024-10-28,13.262053489685059
2024-10-29,13.184798240661621
2024-10-30,13.210550308227539
2024-10-31,13.004537582397461
2024-11-01,13.021705627441406
2024-11-04,13.038871765136719
2024-11-05,13.236302375793457
2024-11-06,14.000264167785645
2024-11-07,14.051767349243164
2024-11-08,14.1976957321167
2024-11-11,14.506711959838867
2024-11-12,14.412290573120117
2024-11-13,14.034601211547852
2024-11-14,13.811420440673828
2024-11-15,13.674078941345215
2024-11-18,13.639742851257324
2024-11-19,13.6998291015625
2024-11-20,13.674078941345215
2024-11-21,13.931593894958496
2024-11-22,14.14619255065918
2024-11-25,14.33503532409668
2024-11-26,14.369368553161621
2024-11-27,14.283531188964844
2024-11-29,14.292116165161133
2024-12-02,14.412290573120117
2024-12-03,14.412290573120117
2024-12-04,14.480960845947266
2024-12-05,14.352202415466309
2024-12-06,14.438041687011719
2024-12-09,14.33503532409668
2024-12-10,14.309284210205078
2024-12-11,14.300699234008789
2024-12-12,14.150815963745117
2024-12-13,14.000931739807129
2024-12-16,14.045015335083008
2024-12-17,14.071465492248535
2024-12-18,13.604180335998535
2024-12-19,13.410212516784668
2024-12-20,13.868680000305176
2024-12-23,13.71879768371582
2024-12-24,13.877496719360352
2024-12-26,14.071465492248535
2024-12-27,13.921581268310547
2024-12-30,13.859865188598633
2024-12-31,13.930398941040039
2025-01-02,13.88631534576416
2025-01-03,13.965665817260742
2025-01-06,13.95684814453125
2025-01-07,13.930398941040039
2025-01-08,13.974481582641602
2025-01-10,13.79814624786377
2025-01-13,13.78051471710205
2025-01-14,13.912763595581055
2025-01-15,14.168449401855469
2025-01-16,14.230165481567383
2025-01-17,14.388866424560547
2025-01-21,14.58283519744873
2025-01-22,14.644553184509277
2025-01-23,14.706270217895508
2025-01-24,14.644553184509277
2025-01-27,14.362418174743652
2025-01-28,14.327150344848633
2025-01-29,14.256616592407227
2025-01-30,14.48585033416748
2025-01-31,14.35360050201416
2025-02-03,14.18608283996582
2025-02-04,14.309516906738281
2025-02-05,14.31833267211914
2025-02-06,14.441766738891602
2025-02-07,14.256616592407227
2025-02-10,14.265434265136719
2025-02-11,14.212533950805664
2025-02-12,14.12436580657959
2025-02-13,14.247798919677734
2025-02-14,14.256616592407227
2025-02-18,14.362418174743652
2025-02-19,14.221349716186523
2025-02-20,14.106731414794922
2025-02-21,13.851048469543457
2025-02-24,13.72761344909668
2025-02-25,13.648262977600098
2025-02-26,13.560096740722656
2025-02-27,13.330862045288086
2025-02-28,13.436662673950195
2025-03-03,13.083993911743164
2025-03-04,12.987010955810547
2025-03-05,13.172161102294922
2025-03-06,12.898843765258789
2025-03-07,12.978194236755371
2025-03-10,12.784226417541504
2025-03-11,12.766592025756836
2025-03-12,12.775410652160645
2025-03-13,12.667370796203613
2025-03-14,12.811421394348145
2025-03-17,12.90145206451416
2025-03-18,12.90145206451416
2025-03-19,13.07251262664795
2025-03-20,13.117527961730957
2025-03-21,13.045503616333008
2025-03-24,13.261577606201172
2025-03-25,13.243570327758789
2025-03-26,13.063508987426758
2025-03-27,13.045503616333008
2025-03-28,12.829426765441895
2025-03-31,12.820425033569336
2025-04-01,12.910455703735352
2025-04-02,13.0364990234375
2025-04-03,12.3792724609375
2025-04-04,11.713042259216309
2025-04-07,11.343914985656738
2025-04-08,11.253883361816406
2025-04-09,12.289240837097168
2025-04-10,11.758057594299316
2025-04-11,11.884100914001465
2025-04-14,11.93812084197998
2025-04-15,12.028149604797363
2025-04-16,11.848088264465332
2025-04-17,12.064163208007812
2025-04-21,11.866095542907715
2025-04-22,12.082169532775879
2025-04-23,12.235222816467285
2025-04-24,12.442294120788574
2025-04-25,12.496313095092773
2025-04-28,12.523321151733398
2025-04-29,12.577341079711914
2025-04-30,12.559333801269531
2025-05-01,12.658370018005371
2025-05-02,12.847434043884277
2025-05-05,12.865439414978027
2025-05-06,12.757403373718262
2025-05-07,12.775407791137695
2025-05-08,12.910455703735352
2025-05-09,12.991484642028809
2025-05-12,13.495658874511719
2025-05-13,13.576685905456543
2025-05-14,13.549675941467285
2025-05-15,13.531670570373535
2025-05-16,13.62170124053955
2025-05-19,13.486653327941895
2025-05-20,13.549675941467285
2025-05-21,13.216561317443848
2025-05-22,13.162541389465332
2025-05-23,13.216561317443848
2025-05-27,13.495658874511719
2025-05-28,13.306591987609863
2025-05-29,13.333601951599121
2025-05-30,13.378617286682129
2025-06-02,13.261577606201172
2025-06-03,13.44163990020752
2025-06-04,13.396622657775879
2025-06-05,13.396622657775879
2025-06-06,13.549675941467285
2025-06-09,13.630703926086426
2025-06-10,13.612698554992676
2025-06-11,13.693726539611816
2025-06-12,13.675369262695312
2025-06-13,13.418381690979004
2025-06-16,13.49180793762207
2025-06-17,13.464272499084473
2025-06-18,13.409204483032227
2025-06-20,13.299068450927734
2025-06-23,13.500985145568848
2025-06-24,13.748793601989746
2025-06-25,13.611123085021973
2025-06-26,13.739616394042969
2025-06-27,13.712081909179688
2025-06-30,13.813040733337402
2025-07-01,14.014960289001465
2025-07-02,14.143452644348145
2025-07-03,14.253589630126953
2025-07-07,14.070028305053711
2025-07-08,14.10673999786377
2025-07-09,14.161809921264648
2025-07-10,14.271946907043457
2025-07-11,14.13427448272705
2025-07-14,14.170987129211426
2025-07-15,13.914000511169434
2025-07-16,13.996603012084961
2025-07-17,14.143452644348145
2025-07-18,14.014960289001465
2025-07-21,14.051671981811523
2025-07-22,14.10673999786377
2025-07-23,14.235233306884766
2025-07-24,14.10673999786377
2025-07-25,14.207698822021484
2025-07-28,14.226056098937988
2025-07-29,14.088384628295898
2025-07-30,14.014960289001465
2025-07-31,13.932355880737305
2025-08-01,13.712081909179688
2025-08-04,13.978246688842773
2025-08-05,13.978246688842773
2025-08-06,14.005781173706055
2025-08-07,13.90482234954834
2025-08-08,13.923178672790527
2025-08-11,13.923178672790527
2025-08-12,14.28112506866455
2025-08-13,14.556467056274414
2025-08-14,14.354549407958984
2025-08-15,14.253589630126953
2025-08-18,14.299480438232422
2025-08-19,14.271946907043457
2025-08-20,14.198521614074707
2025-08-21,14.207698822021484
2025-08-22,14.611536979675293
2025-08-25,14.675783157348633
2025-08-26,14.740030288696289
2025-08-27,14.785920143127441
2025-08-28,14.785920143127441
2025-08-29,14.740030288696289
2025-09-02,14.730851173400879
2025-09-03,14.730851173400879
2025-09-04,14.813453674316406
2025-09-05,15.015373229980469
2025-09-08,15.015373229980469
2025-09-09,14.978659629821777
2025-09-10,14.96030330657959
2025-09-11,15.143864631652832
2025-09-12,15.022416114807129
2025-09-15,15.041101455688477
2025-09-16,14.985047340393066
2025-09-17,14.985047340393066
2025-09-18,15.265315055847168
2025-09-19,15.20926284790039
2025-09-22,15.274657249450684
2025-09-23,15.246630668640137
2025-09-24,15.13452434539795
2025-09-25,14.919650077819824
2025-09-26,15.013072967529297
2025-09-29,15.003730773925781
2025-09-30,15.06912612915039
2025-10-01,15.171892166137695
2025-10-02,15.171892166137695
2025-10-03,15.265315055847168
2025-10-06,15.265315055847168
2025-10-07,15.097153663635254
2025-10-08,15.302684783935547
2025-10-09,15.059785842895508
2025-10-10,14.648723602294922
2025-10-13,14.919650077819824
2025-10-14,15.097153663635254
2025-10-15,15.087812423706055
2025-10-16,14.947677612304688
2025-10-17,14.863595962524414
2025-10-20,15.022416114807129
2025-10-21,15.003730773925781
2025-10-22,14.835569381713867
2025-10-23,15.115839958190918
2025-10-24,15.237287521362305
2025-10-27,15.246630668640137
2025-10-28,15.153207778930664
2025-10-29,14.994388580322266
2025-10-30,14.863595962524414
2025-10-31,14.947677612304688
2025-11-03,14.816884994506836
2025-11-04,14.676751136779785
2025-11-05,14.90096664428711
2025-11-06,14.658065795898438
2025-11-07,14.742145538330078
2025-11-10,14.807543754577637
2025-11-11,14.872939109802246
2025-11-12,14.863595962524414
2025-11-13,14.480562210083008
2025-11-14,14.480562210083008
2025-11-17,14.20029354095459
2025-11-18,14.209635734558105
2025-11-19,14.247004508972168
2025-11-20,14.004105567932129
2025-11-21,14.368453979492188
2025-11-24,14.63003921508789
2025-11-25,14.919650077819824
2025-11-26,15.06912612915039
2025-11-28,15.181235313415527
2025-12-01,15.022416114807129
2025-12-02,15.10649585723877
2025-12-03,15.321368217468262
2025-12-04,15.237287521362305
2025-12-05,15.293343544006348
2025-12-08,15.330710411071777
2025-12-09,15.386764526367188
2025-12-10,15.760458946228027
2025-12-11,15.818364143371582
2025-12-12,15.596385955810547
2025-12-15,15.490221977233887
2025-12-16,15.39371109008789
2025-12-17,15.326151847839355
2025-12-18,15.509525299072266
2025-12-19,15.654293060302734
2025-12-22,15.750805854797363
2025-12-23,15.615689277648926
2025-12-24,15.750805854797363
2025-12-26,15.702550888061523
2025-12-29,15.625340461730957
2025-12-30,15.577083587646484
2025-12-31,15.538479804992676
2026-01-02,15.557782173156738
2026-01-05,15.789412498474121
2026-01-06,16.03069305419922
2026-01-07,16.04034423828125
2026-01-08,16.156156539916992
2026-01-09,16.233366012573242
2026-01-12,16.436044692993164
2026-01-13,16.455345153808594
2026-01-14,16.532554626464844
2026-01-15,16.609764099121094
2026-01-16,16.78348731994629
2026-01-20,16.522905349731445
2026-01-21,16.822092056274414
2026-01-22,16.889650344848633
2026-01-23,16.851043701171875
2026-01-26,16.986164093017578
2026-01-27,16.899301528930664
2026-01-28,16.851043701171875
2026-01-29,16.841394424438477
2026-01-30,16.764184951782227
2026-02-02,16.87034797668457
2026-02-03,16.908952713012695
2026-02-04,16.851043701171875
2026-02-05,16.71592903137207
2026-02-06,17.246747970581055
2026-02-09,17.48802947998047
2026-02-10,17.545936584472656
2026-02-11,17.536283493041992
2026-02-12,17.362560272216797
2026-02-13,17.72930908203125
2026-02-17,17.82581901550293
2026-02-18,17.95128631591797
2026-02-19,17.845121383666992
2026-02-20,17.8161678314209
2026-02-23,17.623146057128906
2026-02-24,17.79686737060547
2026-02-25,17.79686737060547
2026-02-26,17.999540328979492
2026-02-27,17.71965789794922
2026-03-02,17.941635131835938
2026-03-03,17.5073299407959
2026-03-04,17.48802947998047
2026-03-05,17.053722381591797
2026-03-06,16.696624755859375
2026-03-09,16.48430061340332
2026-03-10,16.600114822387695
2026-03-11,16.5711612701416
2026-03-12,16.443462371826172
2026-03-13,16.16842269897461
2026-03-16,16.404172897338867
2026-03-17,16.551515579223633
2026-03-18,16.3845272064209
2026-03-19,16.345233917236328
2026-03-20,15.913029670715332
2026-03-23,16.050548553466797
2026-03-24,16.325590133666992
2026-03-25,16.590805053710938
2026-03-26,16.119308471679688
2026-03-27,15.834446907043457
2026-03-30,15.804977416992188
2026-03-31,16.305944442749023
2026-04-01,16.679210662841797
2026-04-02,16.600627899169922
2026-04-06,16.600627899169922
2026-04-07,16.561338424682617
2026-04-08,17.160531997680664
2026-04-09,17.406103134155273
2026-04-10,17.46504020690918
2026-04-13,17.60256004333496
2026-04-14,17.808839797973633
2026-04-15,17.710613250732422
2026-04-16,17.425748825073242
2026-04-17,17.730257034301758
2026-04-20,17.877601623535156
2026-04-21,17.907068252563477
2026-04-22,17.975828170776367
2026-04-23,17.897245407104492
2026-04-24,18.015121459960938
2026-04-27,18.1428165435791
2026-04-28,17.907068252563477
2026-04-29,17.877601623535156
2026-04-30,18.07405662536621
2026-05-01,18.172286987304688
2026-05-04,18.015121459960938
2026-05-05,18.191932678222656
2026-05-06,18.368743896484375
2026-05-07,18.241044998168945
2026-05-08,18.349098205566406
2026-05-11,18.42768096923828
2026-05-12,18.093704223632812
2026-05-13,18.1428165435791
2026-05-14,18.103527069091797
2026-05-15,17.700788497924805
2026-05-18,17.435571670532227
2026-05-19,17.35698890686035
2026-05-20,17.681142807006836
2026-05-21,17.79901885986328
2026-05-22,17.98565101623535
2026-05-26,18.329452514648438
2026-05-27,18.182109832763672
2026-05-28,18.2901611328125
2026-05-29,18.23122215270996
2026-06-01,18.064233779907227
2026-06-02,18.152639389038086
2026-06-03,17.877601623535156
2026-06-04,17.838308334350586
2026-06-05,17.317697525024414
2026-06-08,17.455217361450195
2026-06-09,17.435571670532227
2026-06-10,17.190000534057617
2026-06-11,17.559999465942383
2026-06-12,17.950000762939453
2026-06-15,18.110000610351562
2026-06-16,17.920000076293945
2026-06-17,17.760000228881836
2026-06-18,17.940000534057617
2026-06-22,18.06999969482422
2026-06-23,17.889999389648438
2026-06-24,18.059999465942383
2026-06-25,18.309999465942383
2026-06-26,18.280000686645508
2026-06-29,18.360000610351562
2026-06-30,18.469999313354492
2026-07-01,18.510000228881836
2026-07-02,18.469999313354492
2026-07-06,18.3700008392334
2026-07-07,18.170000076293945
2026-07-08,17.93000030517578
2026-07-09,18.190000534057617
2026-07-10,18.110000610351562
2026-07-13,17.920000076293945
2026-07-14,18.125
