Date,Close
2013-10-01,6.619999885559082
2013-10-02,6.949999809265137
2013-10-03,6.900000095367432
2013-10-04,7.150000095367432
2013-10-07,8.5
2013-10-08,7.940000057220459
2013-10-09,6.699999809265137
2013-10-10,6.960000038146973
2013-10-11,7.050000190734863
2013-10-14,7.010000228881836
2013-10-15,7.190000057220459
2013-10-16,7.0
2013-10-17,7.03000020980835
2013-10-18,7.0
2013-10-21,7.0
2013-10-22,6.71999979019165
2013-10-23,6.849999904632568
2013-10-24,6.929999828338623
2013-10-25,6.869999885559082
2013-10-28,6.449999809265137
2013-10-29,6.300000190734863
2013-10-30,6.25
2013-10-31,6.0
2013-11-01,6.010000228881836
2013-11-04,6.289999961853027
2013-11-05,6.110000133514404
2013-11-06,5.949999809265137
2013-11-07,5.0
2013-11-08,4.610000133514404
2013-11-11,4.650000095367432
2013-11-12,4.769999980926514
2013-11-13,5.159999847412109
2013-11-14,4.860000133514404
2013-11-15,5.099999904632568
2013-11-18,4.949999809265137
2013-11-19,5.0
2013-11-20,4.960000038146973
2013-11-21,5.0
2013-11-22,5.059999942779541
2013-11-25,5.050000190734863
2013-11-26,5.25
2013-11-27,5.460000038146973
2013-11-29,5.599999904632568
2013-12-02,5.639999866485596
2013-12-03,5.940000057220459
2013-12-04,6.050000190734863
2013-12-05,6.139999866485596
2013-12-06,6.329999923706055
2013-12-09,6.340000152587891
2013-12-10,6.400000095367432
2013-12-11,6.409999847412109
2013-12-12,7.0
2013-12-13,7.199999809265137
2013-12-16,7.0
2013-12-17,6.840000152587891
2013-12-18,7.190000057220459
2013-12-19,7.190000057220459
2013-12-20,6.820000171661377
2013-12-23,6.550000190734863
2013-12-24,6.829999923706055
2013-12-26,7.010000228881836
2013-12-27,6.96999979019165
2013-12-30,6.610000133514404
2013-12-31,6.28000020980835
2014-01-02,6.360000133514404
2014-01-03,6.820000171661377
2014-01-06,6.550000190734863
2014-01-07,6.369999885559082
2014-01-08,6.840000152587891
2014-01-09,6.619999885559082
2014-01-10,6.610000133514404
2014-01-13,6.429999828338623
2014-01-14,6.550000190734863
2014-01-15,6.639999866485596
2014-01-16,6.949999809265137
2014-01-17,7.159999847412109
2014-01-21,6.880000114440918
2014-01-22,7.019999980926514
2014-01-23,6.800000190734863
2014-01-24,6.920000076293945
2014-01-27,6.260000228881836
2014-01-28,6.25
2014-01-29,6.110000133514404
2014-01-30,6.260000228881836
2014-01-31,6.199999809265137
2014-02-03,6.25
2014-02-04,6.170000076293945
2014-02-05,6.119999885559082
2014-02-06,6.070000171661377
2014-02-07,6.199999809265137
2014-02-10,6.0
2014-02-11,5.989999771118164
2014-02-12,5.880000114440918
2014-02-13,5.920000076293945
2014-02-14,6.010000228881836
2014-02-18,6.0
2014-02-19,6.059999942779541
2014-02-20,6.0
2014-02-21,6.0
2014-02-24,6.099999904632568
2014-02-25,6.190000057220459
2014-02-26,6.260000228881836
2014-02-27,7.099999904632568
2014-02-28,6.96999979019165
2014-03-03,8.979999542236328
2014-03-04,8.670000076293945
2014-03-05,8.819999694824219
2014-03-06,9.470000267028809
2014-03-07,9.09000015258789
2014-03-10,9.039999961853027
2014-03-11,8.989999771118164
2014-03-12,8.829999923706055
2014-03-13,8.770000457763672
2014-03-14,11.149999618530273
2014-03-17,10.430000305175781
2014-03-18,11.510000228881836
2014-03-19,11.069999694824219
2014-03-20,11.649999618530273
2014-03-21,11.449999809265137
2014-03-24,11.350000381469727
2014-03-25,11.0
2014-03-26,12.279999732971191
2014-03-27,11.75
2014-03-28,11.260000228881836
2014-03-31,9.739999771118164
2014-04-01,9.0
2014-04-02,9.140000343322754
2014-04-03,8.569999694824219
2014-04-04,8.699999809265137
2014-04-07,8.359999656677246
2014-04-08,7.920000076293945
2014-04-09,8.079999923706055
2014-04-10,8.430000305175781
2014-04-11,8.0
2014-04-14,7.659999847412109
2014-04-15,6.730000019073486
2014-04-16,7.25
2014-04-17,7.0
2014-04-21,7.070000171661377
2014-04-22,7.110000133514404
2014-04-23,6.989999771118164
2014-04-24,7.039999961853027
2014-04-25,6.96999979019165
2014-04-28,7.019999980926514
2014-04-29,7.239999771118164
2014-04-30,6.880000114440918
2014-05-01,7.199999809265137
2014-05-02,7.110000133514404
2014-05-05,7.010000228881836
2014-05-06,7.090000152587891
2014-05-07,6.960000038146973
2014-05-08,6.840000152587891
2014-05-09,6.849999904632568
2014-05-12,6.909999847412109
2014-05-13,6.559999942779541
2014-05-14,6.550000190734863
2014-05-15,6.690000057220459
2014-05-16,6.650000095367432
2014-05-19,6.599999904632568
2014-05-20,6.460000038146973
2014-05-21,6.199999809265137
2014-05-22,6.550000190734863
2014-05-23,6.409999847412109
2014-05-27,6.489999771118164
2014-05-28,6.96999979019165
2014-05-29,6.940000057220459
2014-05-30,6.989999771118164
2014-06-02,6.710000038146973
2014-06-03,6.929999828338623
2014-06-04,6.659999847412109
2014-06-05,6.650000095367432
2014-06-06,6.710000038146973
2014-06-09,6.989999771118164
2014-06-10,7.0
2014-06-11,6.940000057220459
2014-06-12,6.989999771118164
2014-06-13,6.989999771118164
2014-06-16,6.940000057220459
2014-06-17,6.940000057220459
2014-06-18,6.75
2014-06-19,6.570000171661377
2014-06-20,6.210000038146973
2014-06-23,6.28000020980835
2014-06-24,6.480000019073486
2014-06-25,6.590000152587891
2014-06-26,6.53000020980835
2014-06-27,6.25
2014-06-30,6.309999942779541
2014-07-01,6.400000095367432
2014-07-02,6.489999771118164
2014-07-03,6.400000095367432
2014-07-07,6.489999771118164
2014-07-08,6.400000095367432
2014-07-09,6.400000095367432
2014-07-10,6.420000076293945
2014-07-11,6.480000019073486
2014-07-14,6.46999979019165
2014-07-15,6.440000057220459
2014-07-16,6.650000095367432
2014-07-17,6.440000057220459
2014-07-18,6.420000076293945
2014-07-21,6.510000228881836
2014-07-22,6.46999979019165
2014-07-23,6.440000057220459
2014-07-24,6.449999809265137
2014-07-25,6.28000020980835
2014-07-28,6.25
2014-07-29,6.119999885559082
2014-07-30,6.139999866485596
2014-07-31,6.03000020980835
2014-08-01,6.130000114440918
2014-08-04,6.150000095367432
2014-08-05,6.050000190734863
2014-08-06,6.130000114440918
2014-08-07,5.809999942779541
2014-08-08,5.800000190734863
2014-08-11,5.949999809265137
2014-08-12,6.0
2014-08-13,5.510000228881836
2014-08-14,5.590000152587891
2014-08-15,5.5
2014-08-18,5.46999979019165
2014-08-19,5.199999809265137
2014-08-20,5.380000114440918
2014-08-21,5.360000133514404
2014-08-22,5.349999904632568
2014-08-25,5.349999904632568
2014-08-26,5.21999979019165
2014-08-27,5.21999979019165
2014-08-28,5.25
2014-08-29,5.340000152587891
2014-09-02,5.25
2014-09-03,5.239999771118164
2014-09-04,5.389999866485596
2014-09-05,5.28000020980835
2014-09-08,5.630000114440918
2014-09-09,5.900000095367432
2014-09-10,5.46999979019165
2014-09-11,5.210000038146973
2014-09-12,5.480000019073486
2014-09-15,5.340000152587891
2014-09-16,5.409999847412109
2014-09-17,5.159999847412109
2014-09-18,5.230000019073486
2014-09-19,5.199999809265137
2014-09-22,5.190000057220459
2014-09-23,5.110000133514404
2014-09-24,5.21999979019165
2014-09-25,5.230000019073486
2014-09-26,5.360000133514404
2014-09-29,5.199999809265137
2014-09-30,5.099999904632568
2014-10-01,5.070000171661377
2014-10-02,5.079999923706055
2014-10-03,5.190000057220459
2014-10-06,5.300000190734863
2014-10-07,5.079999923706055
2014-10-08,5.139999866485596
2014-10-09,5.28000020980835
2014-10-10,5.230000019073486
2014-10-13,5.050000190734863
2014-10-14,4.920000076293945
2014-10-15,4.760000228881836
2014-10-16,4.610000133514404
2014-10-17,4.53000020980835
2014-10-20,4.409999847412109
2014-10-21,4.619999885559082
2014-10-22,4.730000019073486
2014-10-23,4.230000019073486
2014-10-24,4.619999885559082
2014-10-27,4.699999809265137
2014-10-28,4.730000019073486
2014-10-29,4.71999979019165
2014-10-30,4.739999771118164
2014-10-31,4.670000076293945
2014-11-03,4.5
2014-11-04,4.480000019073486
2014-11-05,4.539999961853027
2014-11-06,4.460000038146973
2014-11-07,4.050000190734863
2014-11-10,3.9100000858306885
2014-11-11,3.950000047683716
2014-11-12,4.039999961853027
2014-11-13,4.099999904632568
2014-11-14,3.9600000381469727
2014-11-17,3.75
2014-11-18,3.990000009536743
2014-11-19,3.9000000953674316
2014-11-20,3.8499999046325684
2014-11-21,4.230000019073486
2014-11-24,3.990000009536743
2014-11-25,3.759999990463257
2014-11-26,3.890000104904175
2014-11-28,3.75
2014-12-01,3.880000114440918
2014-12-02,3.869999885559082
2014-12-03,3.75
2014-12-04,3.6700000762939453
2014-12-05,3.680000066757202
2014-12-08,3.6700000762939453
2014-12-09,3.9600000381469727
2014-12-10,3.930000066757202
2014-12-11,3.680000066757202
2014-12-12,3.690000057220459
2014-12-15,3.5899999141693115
2014-12-16,3.6700000762939453
2014-12-17,3.5799999237060547
2014-12-18,3.700000047683716
2014-12-19,5.269999980926514
2014-12-22,5.010000228881836
2014-12-23,4.670000076293945
2014-12-24,4.900000095367432
2014-12-26,5.599999904632568
2014-12-29,5.46999979019165
2014-12-30,5.650000095367432
2014-12-31,5.03000020980835
2015-01-02,5.139999866485596
2015-01-05,4.840000152587891
2015-01-06,4.849999904632568
2015-01-07,4.909999847412109
2015-01-08,4.880000114440918
2015-01-09,4.989999771118164
2015-01-12,4.949999809265137
2015-01-13,4.820000171661377
2015-01-14,5.090000152587891
2015-01-15,4.900000095367432
2015-01-16,4.920000076293945
2015-01-20,4.809999942779541
2015-01-21,4.829999923706055
2015-01-22,4.800000190734863
2015-01-23,4.849999904632568
2015-01-26,4.889999866485596
2015-01-27,4.900000095367432
2015-01-28,4.909999847412109
2015-01-29,5.099999904632568
2015-01-30,5.099999904632568
2015-02-02,5.199999809265137
2015-02-03,5.0
2015-02-04,4.760000228881836
2015-02-05,5.0
2015-02-06,5.0
2015-02-09,5.039999961853027
2015-02-10,4.800000190734863
2015-02-11,5.0
2015-02-12,5.070000171661377
2015-02-13,5.0
2015-02-17,5.019999980926514
2015-02-18,5.019999980926514
2015-02-19,5.010000228881836
2015-02-20,5.0
2015-02-23,4.929999828338623
2015-02-24,4.869999885559082
2015-02-25,4.909999847412109
2015-02-26,4.849999904632568
2015-02-27,4.980000019073486
2015-03-02,4.96999979019165
2015-03-03,5.0
2015-03-04,5.0
2015-03-05,5.079999923706055
2015-03-06,5.070000171661377
2015-03-09,4.840000152587891
2015-03-10,4.869999885559082
2015-03-11,4.860000133514404
2015-03-12,5.079999923706055
2015-03-13,5.050000190734863
2015-03-16,4.96999979019165
2015-03-17,5.0
2015-03-18,4.989999771118164
2015-03-19,4.920000076293945
2015-03-20,4.940000057220459
2015-03-23,5.119999885559082
2015-03-24,5.0
2015-03-25,4.949999809265137
2015-03-26,4.869999885559082
2015-03-27,4.909999847412109
2015-03-30,4.989999771118164
2015-03-31,4.889999866485596
2015-04-01,4.809999942779541
2015-04-02,5.03000020980835
2015-04-06,5.03000020980835
2015-04-07,5.130000114440918
2015-04-08,5.03000020980835
2015-04-09,5.110000133514404
2015-04-10,5.21999979019165
2015-04-13,5.150000095367432
2015-04-14,5.130000114440918
2015-04-15,5.150000095367432
2015-04-16,5.409999847412109
2015-04-17,5.960000038146973
2015-04-20,6.699999809265137
2015-04-21,6.389999866485596
2015-04-22,6.289999961853027
2015-04-23,6.150000095367432
2015-04-24,5.909999847412109
2015-04-27,5.46999979019165
2015-04-28,5.429999828338623
2015-04-29,5.349999904632568
2015-04-30,4.880000114440918
2015-05-01,4.789999961853027
2015-05-04,4.579999923706055
2015-05-05,4.960000038146973
2015-05-06,7.239999771118164
2015-05-07,7.190000057220459
2015-05-08,7.21999979019165
2015-05-11,7.360000133514404
2015-05-12,7.340000152587891
2015-05-13,7.079999923706055
2015-05-14,6.920000076293945
2015-05-15,6.800000190734863
2015-05-18,6.809999942779541
2015-05-19,6.429999828338623
2015-05-20,6.139999866485596
2015-05-21,5.900000095367432
2015-05-22,6.190000057220459
2015-05-26,6.139999866485596
2015-05-27,6.130000114440918
2015-05-28,6.25
2015-05-29,6.260000228881836
2015-06-01,6.010000228881836
2015-06-02,5.980000019073486
2015-06-03,6.230000019073486
2015-06-04,6.170000076293945
2015-06-05,6.300000190734863
2015-06-08,6.190000057220459
2015-06-09,6.159999847412109
2015-06-10,6.0
2015-06-11,6.0
2015-06-12,6.090000152587891
2015-06-15,6.050000190734863
2015-06-16,5.800000190734863
2015-06-17,6.019999980926514
2015-06-18,5.849999904632568
2015-06-19,6.0
2015-06-22,6.090000152587891
2015-06-23,6.25
2015-06-24,6.300000190734863
2015-06-25,6.130000114440918
2015-06-26,6.300000190734863
2015-06-29,6.070000171661377
2015-06-30,6.46999979019165
2015-07-01,6.690000057220459
2015-07-02,6.860000133514404
2015-07-06,6.880000114440918
2015-07-07,7.53000020980835
2015-07-08,7.190000057220459
2015-07-09,7.25
2015-07-10,7.25
2015-07-13,7.929999828338623
2015-07-14,7.690000057220459
2015-07-15,7.409999847412109
2015-07-16,7.400000095367432
2015-07-17,7.389999866485596
2015-07-20,7.079999923706055
2015-07-21,7.599999904632568
2015-07-22,7.579999923706055
2015-07-23,7.449999809265137
2015-07-24,7.179999828338623
2015-07-27,7.440000057220459
2015-07-28,7.170000076293945
2015-07-29,7.119999885559082
2015-07-30,7.070000171661377
2015-07-31,7.059999942779541
2015-08-03,6.900000095367432
2015-08-04,7.190000057220459
2015-08-05,6.869999885559082
2015-08-06,6.820000171661377
2015-08-07,7.159999847412109
2015-08-10,7.210000038146973
2015-08-11,7.090000152587891
2015-08-12,7.360000133514404
2015-08-13,7.46999979019165
2015-08-14,7.460000038146973
2015-08-17,7.679999828338623
2015-08-18,7.75
2015-08-19,6.909999847412109
2015-08-20,5.820000171661377
2015-08-21,6.239999771118164
2015-08-24,5.900000095367432
2015-08-25,6.130000114440918
2015-08-26,6.610000133514404
2015-08-27,6.670000076293945
2015-08-28,7.210000038146973
2015-08-31,6.53000020980835
2015-09-01,6.210000038146973
2015-09-02,6.230000019073486
2015-09-03,5.869999885559082
2015-09-04,6.050000190734863
2015-09-08,6.320000171661377
2015-09-09,5.829999923706055
2015-09-10,6.0
2015-09-11,6.360000133514404
2015-09-14,6.320000171661377
2015-09-15,6.489999771118164
2015-09-16,6.630000114440918
2015-09-17,7.070000171661377
2015-09-18,6.929999828338623
2015-09-21,6.900000095367432
2015-09-22,6.909999847412109
2015-09-23,7.03000020980835
2015-09-24,6.849999904632568
2015-09-25,6.289999961853027
2015-09-28,5.519999980926514
2015-09-29,4.809999942779541
2015-09-30,5.329999923706055
2015-10-01,5.690000057220459
2015-10-02,5.659999847412109
2015-10-05,5.800000190734863
2015-10-06,5.489999771118164
2015-10-07,5.730000019073486
2015-10-08,5.5
2015-10-09,5.670000076293945
2015-10-12,5.139999866485596
2015-10-13,4.78000020980835
2015-10-14,4.309999942779541
2015-10-15,4.889999866485596
2015-10-16,4.679999828338623
2015-10-19,4.349999904632568
2015-10-20,3.9000000953674316
2015-10-21,3.4600000381469727
2015-10-22,3.2699999809265137
2015-10-23,3.7300000190734863
2015-10-26,3.5399999618530273
2015-10-27,3.569999933242798
2015-10-28,4.309999942779541
2015-10-29,4.460000038146973
2015-10-30,4.400000095367432
2015-11-02,4.650000095367432
2015-11-03,4.519999980926514
2015-11-04,4.769999980926514
2015-11-05,4.920000076293945
2015-11-06,4.800000190734863
2015-11-09,4.860000133514404
2015-11-10,4.659999847412109
2015-11-11,4.360000133514404
2015-11-12,4.150000095367432
2015-11-13,4.110000133514404
2015-11-16,4.139999866485596
2015-11-17,4.360000133514404
2015-11-18,4.389999866485596
2015-11-19,4.190000057220459
2015-11-20,3.7799999713897705
2015-11-23,4.119999885559082
2015-11-24,4.130000114440918
2015-11-25,4.119999885559082
2015-11-27,4.21999979019165
2015-11-30,4.190000057220459
2015-12-01,4.179999828338623
2015-12-02,4.099999904632568
2015-12-03,4.090000152587891
2015-12-04,4.070000171661377
2015-12-07,3.490000009536743
2015-12-08,3.4000000953674316
2015-12-09,3.3399999141693115
2015-12-10,3.380000114440918
2015-12-11,3.7899999618530273
2015-12-14,3.549999952316284
2015-12-15,3.4800000190734863
2015-12-16,3.5
2015-12-17,3.549999952316284
2015-12-18,3.549999952316284
2015-12-21,3.4700000286102295
2015-12-22,3.5299999713897705
2015-12-23,3.609999895095825
2015-12-24,3.569999933242798
2015-12-28,3.490000009536743
2015-12-29,3.369999885559082
2015-12-30,3.3499999046325684
2015-12-31,3.369999885559082
2016-01-04,3.2899999618530273
2016-01-05,3.309999942779541
2016-01-06,3.2300000190734863
2016-01-07,2.8499999046325684
2016-01-08,2.9000000953674316
2016-01-11,2.7899999618530273
2016-01-12,2.700000047683716
2016-01-13,2.630000114440918
2016-01-14,2.6700000762939453
2016-01-15,2.549999952316284
2016-01-19,2.440000057220459
2016-01-20,2.569999933242798
2016-01-21,2.369999885559082
2016-01-22,2.549999952316284
2016-01-25,2.4600000381469727
2016-01-26,2.4800000190734863
2016-01-27,2.190000057220459
2016-01-28,2.200000047683716
2016-01-29,2.1500000953674316
2016-02-01,2.2200000286102295
2016-02-02,2.049999952316284
2016-02-03,1.75
2016-02-04,1.899999976158142
2016-02-05,1.899999976158142
2016-02-08,1.690000057220459
2016-02-09,1.7999999523162842
2016-02-10,1.7699999809265137
2016-02-11,1.6799999475479126
2016-02-12,1.690000057220459
2016-02-16,1.5700000524520874
2016-02-17,1.5700000524520874
2016-02-18,1.559999942779541
2016-02-19,1.5499999523162842
2016-02-22,1.6699999570846558
2016-02-23,1.6200000047683716
2016-02-24,1.5099999904632568
2016-02-25,1.690000057220459
2016-02-26,1.8300000429153442
2016-02-29,1.7599999904632568
2016-03-01,1.690000057220459
2016-03-02,1.7000000476837158
2016-03-03,1.8300000429153442
2016-03-04,1.9700000286102295
2016-03-07,2.140000104904175
2016-03-08,1.9500000476837158
2016-03-09,1.9199999570846558
2016-03-10,1.840000033378601
2016-03-11,1.8200000524520874
2016-03-14,1.809999942779541
2016-03-15,1.7300000190734863
2016-03-16,1.7200000286102295
2016-03-17,1.7400000095367432
2016-03-18,1.8300000429153442
2016-03-21,1.8799999952316284
2016-03-22,1.9900000095367432
2016-03-23,1.7999999523162842
2016-03-24,1.8799999952316284
2016-03-28,1.850000023841858
2016-03-29,1.8200000524520874
2016-03-30,1.7899999618530273
2016-03-31,1.7999999523162842
2016-04-01,1.9500000476837158
2016-04-04,1.940000057220459
2016-04-05,1.9600000381469727
2016-04-06,2.0399999618530273
2016-04-07,2.009999990463257
2016-04-08,2.140000104904175
2016-04-11,2.240000009536743
2016-04-12,2.119999885559082
2016-04-13,2.2300000190734863
2016-04-14,2.2200000286102295
2016-04-15,2.180000066757202
2016-04-18,2.1600000858306885
2016-04-19,2.0799999237060547
2016-04-20,2.2300000190734863
2016-04-21,2.200000047683716
2016-04-22,2.059999942779541
2016-04-25,1.9800000190734863
2016-04-26,1.940000057220459
2016-04-27,1.9299999475479126
2016-04-28,1.9600000381469727
2016-04-29,1.899999976158142
2016-05-02,1.8600000143051147
2016-05-03,1.809999942779541
2016-05-04,1.7400000095367432
2016-05-05,1.690000057220459
2016-05-06,1.7100000381469727
2016-05-09,1.7300000190734863
2016-05-10,1.7200000286102295
2016-05-11,1.690000057220459
2016-05-12,1.590000033378601
2016-05-13,1.590000033378601
2016-05-16,1.5399999618530273
2016-05-17,1.5199999809265137
2016-05-18,1.5199999809265137
2016-05-19,1.4900000095367432
2016-05-20,1.5099999904632568
2016-05-23,1.5700000524520874
2016-05-24,1.6100000143051147
2016-05-25,1.590000033378601
2016-05-26,1.5700000524520874
2016-05-27,1.559999942779541
2016-05-31,1.5299999713897705
2016-06-01,1.5199999809265137
2016-06-02,1.5700000524520874
2016-06-03,1.6200000047683716
2016-06-06,1.649999976158142
2016-06-07,1.8600000143051147
2016-06-08,1.809999942779541
2016-06-09,1.7000000476837158
2016-06-10,1.649999976158142
2016-06-13,1.7799999713897705
2016-06-14,1.7400000095367432
2016-06-15,1.7899999618530273
2016-06-16,1.7599999904632568
2016-06-17,1.6799999475479126
2016-06-20,2.0
2016-06-21,1.8899999856948853
2016-06-22,1.8300000429153442
2016-06-23,1.8300000429153442
2016-06-24,1.8899999856948853
2016-06-27,1.7300000190734863
2016-06-28,1.7300000190734863
2016-06-29,1.690000057220459
2016-06-30,1.7000000476837158
2016-07-01,1.8300000429153442
2016-07-05,1.7899999618530273
2016-07-06,1.7799999713897705
2016-07-07,1.7799999713897705
2016-07-08,1.7699999809265137
2016-07-11,1.75
2016-07-12,1.7400000095367432
2016-07-13,1.7300000190734863
2016-07-14,1.7599999904632568
2016-07-15,1.7899999618530273
2016-07-18,1.7200000286102295
2016-07-19,1.6699999570846558
2016-07-20,1.690000057220459
2016-07-21,1.6699999570846558
2016-07-22,1.7000000476837158
2016-07-25,1.6799999475479126
2016-07-26,1.7300000190734863
2016-07-27,1.8700000047683716
2016-07-28,1.9800000190734863
2016-07-29,2.069999933242798
2016-08-01,1.9900000095367432
2016-08-02,2.049999952316284
2016-08-03,2.059999942779541
2016-08-04,2.0799999237060547
2016-08-05,2.109999895095825
2016-08-08,2.5899999141693115
2016-08-09,2.509999990463257
2016-08-10,2.319999933242798
2016-08-11,2.380000114440918
2016-08-12,2.559999942779541
2016-08-15,2.7300000190734863
2016-08-16,2.6700000762939453
2016-08-17,2.819999933242798
2016-08-18,2.9200000762939453
2016-08-19,2.9200000762939453
2016-08-22,2.890000104904175
2016-08-23,2.8399999141693115
2016-08-24,2.7699999809265137
2016-08-25,2.5999999046325684
2016-08-26,2.619999885559082
2016-08-29,2.700000047683716
2016-08-30,2.6600000858306885
2016-08-31,2.5999999046325684
2016-09-01,2.450000047683716
2016-09-02,2.380000114440918
2016-09-06,2.430000066757202
2016-09-07,2.549999952316284
2016-09-08,2.799999952316284
2016-09-09,2.75
2016-09-12,2.700000047683716
2016-09-13,2.700000047683716
2016-09-14,2.7100000381469727
2016-09-15,2.7899999618530273
2016-09-16,2.9200000762939453
2016-09-19,3.0
2016-09-20,3.190000057220459
2016-09-21,3.180000066757202
2016-09-22,3.5399999618530273
2016-09-23,3.440000057220459
2016-09-26,3.4100000858306885
2016-09-27,3.259999990463257
2016-09-28,3.069999933242798
2016-09-29,3.0199999809265137
2016-09-30,3.119999885559082
2016-10-03,3.0399999618530273
2016-10-04,3.009999990463257
2016-10-05,3.069999933242798
2016-10-06,2.9700000286102295
2016-10-07,2.859999895095825
2016-10-10,2.940000057220459
2016-10-11,2.950000047683716
2016-10-12,2.690000057220459
2016-10-13,2.5299999713897705
2016-10-14,2.549999952316284
2016-10-17,2.4200000762939453
2016-10-18,2.4700000286102295
2016-10-19,2.4000000953674316
2016-10-20,2.5
2016-10-21,2.380000114440918
2016-10-24,2.3299999237060547
2016-10-25,2.25
2016-10-26,2.25
2016-10-27,2.2300000190734863
2016-10-28,2.180000066757202
2016-10-31,2.0999999046325684
2016-11-01,2.0799999237060547
2016-11-02,2.0299999713897705
2016-11-03,1.9199999570846558
2016-11-04,1.9500000476837158
2016-11-07,1.9700000286102295
2016-11-08,2.1600000858306885
2016-11-09,2.200000047683716
2016-11-10,2.1500000953674316
2016-11-11,2.930000066757202
2016-11-14,2.740000009536743
2016-11-15,3.0
2016-11-16,2.8499999046325684
2016-11-17,2.7100000381469727
2016-11-18,2.75
2016-11-21,2.6600000858306885
2016-11-22,2.940000057220459
2016-11-23,3.2899999618530273
2016-11-25,3.180000066757202
2016-11-28,3.0899999141693115
2016-11-29,3.0899999141693115
2016-11-30,2.940000057220459
2016-12-01,3.0199999809265137
2016-12-02,3.109999895095825
2016-12-05,2.990000009536743
2016-12-06,3.049999952316284
2016-12-07,2.990000009536743
2016-12-08,3.0199999809265137
2016-12-09,2.9800000190734863
2016-12-12,2.890000104904175
2016-12-13,2.809999942779541
2016-12-14,2.8399999141693115
2016-12-15,2.809999942779541
2016-12-16,2.819999933242798
2016-12-19,2.75
2016-12-20,2.75
2016-12-21,2.7699999809265137
2016-12-22,2.7799999713897705
2016-12-23,2.8299999237060547
2016-12-27,2.869999885559082
2016-12-28,2.7100000381469727
2016-12-29,2.5899999141693115
2016-12-30,2.509999990463257
2017-01-03,2.690000057220459
2017-01-04,2.7300000190734863
2017-01-05,2.759999990463257
2017-01-06,2.7899999618530273
2017-01-09,2.8299999237060547
2017-01-10,2.859999895095825
2017-01-11,2.819999933242798
2017-01-12,2.759999990463257
2017-01-13,3.049999952316284
2017-01-17,3.0
2017-01-18,3.180000066757202
2017-01-19,3.130000114440918
2017-01-20,3.059999942779541
2017-01-23,2.740000009536743
2017-01-24,2.890000104904175
2017-01-25,2.9000000953674316
2017-01-26,2.799999952316284
2017-01-27,2.7799999713897705
2017-01-30,2.7799999713897705
2017-01-31,2.7300000190734863
2017-02-01,2.8399999141693115
2017-02-02,2.819999933242798
2017-02-03,2.8499999046325684
2017-02-06,2.809999942779541
2017-02-07,2.799999952316284
2017-02-08,2.7899999618530273
2017-02-09,2.940000057220459
2017-02-10,2.9600000381469727
2017-02-13,2.9800000190734863
2017-02-14,3.180000066757202
2017-02-15,3.190000057220459
2017-02-16,3.390000104904175
2017-02-17,3.930000066757202
2017-02-21,4.380000114440918
2017-02-22,4.239999771118164
2017-02-23,4.019999980926514
2017-02-24,4.070000171661377
2017-02-27,4.179999828338623
2017-02-28,4.289999961853027
2017-03-01,4.380000114440918
2017-03-02,4.289999961853027
2017-03-03,4.199999809265137
2017-03-06,4.170000076293945
2017-03-07,3.9700000286102295
2017-03-08,4.079999923706055
2017-03-09,4.539999961853027
2017-03-10,4.800000190734863
2017-03-13,5.050000190734863
2017-03-14,4.699999809265137
2017-03-15,4.690000057220459
2017-03-16,4.639999866485596
2017-03-17,4.949999809265137
2017-03-20,4.989999771118164
2017-03-21,4.53000020980835
2017-03-22,4.400000095367432
2017-03-23,4.639999866485596
2017-03-24,4.769999980926514
2017-03-27,4.829999923706055
2017-03-28,4.610000133514404
2017-03-29,4.579999923706055
2017-03-30,4.519999980926514
2017-03-31,4.550000190734863
2017-04-03,4.449999809265137
2017-04-04,4.239999771118164
2017-04-05,4.130000114440918
2017-04-06,4.199999809265137
2017-04-07,4.139999866485596
2017-04-10,4.190000057220459
2017-04-11,4.130000114440918
2017-04-12,4.190000057220459
2017-04-13,4.199999809265137
2017-04-17,4.5
2017-04-18,4.429999828338623
2017-04-19,4.489999771118164
2017-04-20,4.639999866485596
2017-04-21,4.590000152587891
2017-04-24,4.599999904632568
2017-04-25,4.710000038146973
2017-04-26,4.730000019073486
2017-04-27,4.690000057220459
2017-04-28,4.590000152587891
2017-05-01,4.639999866485596
2017-05-02,4.730000019073486
2017-05-03,4.480000019073486
2017-05-04,4.289999961853027
2017-05-05,4.340000152587891
2017-05-08,4.210000038146973
2017-05-09,4.010000228881836
2017-05-10,4.079999923706055
2017-05-11,3.990000009536743
2017-05-12,4.010000228881836
2017-05-15,4.110000133514404
2017-05-16,4.059999942779541
2017-05-17,3.930000066757202
2017-05-18,3.8299999237060547
2017-05-19,3.9700000286102295
2017-05-22,3.7799999713897705
2017-05-23,3.640000104904175
2017-05-24,3.5999999046325684
2017-05-25,3.450000047683716
2017-05-26,3.2799999713897705
2017-05-30,3.3299999237060547
2017-05-31,3.369999885559082
2017-06-01,3.369999885559082
2017-06-02,3.549999952316284
2017-06-05,3.309999942779541
2017-06-06,3.2899999618530273
2017-06-07,3.299999952316284
2017-06-08,3.2899999618530273
2017-06-09,3.190000057220459
2017-06-12,3.009999990463257
2017-06-13,3.0899999141693115
2017-06-14,3.0199999809265137
2017-06-15,3.0399999618530273
2017-06-16,2.9800000190734863
2017-06-19,3.0199999809265137
2017-06-20,2.9800000190734863
2017-06-21,3.180000066757202
2017-06-22,3.190000057220459
2017-06-23,3.180000066757202
2017-06-26,3.2200000286102295
2017-06-27,3.1700000762939453
2017-06-28,3.380000114440918
2017-06-29,3.4000000953674316
2017-06-30,3.240000009536743
2017-07-03,3.2899999618530273
2017-07-05,3.3499999046325684
2017-07-06,3.319999933242798
2017-07-07,3.390000104904175
2017-07-10,3.2200000286102295
2017-07-11,3.200000047683716
2017-07-12,3.25
2017-07-13,3.1500000953674316
2017-07-14,3.0899999141693115
2017-07-17,3.0399999618530273
2017-07-18,3.049999952316284
2017-07-19,3.0999999046325684
2017-07-20,3.0999999046325684
2017-07-21,3.0899999141693115
2017-07-24,3.0399999618530273
2017-07-25,2.940000057220459
2017-07-26,2.8299999237060547
2017-07-27,2.7699999809265137
2017-07-28,2.7899999618530273
2017-07-31,2.890000104904175
2017-08-01,2.7200000286102295
2017-08-02,2.5999999046325684
2017-08-03,2.609999895095825
2017-08-04,2.940000057220459
2017-08-07,2.799999952316284
2017-08-08,2.880000114440918
2017-08-09,3.0299999713897705
2017-08-10,2.809999942779541
2017-08-11,2.9800000190734863
2017-08-14,3.0899999141693115
2017-08-15,3.180000066757202
2017-08-16,3.140000104904175
2017-08-17,3.0199999809265137
2017-08-18,2.880000114440918
2017-08-21,2.880000114440918
2017-08-22,3.0
2017-08-23,2.990000009536743
2017-08-24,3.0899999141693115
2017-08-25,3.0799999237060547
2017-08-28,3.2200000286102295
2017-08-29,3.6700000762939453
2017-08-30,3.9700000286102295
2017-08-31,3.7799999713897705
2017-09-01,3.869999885559082
2017-09-05,3.9800000190734863
2017-09-06,4.0
2017-09-07,4.190000057220459
2017-09-08,4.119999885559082
2017-09-11,4.230000019073486
2017-09-12,4.199999809265137
2017-09-13,4.309999942779541
2017-09-14,4.230000019073486
2017-09-15,4.159999847412109
2017-09-18,4.25
2017-09-19,4.210000038146973
2017-09-20,4.130000114440918
2017-09-21,3.940000057220459
2017-09-22,4.119999885559082
2017-09-25,3.890000104904175
2017-09-26,4.010000228881836
2017-09-27,4.090000152587891
2017-09-28,4.070000171661377
2017-09-29,3.9600000381469727
2017-10-02,4.170000076293945
2017-10-03,4.21999979019165
2017-10-04,4.170000076293945
2017-10-05,4.199999809265137
2017-10-06,4.119999885559082
2017-10-09,4.179999828338623
2017-10-10,4.159999847412109
2017-10-11,4.110000133514404
2017-10-12,4.070000171661377
2017-10-13,4.050000190734863
2017-10-16,4.059999942779541
2017-10-17,4.079999923706055
2017-10-18,4.170000076293945
2017-10-19,4.110000133514404
2017-10-20,4.179999828338623
2017-10-23,4.210000038146973
2017-10-24,4.170000076293945
2017-10-25,3.9800000190734863
2017-10-26,4.25
2017-10-27,4.539999961853027
2017-10-30,4.610000133514404
2017-10-31,4.769999980926514
2017-11-01,4.690000057220459
2017-11-02,4.71999979019165
2017-11-03,4.820000171661377
2017-11-06,4.960000038146973
2017-11-07,4.929999828338623
2017-11-08,4.590000152587891
2017-11-09,4.440000057220459
2017-11-10,4.420000076293945
2017-11-13,4.150000095367432
2017-11-14,4.190000057220459
2017-11-15,3.990000009536743
2017-11-16,4.320000171661377
2017-11-17,4.369999885559082
2017-11-20,4.389999866485596
2017-11-21,4.269999980926514
2017-11-22,4.150000095367432
2017-11-24,4.199999809265137
2017-11-27,4.230000019073486
2017-11-28,4.300000190734863
2017-11-29,4.360000133514404
2017-11-30,4.400000095367432
2017-12-01,4.389999866485596
2017-12-04,4.170000076293945
2017-12-05,4.039999961853027
2017-12-06,3.940000057220459
2017-12-07,4.190000057220459
2017-12-08,4.170000076293945
2017-12-11,4.139999866485596
2017-12-12,4.429999828338623
2017-12-13,4.650000095367432
2017-12-14,4.25
2017-12-15,4.199999809265137
2017-12-18,4.360000133514404
2017-12-19,4.380000114440918
2017-12-20,4.510000228881836
2017-12-21,5.070000171661377
2017-12-22,5.610000133514404
2017-12-26,6.28000020980835
2017-12-27,6.639999866485596
2017-12-28,6.090000152587891
2017-12-29,6.110000133514404
2018-01-02,6.300000190734863
2018-01-03,6.5
2018-01-04,6.989999771118164
2018-01-05,6.820000171661377
2018-01-08,6.590000152587891
2018-01-09,6.559999942779541
2018-01-10,6.699999809265137
2018-01-11,6.800000190734863
2018-01-12,7.010000228881836
2018-01-16,6.550000190734863
2018-01-17,6.960000038146973
2018-01-18,7.179999828338623
2018-01-19,7.369999885559082
2018-01-22,8.289999961853027
2018-01-23,9.119999885559082
2018-01-24,8.319999694824219
2018-01-25,8.649999618530273
2018-01-26,8.819999694824219
2018-01-29,9.390000343322754
2018-01-30,9.359999656677246
2018-01-31,9.140000343322754
2018-02-01,9.329999923706055
2018-02-02,8.75
2018-02-05,7.900000095367432
2018-02-06,8.050000190734863
2018-02-07,8.039999961853027
2018-02-08,8.100000381469727
2018-02-09,8.0
2018-02-12,7.800000190734863
2018-02-13,7.849999904632568
2018-02-14,7.989999771118164
2018-02-15,8.109999656677246
2018-02-16,8.760000228881836
2018-02-20,9.170000076293945
2018-02-21,10.59000015258789
2018-02-22,10.579999923706055
2018-02-23,11.760000228881836
2018-02-26,12.0600004196167
2018-02-27,11.5
2018-02-28,11.260000228881836
2018-03-01,11.369999885559082
2018-03-02,13.270000457763672
2018-03-05,13.770000457763672
2018-03-06,13.0600004196167
2018-03-07,13.449999809265137
2018-03-08,12.829999923706055
2018-03-09,13.170000076293945
2018-03-12,13.0600004196167
2018-03-13,12.069999694824219
2018-03-14,11.729999542236328
2018-03-15,11.869999885559082
2018-03-16,11.829999923706055
2018-03-19,11.720000267028809
2018-03-20,11.449999809265137
2018-03-21,11.699999809265137
2018-03-22,10.960000038146973
2018-03-23,10.920000076293945
2018-03-26,11.569999694824219
2018-03-27,10.239999771118164
2018-03-28,9.539999961853027
2018-03-29,9.760000228881836
2018-04-02,9.470000267028809
2018-04-03,9.619999885559082
2018-04-04,10.510000228881836
2018-04-05,9.970000267028809
2018-04-06,9.279999732971191
2018-04-09,9.479999542236328
2018-04-10,10.0600004196167
2018-04-11,11.449999809265137
2018-04-12,11.430000305175781
2018-04-13,11.539999961853027
2018-04-16,11.149999618530273
2018-04-17,11.539999961853027
2018-04-18,11.34000015258789
2018-04-19,11.319999694824219
2018-04-20,11.289999961853027
2018-04-23,11.270000457763672
2018-04-24,11.260000228881836
2018-04-25,11.430000305175781
2018-04-26,11.619999885559082
2018-04-27,11.210000038146973
2018-04-30,10.100000381469727
2018-05-01,9.899999618530273
2018-05-02,9.779999732971191
2018-05-03,9.699999809265137
2018-05-04,10.1899995803833
2018-05-07,10.520000457763672
2018-05-08,10.229999542236328
2018-05-09,10.819999694824219
2018-05-10,10.960000038146973
2018-05-11,9.3100004196167
2018-05-14,9.15999984741211
2018-05-15,9.6899995803833
2018-05-16,10.180000305175781
2018-05-17,10.4399995803833
2018-05-18,10.859999656677246
2018-05-21,10.850000381469727
2018-05-22,10.869999885559082
2018-05-23,11.270000457763672
2018-05-24,11.5600004196167
2018-05-25,11.489999771118164
2018-05-29,11.229999542236328
2018-05-30,10.989999771118164
2018-05-31,10.949999809265137
2018-06-01,10.90999984741211
2018-06-04,10.640000343322754
2018-06-05,11.390000343322754
2018-06-06,11.640000343322754
2018-06-07,11.520000457763672
2018-06-08,11.760000228881836
2018-06-11,11.529999732971191
2018-06-12,11.770000457763672
2018-06-13,11.789999961853027
2018-06-14,12.09000015258789
2018-06-15,11.5
2018-06-18,11.430000305175781
2018-06-19,12.3100004196167
2018-06-20,13.479999542236328
2018-06-21,13.079999923706055
2018-06-22,12.84000015258789
2018-06-25,11.800000190734863
2018-06-26,12.199999809265137
2018-06-27,11.5600004196167
2018-06-28,11.15999984741211
2018-06-29,11.34000015258789
2018-07-02,11.770000457763672
2018-07-03,12.020000457763672
2018-07-05,12.149999618530273
2018-07-06,12.4399995803833
2018-07-09,12.220000267028809
2018-07-10,12.0
2018-07-11,11.770000457763672
2018-07-12,11.920000076293945
2018-07-13,11.859999656677246
2018-07-16,11.630000114440918
2018-07-17,11.6899995803833
2018-07-18,11.029999732971191
2018-07-19,11.079999923706055
2018-07-20,10.819999694824219
2018-07-23,10.869999885559082
2018-07-24,9.739999771118164
2018-07-25,9.270000457763672
2018-07-26,9.260000228881836
2018-07-27,9.0
2018-07-30,8.75
2018-07-31,8.930000305175781
2018-08-01,9.619999885559082
2018-08-02,10.510000228881836
2018-08-03,9.779999732971191
2018-08-06,10.170000076293945
2018-08-07,11.3100004196167
2018-08-08,11.460000038146973
2018-08-09,11.420000076293945
2018-08-10,11.5
2018-08-13,11.09000015258789
2018-08-14,11.359999656677246
2018-08-15,10.819999694824219
2018-08-16,11.0600004196167
2018-08-17,11.199999809265137
2018-08-20,10.829999923706055
2018-08-21,11.34000015258789
2018-08-22,11.640000343322754
2018-08-23,11.350000381469727
2018-08-24,11.850000381469727
2018-08-27,11.850000381469727
2018-08-28,12.34000015258789
2018-08-29,12.4399995803833
2018-08-30,12.5
2018-08-31,12.890000343322754
2018-09-04,12.869999885559082
2018-09-05,12.579999923706055
2018-09-06,11.720000267028809
2018-09-07,12.34000015258789
2018-09-10,12.760000228881836
2018-09-11,12.550000190734863
2018-09-12,11.84000015258789
2018-09-13,11.760000228881836
2018-09-14,11.630000114440918
2018-09-17,11.069999694824219
2018-09-18,12.199999809265137
2018-09-19,13.359999656677246
2018-09-20,14.029999732971191
2018-09-21,14.569999694824219
2018-09-24,16.280000686645508
2018-09-25,15.630000114440918
2018-09-26,15.329999923706055
2018-09-27,15.670000076293945
2018-09-28,16.290000915527344
2018-10-01,16.25
2018-10-02,16.440000534057617
2018-10-03,16.06999969482422
2018-10-04,15.789999961853027
2018-10-05,15.619999885559082
2018-10-08,14.960000038146973
2018-10-09,14.1899995803833
2018-10-10,14.029999732971191
2018-10-11,13.300000190734863
2018-10-12,13.510000228881836
2018-10-15,13.5
2018-10-16,14.569999694824219
2018-10-17,14.489999771118164
2018-10-18,13.770000457763672
2018-10-19,14.140000343322754
2018-10-22,11.930000305175781
2018-10-23,12.739999771118164
2018-10-24,11.479999542236328
2018-10-25,13.510000228881836
2018-10-26,13.430000305175781
2018-10-29,12.449999809265137
2018-10-30,12.109999656677246
2018-10-31,12.460000038146973
2018-11-01,13.609999656677246
2018-11-02,14.75
2018-11-05,14.65999984741211
2018-11-06,14.520000457763672
2018-11-07,15.100000381469727
2018-11-08,13.59000015258789
2018-11-09,12.819999694824219
2018-11-12,13.0
2018-11-13,13.079999923706055
2018-11-14,12.720000267028809
2018-11-15,12.59000015258789
2018-11-16,12.699999809265137
2018-11-19,12.289999961853027
2018-11-20,12.3100004196167
2018-11-21,12.470000267028809
2018-11-23,12.479999542236328
2018-11-26,13.489999771118164
2018-11-27,13.59000015258789
2018-11-28,13.75
2018-11-29,14.100000381469727
2018-11-30,15.359999656677246
2018-12-03,16.969999313354492
2018-12-04,16.979999542236328
2018-12-06,15.739999771118164
2018-12-07,16.540000915527344
2018-12-10,16.850000381469727
2018-12-11,16.350000381469727
2018-12-12,16.780000686645508
2018-12-13,16.049999237060547
2018-12-14,15.880000114440918
2018-12-17,15.069999694824219
2018-12-18,13.880000114440918
2018-12-19,13.039999961853027
2018-12-20,12.449999809265137
2018-12-21,11.5
2018-12-24,11.510000228881836
2018-12-26,12.489999771118164
2018-12-27,11.699999809265137
2018-12-28,12.069999694824219
2018-12-31,12.829999923706055
2019-01-02,13.529999732971191
2019-01-03,13.149999618530273
2019-01-04,14.779999732971191
2019-01-07,16.549999237060547
2019-01-08,17.170000076293945
2019-01-09,17.31999969482422
2019-01-10,17.59000015258789
2019-01-11,17.040000915527344
2019-01-14,16.510000228881836
2019-01-15,16.350000381469727
2019-01-16,16.639999389648438
2019-01-17,16.56999969482422
2019-01-18,16.040000915527344
2019-01-22,14.859999656677246
2019-01-23,14.470000267028809
2019-01-24,14.149999618530273
2019-01-25,14.489999771118164
2019-01-28,13.800000190734863
2019-01-29,14.359999656677246
2019-01-30,14.760000228881836
2019-01-31,15.140000343322754
2019-02-01,15.15999984741211
2019-02-04,14.050000190734863
2019-02-05,13.850000381469727
2019-02-06,14.1899995803833
2019-02-07,13.329999923706055
2019-02-08,14.069999694824219
2019-02-11,15.229999542236328
2019-02-12,15.0
2019-02-13,14.710000038146973
2019-02-14,14.670000076293945
2019-02-15,14.859999656677246
2019-02-19,14.420000076293945
2019-02-20,14.34000015258789
2019-02-21,14.09000015258789
2019-02-22,14.420000076293945
2019-02-25,16.270000457763672
2019-02-26,15.9399995803833
2019-02-27,16.190000534057617
2019-02-28,15.710000038146973
2019-03-01,16.549999237060547
2019-03-04,16.200000762939453
2019-03-05,16.030000686645508
2019-03-06,15.699999809265137
2019-03-07,16.110000610351562
2019-03-08,16.18000030517578
2019-03-11,16.56999969482422
2019-03-12,16.940000534057617
2019-03-13,17.81999969482422
2019-03-14,18.209999084472656
2019-03-15,18.709999084472656
2019-03-18,18.3700008392334
2019-03-19,18.010000228881836
2019-03-20,17.649999618530273
2019-03-21,17.760000228881836
2019-03-22,16.139999389648438
2019-03-25,15.949999809265137
2019-03-26,16.809999465942383
2019-03-27,16.709999084472656
2019-03-28,17.110000610351562
2019-03-29,17.56999969482422
2019-04-01,17.559999465942383
2019-04-02,18.40999984741211
2019-04-03,18.450000762939453
2019-04-04,18.139999389648438
2019-04-05,18.190000534057617
2019-04-08,17.65999984741211
2019-04-09,16.729999542236328
2019-04-10,17.270000457763672
2019-04-11,16.81999969482422
2019-04-12,16.139999389648438
2019-04-15,16.31999969482422
2019-04-16,16.5
2019-04-17,15.609999656677246
2019-04-18,16.020000457763672
2019-04-22,16.229999542236328
2019-04-23,16.940000534057617
2019-04-24,16.84000015258789
2019-04-25,17.489999771118164
2019-04-26,17.34000015258789
2019-04-29,17.489999771118164
2019-04-30,16.799999237060547
2019-05-01,16.31999969482422
2019-05-02,16.729999542236328
2019-05-03,17.149999618530273
2019-05-06,17.90999984741211
2019-05-07,16.979999542236328
2019-05-08,16.520000457763672
2019-05-09,16.559999465942383
2019-05-10,17.440000534057617
2019-05-13,16.709999084472656
2019-05-14,17.280000686645508
2019-05-15,18.3700008392334
2019-05-16,19.549999237060547
2019-05-17,18.739999771118164
2019-05-20,18.440000534057617
2019-05-21,19.170000076293945
2019-05-22,18.81999969482422
2019-05-23,18.329999923706055
2019-05-24,18.969999313354492
2019-05-28,20.25
2019-05-29,20.190000534057617
2019-05-30,19.940000534057617
2019-05-31,19.280000686645508
2019-06-03,19.459999084472656
2019-06-04,20.0
2019-06-05,19.059999465942383
2019-06-06,17.709999084472656
2019-06-07,18.030000686645508
2019-06-10,16.579999923706055
2019-06-11,16.020000457763672
2019-06-12,16.540000915527344
2019-06-13,17.579999923706055
2019-06-14,17.829999923706055
2019-06-17,19.1200008392334
2019-06-18,20.200000762939453
2019-06-19,19.989999771118164
2019-06-20,19.65999984741211
2019-06-21,19.899999618530273
2019-06-24,19.040000915527344
2019-06-25,19.719999313354492
2019-06-26,19.520000457763672
2019-06-27,20.440000534057617
2019-06-28,20.299999237060547
2019-07-01,21.260000228881836
2019-07-02,20.579999923706055
2019-07-03,21.90999984741211
2019-07-05,21.1200008392334
2019-07-08,20.6200008392334
2019-07-09,20.5
2019-07-10,20.5
2019-07-11,20.450000762939453
2019-07-12,21.540000915527344
2019-07-15,22.139999389648438
2019-07-16,22.459999084472656
2019-07-17,22.260000228881836
2019-07-18,22.5
2019-07-19,21.3700008392334
2019-07-22,22.479999542236328
2019-07-23,22.5
2019-07-24,22.100000381469727
2019-07-25,21.690000534057617
2019-07-26,22.5
2019-07-29,22.18000030517578
2019-07-30,22.489999771118164
2019-07-31,22.049999237060547
2019-08-01,21.350000381469727
2019-08-02,20.280000686645508
2019-08-05,19.270000457763672
2019-08-06,19.81999969482422
2019-08-07,18.530000686645508
2019-08-08,19.25
2019-08-09,18.709999084472656
2019-08-12,17.979999542236328
2019-08-13,18.260000228881836
2019-08-14,17.8799991607666
2019-08-15,17.59000015258789
2019-08-16,18.56999969482422
2019-08-19,18.989999771118164
2019-08-20,18.81999969482422
2019-08-21,19.280000686645508
2019-08-22,18.420000076293945
2019-08-23,17.270000457763672
2019-08-26,17.110000610351562
2019-08-27,15.880000114440918
2019-08-28,16.790000915527344
2019-08-29,17.1299991607666
2019-08-30,16.31999969482422
2019-09-03,16.950000762939453
2019-09-04,16.809999465942383
2019-09-05,18.110000610351562
2019-09-06,17.8799991607666
2019-09-09,17.579999923706055
2019-09-10,19.100000381469727
2019-09-11,18.389999389648438
2019-09-12,17.450000762939453
2019-09-13,17.93000030517578
2019-09-16,18.09000015258789
2019-09-17,16.989999771118164
2019-09-18,17.610000610351562
2019-09-19,17.860000610351562
2019-09-20,18.200000762939453
2019-09-23,17.329999923706055
2019-09-24,16.75
2019-09-25,16.40999984741211
2019-09-26,15.6899995803833
2019-09-27,15.470000267028809
2019-09-30,15.529999732971191
2019-10-01,14.539999961853027
2019-10-02,14.649999618530273
2019-10-03,15.029999732971191
2019-10-04,15.130000114440918
2019-10-07,14.90999984741211
2019-10-08,14.920000076293945
2019-10-09,13.619999885559082
2019-10-10,14.0
2019-10-11,14.25
2019-10-14,14.130000114440918
2019-10-15,14.75
2019-10-16,14.539999961853027
2019-10-17,14.680000305175781
2019-10-18,13.630000114440918
2019-10-21,14.529999732971191
2019-10-22,14.710000038146973
2019-10-23,14.800000190734863
2019-10-24,14.4399995803833
2019-10-25,15.010000228881836
2019-10-28,15.34000015258789
2019-10-29,14.960000038146973
2019-10-30,14.819999694824219
2019-10-31,14.949999809265137
2019-11-01,15.34000015258789
2019-11-04,15.300000190734863
2019-11-05,15.710000038146973
2019-11-06,13.390000343322754
2019-11-07,14.5600004196167
2019-11-08,14.600000381469727
2019-11-11,14.5
2019-11-12,14.510000228881836
2019-11-13,14.720000267028809
2019-11-14,14.119999885559082
2019-11-15,14.699999809265137
2019-11-18,14.300000190734863
2019-11-19,14.5
2019-11-20,14.460000038146973
2019-11-21,14.470000267028809
2019-11-22,14.390000343322754
2019-11-25,15.109999656677246
2019-11-26,15.0
2019-11-27,15.109999656677246
2019-11-29,15.619999885559082
2019-12-02,14.180000305175781
2019-12-03,14.109999656677246
2019-12-04,14.199999809265137
2019-12-05,13.569999694824219
2019-12-06,13.670000076293945
2019-12-09,19.31999969482422
2019-12-10,18.90999984741211
2019-12-11,18.68000030517578
2019-12-12,18.920000076293945
2019-12-13,18.790000915527344
2019-12-16,20.479999542236328
2019-12-17,20.40999984741211
2019-12-18,20.520000457763672
2019-12-19,19.829999923706055
2019-12-20,20.309999465942383
2019-12-23,20.729999542236328
2019-12-24,20.25
2019-12-26,20.079999923706055
2019-12-27,19.739999771118164
2019-12-30,19.360000610351562
2019-12-31,19.56999969482422
2020-01-02,19.469999313354492
2020-01-03,19.100000381469727
2020-01-06,19.809999465942383
2020-01-07,21.010000228881836
2020-01-08,21.989999771118164
2020-01-09,21.950000762939453
2020-01-10,21.940000534057617
2020-01-13,21.690000534057617
2020-01-14,24.280000686645508
2020-01-15,24.479999542236328
2020-01-16,24.299999237060547
2020-01-17,25.649999618530273
2020-01-21,24.399999618530273
2020-01-22,24.549999237060547
2020-01-23,24.84000015258789
2020-01-24,24.15999984741211
2020-01-27,24.329999923706055
2020-01-28,25.579999923706055
2020-01-29,26.030000686645508
2020-01-30,25.860000610351562
2020-01-31,25.360000610351562
2020-02-03,27.1200008392334
2020-02-04,27.049999237060547
2020-02-05,26.579999923706055
2020-02-06,26.469999313354492
2020-02-07,25.860000610351562
2020-02-10,26.729999542236328
2020-02-11,27.110000610351562
2020-02-12,28.389999389648438
2020-02-13,28.1200008392334
2020-02-14,28.8799991607666
2020-02-18,28.93000030517578
2020-02-19,29.610000610351562
2020-02-20,29.360000610351562
2020-02-21,30.940000534057617
2020-02-24,30.670000076293945
2020-02-25,30.3700008392334
2020-02-26,31.8799991607666
2020-02-27,28.790000915527344
2020-02-28,29.200000762939453
2020-03-02,31.010000228881836
2020-03-03,28.25
2020-03-04,30.75
2020-03-05,30.56999969482422
2020-03-06,29.459999084472656
2020-03-09,24.84000015258789
2020-03-10,25.989999771118164
2020-03-11,23.790000915527344
2020-03-12,19.989999771118164
2020-03-13,20.729999542236328
2020-03-16,17.280000686645508
2020-03-17,22.200000762939453
2020-03-18,22.969999313354492
2020-03-19,24.459999084472656
2020-03-20,22.3799991607666
2020-03-23,22.280000686645508
2020-03-24,23.899999618530273
2020-03-25,23.399999618530273
2020-03-26,23.309999465942383
2020-03-27,22.18000030517578
2020-03-30,23.15999984741211
2020-03-31,22.209999084472656
2020-04-01,20.209999084472656
2020-04-02,21.06999969482422
2020-04-03,22.940000534057617
2020-04-06,24.799999237060547
2020-04-07,24.18000030517578
2020-04-08,25.6299991607666
2020-04-09,27.229999542236328
2020-04-13,27.31999969482422
2020-04-14,29.34000015258789
2020-04-15,28.68000030517578
2020-04-16,28.84000015258789
2020-04-17,31.34000015258789
2020-04-20,30.399999618530273
2020-04-21,29.100000381469727
2020-04-22,29.06999969482422
2020-04-23,29.459999084472656
2020-04-24,30.719999313354492
2020-04-27,30.25
2020-04-28,28.020000457763672
2020-04-29,29.020000457763672
2020-04-30,27.3799991607666
2020-05-01,26.59000015258789
2020-05-04,28.450000762939453
2020-05-05,27.889999389648438
2020-05-06,28.219999313354492
2020-05-07,27.790000915527344
2020-05-08,28.84000015258789
2020-05-11,30.219999313354492
2020-05-12,28.75
2020-05-13,27.440000534057617
2020-05-14,26.6200008392334
2020-05-15,28.450000762939453
2020-05-18,29.600000381469727
2020-05-19,28.860000610351562
2020-05-20,30.989999771118164
2020-05-21,33.540000915527344
2020-05-22,35.22999954223633
2020-05-26,33.790000915527344
2020-05-27,33.09000015258789
2020-05-28,32.220001220703125
2020-05-29,32.43000030517578
2020-06-01,31.68000030517578
2020-06-02,31.969999313354492
2020-06-03,30.8799991607666
2020-06-04,30.040000915527344
2020-06-05,28.209999084472656
2020-06-08,28.309999465942383
2020-06-09,32.720001220703125
2020-06-10,32.9900016784668
2020-06-11,29.850000381469727
2020-06-12,30.75
2020-06-15,31.90999984741211
2020-06-16,31.579999923706055
2020-06-17,31.75
2020-06-18,33.20000076293945
2020-06-19,31.719999313354492
2020-06-22,33.099998474121094
2020-06-23,33.95000076293945
2020-06-24,33.099998474121094
2020-06-25,35.22999954223633
2020-06-26,33.810001373291016
2020-06-29,32.61000061035156
2020-06-30,34.310001373291016
2020-07-01,36.13999938964844
2020-07-02,36.209999084472656
2020-07-06,36.79999923706055
2020-07-07,37.52000045776367
2020-07-08,37.709999084472656
2020-07-09,36.29999923706055
2020-07-10,35.2599983215332
2020-07-13,33.209999084472656
2020-07-14,34.02000045776367
2020-07-15,34.869998931884766
2020-07-16,33.54999923706055
2020-07-17,34.400001525878906
2020-07-20,34.939998626708984
2020-07-21,33.83000183105469
2020-07-22,33.59000015258789
2020-07-23,32.52000045776367
2020-07-24,31.899999618530273
2020-07-27,33.25
2020-07-28,31.190000534057617
2020-07-29,30.780000686645508
2020-07-30,31.600000381469727
2020-07-31,31.270000457763672
2020-08-03,33.209999084472656
2020-08-04,32.619998931884766
2020-08-05,32.84000015258789
2020-08-06,33.41999816894531
2020-08-07,33.83000183105469
2020-08-10,36.0
2020-08-11,34.70000076293945
2020-08-12,34.11000061035156
2020-08-13,35.0099983215332
2020-08-14,34.40999984741211
2020-08-17,35.52000045776367
2020-08-18,35.86000061035156
2020-08-19,36.20000076293945
2020-08-20,36.33000183105469
2020-08-21,36.119998931884766
2020-08-24,34.02000045776367
2020-08-25,34.75
2020-08-26,34.29999923706055
2020-08-27,34.650001525878906
2020-08-28,35.97999954223633
2020-08-31,36.400001525878906
2020-09-01,35.66999816894531
2020-09-02,34.95000076293945
2020-09-03,32.38999938964844
2020-09-04,31.110000610351562
2020-09-08,30.40999984741211
2020-09-09,31.290000915527344
2020-09-10,31.739999771118164
2020-09-11,33.560001373291016
2020-09-14,37.439998626708984
2020-09-15,37.560001373291016
2020-09-16,36.91999816894531
2020-09-17,36.90999984741211
2020-09-18,39.25
2020-09-21,37.060001373291016
2020-09-22,37.09000015258789
2020-09-23,36.470001220703125
2020-09-24,35.9900016784668
2020-09-25,37.79999923706055
2020-09-28,40.5
2020-09-29,39.400001525878906
2020-09-30,39.970001220703125
2020-10-01,40.61000061035156
2020-10-02,38.09000015258789
2020-10-05,41.88999938964844
2020-10-06,41.560001373291016
2020-10-07,44.040000915527344
2020-10-08,44.97999954223633
2020-10-09,48.0099983215332
2020-10-12,48.75
2020-10-13,49.040000915527344
2020-10-14,46.959999084472656
2020-10-15,48.099998474121094
2020-10-16,48.63999938964844
2020-10-19,47.52000045776367
2020-10-20,48.189998626708984
2020-10-21,44.459999084472656
2020-10-22,47.709999084472656
2020-10-23,48.36000061035156
2020-10-26,46.900001525878906
2020-10-27,47.459999084472656
2020-10-28,45.029998779296875
2020-10-29,45.630001068115234
2020-10-30,44.400001525878906
2020-11-02,43.939998626708984
2020-11-03,45.56999969482422
2020-11-04,49.81999969482422
2020-11-05,49.91999816894531
2020-11-06,48.279998779296875
2020-11-09,50.689998626708984
2020-11-10,52.61000061035156
2020-11-11,53.380001068115234
2020-11-12,51.97999954223633
2020-11-13,50.5099983215332
2020-11-16,52.79999923706055
2020-11-17,52.41999816894531
2020-11-18,49.720001220703125
2020-11-19,49.709999084472656
2020-11-20,52.650001525878906
2020-11-23,54.290000915527344
2020-11-24,55.27000045776367
2020-11-25,57.130001068115234
2020-11-27,57.91999816894531
2020-11-30,58.470001220703125
2020-12-01,60.220001220703125
2020-12-02,60.529998779296875
2020-12-03,60.41999816894531
2020-12-04,60.790000915527344
2020-12-07,83.7699966430664
2020-12-08,91.5999984741211
2020-12-09,86.5999984741211
2020-12-10,96.8499984741211
2020-12-11,94.73999786376953
2020-12-14,96.37999725341797
2020-12-15,92.7699966430664
2020-12-16,92.06999969482422
2020-12-17,92.25
2020-12-18,93.2699966430664
2020-12-21,94.05999755859375
2020-12-22,100.94999694824219
2020-12-23,100.80000305175781
2020-12-24,99.5
2020-12-28,96.20999908447266
2020-12-29,92.58999633789062
2020-12-30,93.62000274658203
2020-12-31,90.93000030517578
2021-01-04,89.68000030517578
2021-01-05,86.72000122070312
2021-01-06,99.77999877929688
2021-01-07,117.22000122070312
2021-01-08,116.30999755859375
2021-01-11,112.01000213623047
2021-01-12,112.05000305175781
2021-01-13,113.29000091552734
2021-01-14,117.4000015258789
2021-01-15,113.58999633789062
2021-01-19,114.30999755859375
2021-01-20,109.01000213623047
2021-01-21,99.66999816894531
2021-01-22,97.19000244140625
2021-01-25,96.13999938964844
2021-01-26,89.30999755859375
2021-01-27,87.5199966430664
2021-01-28,90.91000366210938
2021-01-29,90.62999725341797
2021-02-01,93.16000366210938
2021-02-02,97.48999786376953
2021-02-03,98.23999786376953
2021-02-04,102.62000274658203
2021-02-05,105.19000244140625
2021-02-08,108.5
2021-02-09,105.31999969482422
2021-02-10,103.30999755859375
2021-02-11,102.5
2021-02-12,102.44999694824219
2021-02-16,101.44000244140625
2021-02-17,103.22000122070312
2021-02-18,102.0999984741211
2021-02-19,110.18000030517578
2021-02-22,100.95999908447266
2021-02-23,95.4800033569336
2021-02-24,95.2699966430664
2021-02-25,86.2699966430664
2021-02-26,89.72000122070312
2021-03-01,96.61000061035156
2021-03-02,95.91000366210938
2021-03-03,88.48999786376953
2021-03-04,83.13999938964844
2021-03-05,83.6500015258789
2021-03-08,79.16000366210938
2021-03-09,88.5199966430664
2021-03-10,89.8499984741211
2021-03-11,97.66000366210938
2021-03-12,93.98999786376953
2021-03-15,92.7699966430664
2021-03-16,89.7300033569336
2021-03-17,91.7699966430664
2021-03-18,85.97000122070312
2021-03-19,90.29000091552734
2021-03-22,91.91999816894531
2021-03-23,87.19000244140625
2021-03-24,81.9800033569336
2021-03-25,78.5199966430664
2021-03-26,72.16000366210938
2021-03-29,72.7699966430664
2021-03-30,74.08999633789062
2021-03-31,82.44999694824219
2021-04-01,81.91000366210938
2021-04-05,83.66000366210938
2021-04-06,80.0999984741211
2021-04-07,75.69999694824219
2021-04-08,79.01000213623047
2021-04-09,77.98999786376953
2021-04-12,75.0
2021-04-13,78.91000366210938
2021-04-14,84.7300033569336
2021-04-15,84.4000015258789
2021-04-16,81.16999816894531
2021-04-19,79.6500015258789
2021-04-20,78.18000030517578
2021-04-21,84.23999786376953
2021-04-22,84.2300033569336
2021-04-23,85.33999633789062
2021-04-26,92.01000213623047
2021-04-27,92.5199966430664
2021-04-28,92.08999633789062
2021-04-29,85.87000274658203
2021-04-30,87.38999938964844
2021-05-03,85.11000061035156
2021-05-04,79.7300033569336
2021-05-05,77.7300033569336
2021-05-06,76.55000305175781
2021-05-07,76.48999786376953
2021-05-10,75.70999908447266
2021-05-11,78.0
2021-05-12,72.29000091552734
2021-05-13,71.51000213623047
2021-05-14,76.69999694824219
2021-05-17,76.33999633789062
2021-05-18,78.02999877929688
2021-05-19,75.31999969482422
2021-05-20,77.25
2021-05-21,73.80999755859375
2021-05-24,74.02999877929688
2021-05-25,74.73999786376953
2021-05-26,76.47000122070312
2021-05-27,76.25
2021-05-28,76.5999984741211
2021-06-01,72.45999908447266
2021-06-02,68.94000244140625
2021-06-03,67.25
2021-06-04,72.79000091552734
2021-06-07,77.0
2021-06-08,79.2300033569336
2021-06-09,82.87000274658203
2021-06-10,88.41999816894531
2021-06-11,89.75
2021-06-14,89.97000122070312
2021-06-15,86.79000091552734
2021-06-16,82.6500015258789
2021-06-17,84.20999908447266
2021-06-18,80.2300033569336
2021-06-21,81.9000015258789
2021-06-22,81.41999816894531
2021-06-23,83.52999877929688
2021-06-24,84.83999633789062
2021-06-25,84.55000305175781
2021-06-28,89.12000274658203
2021-06-29,89.16000366210938
2021-06-30,86.79000091552734
2021-07-01,94.29000091552734
2021-07-02,92.80000305175781
2021-07-06,87.38999938964844
2021-07-07,86.30999755859375
2021-07-08,87.20999908447266
2021-07-09,90.44999694824219
2021-07-12,85.91999816894531
2021-07-13,81.41000366210938
2021-07-14,77.16000366210938
2021-07-15,76.69999694824219
2021-07-16,78.54000091552734
2021-07-19,80.56999969482422
2021-07-20,84.05000305175781
2021-07-21,85.81999969482422
2021-07-22,85.95999908447266
2021-07-23,86.19000244140625
2021-07-26,83.01000213623047
2021-07-27,80.13999938964844
2021-07-28,84.81999969482422
2021-07-29,86.04000091552734
2021-07-30,82.80000305175781
2021-08-02,85.08000183105469
2021-08-03,83.25
2021-08-04,85.7300033569336
2021-08-05,95.54000091552734
2021-08-06,95.41999816894531
2021-08-09,95.7300033569336
2021-08-10,90.69000244140625
2021-08-11,91.54000091552734
2021-08-12,90.05999755859375
2021-08-13,86.70999908447266
2021-08-16,87.62999725341797
2021-08-17,84.44000244140625
2021-08-18,91.0
2021-08-19,85.62999725341797
2021-08-20,67.01000213623047
2021-08-23,72.2699966430664
2021-08-24,71.52999877929688
2021-08-25,72.94000244140625
2021-08-26,71.25
2021-08-27,72.63999938964844
2021-08-30,71.73999786376953
2021-08-31,73.25
2021-09-01,75.30000305175781
2021-09-02,75.5
2021-09-03,72.9800033569336
2021-09-07,73.16000366210938
2021-09-08,69.5199966430664
2021-09-09,69.31999969482422
2021-09-10,68.43000030517578
2021-09-13,65.77999877929688
2021-09-14,64.80999755859375
2021-09-15,66.5
2021-09-16,66.51000213623047
2021-09-17,71.5999984741211
2021-09-20,67.19999694824219
2021-09-21,68.12999725341797
2021-09-22,68.88999938964844
2021-09-23,68.86000061035156
2021-09-24,64.8499984741211
2021-09-27,64.36000061035156
2021-09-28,60.790000915527344
2021-09-29,59.79999923706055
2021-09-30,59.27000045776367
2021-10-01,59.5
2021-10-04,56.40999984741211
2021-10-05,57.29999923706055
2021-10-06,57.119998931884766
2021-10-07,56.33000183105469
2021-10-08,54.93000030517578
2021-10-11,56.54999923706055
2021-10-12,59.06999969482422
2021-10-13,60.150001525878906
2021-10-14,62.5099983215332
2021-10-15,61.2400016784668
2021-10-18,60.11000061035156
2021-10-19,61.16999816894531
2021-10-20,59.56999969482422
2021-10-21,59.47999954223633
2021-10-22,59.0
2021-10-25,58.15999984741211
2021-10-26,59.310001373291016
2021-10-27,54.84000015258789
2021-10-28,55.97999954223633
2021-10-29,53.79999923706055
2021-11-01,57.7599983215332
2021-11-02,57.86000061035156
2021-11-03,60.380001068115234
2021-11-04,59.650001525878906
2021-11-05,61.41999816894531
2021-11-08,60.790000915527344
2021-11-09,61.02000045776367
2021-11-10,56.5099983215332
2021-11-11,56.4900016784668
2021-11-12,55.849998474121094
2021-11-15,53.72999954223633
2021-11-16,55.4900016784668
2021-11-17,53.47999954223633
2021-11-18,55.0
2021-11-19,55.970001220703125
2021-11-22,52.45000076293945
2021-11-23,52.189998626708984
2021-11-24,54.41999816894531
2021-11-26,52.52000045776367
2021-11-29,51.77000045776367
2021-11-30,55.0099983215332
2021-12-01,52.130001068115234
2021-12-02,52.599998474121094
2021-12-03,48.0
2021-12-06,47.84000015258789
2021-12-07,54.59000015258789
2021-12-08,55.959999084472656
2021-12-09,53.25
2021-12-10,49.15999984741211
2021-12-13,48.97999954223633
2021-12-14,50.16999816894531
2021-12-15,54.66999816894531
2021-12-16,51.630001068115234
2021-12-17,58.7599983215332
2021-12-20,60.119998931884766
2021-12-21,63.29999923706055
2021-12-22,64.0999984741211
2021-12-23,64.33999633789062
2021-12-27,57.86000061035156
2021-12-28,60.150001525878906
2021-12-29,59.220001220703125
2021-12-30,60.06999969482422
2021-12-31,58.5099983215332
2022-01-03,60.279998779296875
2022-01-04,55.939998626708984
2022-01-05,51.86000061035156
2022-01-06,49.380001068115234
2022-01-07,48.310001373291016
2022-01-10,49.310001373291016
2022-01-11,47.540000915527344
2022-01-12,45.04999923706055
2022-01-13,42.20000076293945
2022-01-14,43.279998779296875
2022-01-18,40.619998931884766
2022-01-19,39.310001373291016
2022-01-20,38.29999923706055
2022-01-21,37.150001525878906
2022-01-24,39.52000045776367
2022-01-25,39.869998931884766
2022-01-26,39.27000045776367
2022-01-27,35.779998779296875
2022-01-28,36.630001068115234
2022-01-31,41.5099983215332
2022-02-01,41.11000061035156
2022-02-02,39.59000015258789
2022-02-03,37.84000015258789
2022-02-04,38.90999984741211
2022-02-07,39.66999816894531
2022-02-08,39.54999923706055
2022-02-09,40.95000076293945
2022-02-10,38.11000061035156
2022-02-11,37.79999923706055
2022-02-14,36.38999938964844
2022-02-15,37.880001068115234
2022-02-16,36.0099983215332
2022-02-17,33.709999084472656
2022-02-18,33.13999938964844
2022-02-22,33.13999938964844
2022-02-23,31.829999923706055
2022-02-24,33.95000076293945
2022-02-25,34.93000030517578
2022-02-28,34.54999923706055
2022-03-01,34.41999816894531
2022-03-02,34.970001220703125
2022-03-03,33.04999923706055
2022-03-04,32.470001220703125
2022-03-07,31.860000610351562
2022-03-08,32.77000045776367
2022-03-09,35.40999984741211
2022-03-10,35.47999954223633
2022-03-11,33.54999923706055
2022-03-14,29.670000076293945
2022-03-15,31.309999465942383
2022-03-16,34.04999923706055
2022-03-17,36.06999969482422
2022-03-18,37.75
2022-03-21,37.709999084472656
2022-03-22,37.90999984741211
2022-03-23,36.95000076293945
2022-03-24,38.689998626708984
2022-03-25,38.0
2022-03-28,38.0
2022-03-29,41.939998626708984
2022-03-30,39.86000061035156
2022-03-31,38.77000045776367
2022-04-01,41.31999969482422
2022-04-04,42.38999938964844
2022-04-05,40.08000183105469
2022-04-06,40.72999954223633
2022-04-07,39.56999969482422
2022-04-08,37.97999954223633
2022-04-11,35.83000183105469
2022-04-12,36.939998626708984
2022-04-13,38.93000030517578
2022-04-14,37.77000045776367
2022-04-18,35.47999954223633
2022-04-19,36.77000045776367
2022-04-20,36.599998474121094
2022-04-21,34.52000045776367
2022-04-22,34.630001068115234
2022-04-25,35.45000076293945
2022-04-26,32.439998626708984
2022-04-27,31.8700008392334
2022-04-28,31.649999618530273
2022-04-29,28.559999465942383
2022-05-02,29.770000457763672
2022-05-03,28.780000686645508
2022-05-04,30.690000534057617
2022-05-05,27.190000534057617
2022-05-06,24.15999984741211
2022-05-09,22.350000381469727
2022-05-10,23.75
2022-05-11,21.450000762939453
2022-05-12,21.809999465942383
2022-05-13,24.219999313354492
2022-05-16,22.639999389648438
2022-05-17,23.729999542236328
2022-05-18,21.829999923706055
2022-05-19,22.399999618530273
2022-05-20,23.100000381469727
2022-05-23,22.600000381469727
2022-05-24,21.139999389648438
2022-05-25,21.850000381469727
2022-05-26,22.43000030517578
2022-05-27,23.579999923706055
2022-05-31,23.100000381469727
2022-06-01,22.6299991607666
2022-06-02,23.360000610351562
2022-06-03,23.649999618530273
2022-06-06,22.0
2022-06-07,24.290000915527344
2022-06-08,24.260000228881836
2022-06-09,23.479999542236328
2022-06-10,19.809999465942383
2022-06-13,17.780000686645508
2022-06-14,18.6299991607666
2022-06-15,19.3799991607666
2022-06-16,19.360000610351562
2022-06-17,21.040000915527344
2022-06-21,22.229999542236328
2022-06-22,23.610000610351562
2022-06-23,25.610000610351562
2022-06-24,26.799999237060547
2022-06-27,26.25
2022-06-28,24.75
2022-06-29,24.8799991607666
2022-06-30,24.780000686645508
2022-07-01,25.139999389648438
2022-07-05,29.100000381469727
2022-07-06,28.6299991607666
2022-07-07,30.93000030517578
2022-07-08,30.010000228881836
2022-07-11,28.510000228881836
2022-07-12,29.780000686645508
2022-07-13,31.290000915527344
2022-07-14,31.510000228881836
2022-07-15,31.700000762939453
2022-07-18,30.68000030517578
2022-07-19,32.5
2022-07-20,32.63999938964844
2022-07-21,33.34000015258789
2022-07-22,31.040000915527344
2022-07-25,30.739999771118164
2022-07-26,31.3799991607666
2022-07-27,33.16999816894531
2022-07-28,32.150001525878906
2022-07-29,30.530000686645508
2022-08-01,30.040000915527344
2022-08-02,30.6299991607666
2022-08-03,32.810001373291016
2022-08-04,32.54999923706055
2022-08-05,33.41999816894531
2022-08-08,34.13999938964844
2022-08-09,32.84000015258789
2022-08-10,32.41999816894531
2022-08-11,32.650001525878906
2022-08-12,33.81999969482422
2022-08-15,36.060001373291016
2022-08-16,32.900001525878906
2022-08-17,30.209999084472656
2022-08-18,30.290000915527344
2022-08-19,29.030000686645508
2022-08-22,28.889999389648438
2022-08-23,29.84000015258789
2022-08-24,30.6200008392334
2022-08-25,30.8700008392334
2022-08-26,27.530000686645508
2022-08-29,26.940000534057617
2022-08-30,25.979999542236328
2022-08-31,26.139999389648438
2022-09-01,27.030000686645508
2022-09-02,26.719999313354492
2022-09-06,25.299999237060547
2022-09-07,27.309999465942383
2022-09-08,28.260000228881836
2022-09-09,28.100000381469727
2022-09-12,29.1200008392334
2022-09-13,25.59000015258789
2022-09-14,26.079999923706055
2022-09-15,27.049999237060547
2022-09-16,25.0
2022-09-19,25.309999465942383
2022-09-20,24.25
2022-09-21,23.469999313354492
2022-09-22,22.469999313354492
2022-09-23,21.969999313354492
2022-09-26,21.040000915527344
2022-09-27,21.8799991607666
2022-09-28,23.100000381469727
2022-09-29,22.34000015258789
2022-09-30,22.40999984741211
2022-10-03,22.670000076293945
2022-10-04,23.829999923706055
2022-10-05,23.559999465942383
2022-10-06,23.219999313354492
2022-10-07,21.469999313354492
2022-10-10,21.31999969482422
2022-10-11,20.93000030517578
2022-10-12,21.329999923706055
2022-10-13,21.450000762939453
2022-10-14,20.360000610351562
2022-10-17,21.079999923706055
2022-10-18,21.639999389648438
2022-10-19,19.68000030517578
2022-10-20,19.040000915527344
2022-10-21,19.290000915527344
2022-10-24,18.90999984741211
2022-10-25,19.65999984741211
2022-10-26,20.850000381469727
2022-10-27,20.649999618530273
2022-10-28,21.799999237060547
2022-10-31,20.920000076293945
2022-11-01,20.989999771118164
2022-11-02,20.040000915527344
2022-11-03,19.450000762939453
2022-11-04,19.84000015258789
2022-11-07,19.68000030517578
2022-11-08,19.610000610351562
2022-11-09,18.780000686645508
2022-11-10,20.969999313354492
2022-11-11,22.959999084472656
2022-11-14,22.15999984741211
2022-11-15,22.280000686645508
2022-11-16,20.610000610351562
2022-11-17,20.110000610351562
2022-11-18,19.8700008392334
2022-11-21,19.639999389648438
2022-11-22,19.549999237060547
2022-11-23,19.649999618530273
2022-11-25,19.829999923706055
2022-11-28,19.260000228881836
2022-11-29,19.84000015258789
2022-11-30,20.81999969482422
2022-12-01,20.34000015258789
2022-12-02,20.90999984741211
2022-12-05,20.399999618530273
2022-12-06,19.139999389648438
2022-12-07,19.100000381469727
2022-12-08,19.1200008392334
2022-12-09,18.899999618530273
2022-12-12,16.200000762939453
2022-12-13,16.3700008392334
2022-12-14,15.369999885559082
2022-12-15,14.210000038146973
2022-12-16,13.079999923706055
2022-12-19,12.75
2022-12-20,12.630000114440918
2022-12-21,12.25
2022-12-22,11.65999984741211
2022-12-23,11.010000228881836
2022-12-27,10.199999809265137
2022-12-28,9.859999656677246
2022-12-29,10.0
2022-12-30,10.09000015258789
2023-01-03,10.170000076293945
2023-01-04,11.119999885559082
2023-01-05,11.0
2023-01-06,4.239999771118164
2023-01-09,5.269999980926514
2023-01-10,5.489999771118164
2023-01-11,5.71999979019165
2023-01-12,5.860000133514404
2023-01-13,5.400000095367432
2023-01-17,5.71999979019165
2023-01-18,5.809999942779541
2023-01-19,5.650000095367432
2023-01-20,5.46999979019165
2023-01-23,5.550000190734863
2023-01-24,5.429999828338623
2023-01-25,5.400000095367432
2023-01-26,5.300000190734863
2023-01-27,5.920000076293945
2023-01-30,5.730000019073486
2023-01-31,5.960000038146973
2023-02-01,6.369999885559082
2023-02-02,6.829999923706055
2023-02-03,6.869999885559082
2023-02-06,6.769999980926514
2023-02-07,6.840000152587891
2023-02-08,6.460000038146973
2023-02-09,6.199999809265137
2023-02-10,6.21999979019165
2023-02-13,6.389999866485596
2023-02-14,6.320000171661377
2023-02-15,6.340000152587891
2023-02-16,6.139999866485596
2023-02-17,6.550000190734863
2023-02-21,6.03000020980835
2023-02-22,6.309999942779541
2023-02-23,6.099999904632568
2023-02-24,5.789999961853027
2023-02-27,6.010000228881836
2023-02-28,6.119999885559082
2023-03-01,6.090000152587891
2023-03-02,6.090000152587891
2023-03-03,6.110000133514404
2023-03-06,5.820000171661377
2023-03-07,5.679999828338623
2023-03-08,5.619999885559082
2023-03-09,5.349999904632568
2023-03-10,4.880000114440918
2023-03-13,5.389999866485596
2023-03-14,5.480000019073486
2023-03-15,5.559999942779541
2023-03-16,5.570000171661377
2023-03-17,5.539999961853027
2023-03-20,5.559999942779541
2023-03-21,5.420000076293945
2023-03-22,5.150000095367432
2023-03-23,5.230000019073486
2023-03-24,5.389999866485596
2023-03-27,5.480000019073486
2023-03-28,5.269999980926514
2023-03-29,5.550000190734863
2023-03-30,5.300000190734863
2023-03-31,5.699999809265137
2023-04-03,5.809999942779541
2023-04-04,5.53000020980835
2023-04-05,5.5
2023-04-06,5.849999904632568
2023-04-10,5.480000019073486
2023-04-11,5.639999866485596
2023-04-12,5.610000133514404
2023-04-13,6.199999809265137
2023-04-14,6.010000228881836
2023-04-17,6.590000152587891
2023-04-18,6.230000019073486
2023-04-19,6.360000133514404
2023-04-20,6.0
2023-04-21,6.21999979019165
2023-04-24,6.340000152587891
2023-04-25,6.03000020980835
2023-04-26,5.820000171661377
2023-04-27,5.840000152587891
2023-04-28,6.070000171661377
2023-05-01,6.360000133514404
2023-05-02,5.920000076293945
2023-05-03,6.320000171661377
2023-05-04,6.170000076293945
2023-05-05,5.679999828338623
2023-05-08,5.449999809265137
2023-05-09,5.389999866485596
2023-05-10,5.340000152587891
2023-05-11,5.260000228881836
2023-05-12,4.96999979019165
2023-05-15,5.329999923706055
2023-05-16,4.909999847412109
2023-05-17,5.03000020980835
2023-05-18,4.889999866485596
2023-05-19,4.980000019073486
2023-05-22,5.230000019073486
2023-05-23,5.46999979019165
2023-05-24,5.340000152587891
2023-05-25,5.039999961853027
2023-05-26,5.130000114440918
2023-05-30,4.960000038146973
2023-05-31,5.050000190734863
2023-06-01,5.070000171661377
2023-06-02,5.25
2023-06-05,5.159999847412109
2023-06-06,5.519999980926514
2023-06-07,5.46999979019165
2023-06-08,5.300000190734863
2023-06-09,4.869999885559082
2023-06-12,5.409999847412109
2023-06-13,5.550000190734863
2023-06-14,5.429999828338623
2023-06-15,5.809999942779541
2023-06-16,5.579999923706055
2023-06-20,5.869999885559082
2023-06-21,5.789999961853027
2023-06-22,5.260000228881836
2023-06-23,5.010000228881836
2023-06-26,4.980000019073486
2023-06-27,5.059999942779541
2023-06-28,4.900000095367432
2023-06-29,4.78000020980835
2023-06-30,4.760000228881836
2023-07-03,4.820000171661377
2023-07-05,4.860000133514404
2023-07-06,4.670000076293945
2023-07-07,4.769999980926514
2023-07-10,5.039999961853027
2023-07-11,4.860000133514404
2023-07-12,4.940000057220459
2023-07-13,4.920000076293945
2023-07-14,4.730000019073486
2023-07-17,4.659999847412109
2023-07-18,4.590000152587891
2023-07-19,4.599999904632568
2023-07-20,4.449999809265137
2023-07-21,4.460000038146973
2023-07-24,4.309999942779541
2023-07-25,4.28000020980835
2023-07-26,4.269999980926514
2023-07-27,4.099999904632568
2023-07-28,4.210000038146973
2023-07-31,4.130000114440918
2023-08-01,3.9700000286102295
2023-08-02,3.759999990463257
2023-08-03,3.690000057220459
2023-08-04,3.7300000190734863
2023-08-07,3.549999952316284
2023-08-08,3.5299999713897705
2023-08-09,3.4000000953674316
2023-08-10,3.259999990463257
2023-08-11,3.0899999141693115
2023-08-14,3.0199999809265137
2023-08-15,2.930000066757202
2023-08-16,2.7899999618530273
2023-08-17,2.7799999713897705
2023-08-18,2.7799999713897705
2023-08-21,2.7300000190734863
2023-08-22,2.6600000858306885
2023-08-23,2.7100000381469727
2023-08-24,2.559999942779541
2023-08-25,2.630000114440918
2023-08-28,2.6600000858306885
2023-08-29,2.7100000381469727
2023-08-30,2.640000104904175
2023-08-31,2.509999990463257
2023-09-01,2.809999942779541
2023-09-05,2.7100000381469727
2023-09-06,2.5999999046325684
2023-09-07,2.4700000286102295
2023-09-08,2.4800000190734863
2023-09-11,2.440000057220459
2023-09-12,2.5399999618530273
2023-09-13,2.390000104904175
2023-09-14,2.359999895095825
2023-09-15,2.200000047683716
2023-09-18,2.549999952316284
2023-09-19,2.3499999046325684
2023-09-20,2.25
2023-09-21,2.190000057220459
2023-09-22,2.109999895095825
2023-09-25,2.0799999237060547
2023-09-26,2.0199999809265137
2023-09-27,2.0999999046325684
2023-09-28,2.180000066757202
2023-09-29,2.119999885559082
2023-10-02,1.9199999570846558
2023-10-03,1.840000033378601
2023-10-04,1.7599999904632568
2023-10-05,1.7599999904632568
2023-10-06,1.7799999713897705
2023-10-09,1.7599999904632568
2023-10-10,1.8700000047683716
2023-10-11,1.8200000524520874
2023-10-12,1.75
2023-10-13,1.7000000476837158
2023-10-16,1.7699999809265137
2023-10-17,2.0199999809265137
2023-10-18,2.009999990463257
2023-10-19,2.049999952316284
2023-10-20,2.0
2023-10-23,1.7999999523162842
2023-10-24,1.940000057220459
2023-10-25,1.7999999523162842
2023-10-26,1.75
2023-10-27,1.649999976158142
2023-10-30,1.7300000190734863
2023-10-31,1.809999942779541
2023-11-01,1.9299999475479126
2023-11-02,2.2100000381469727
2023-11-03,2.390000104904175
2023-11-06,2.509999990463257
2023-11-07,2.309999942779541
2023-11-08,2.3299999237060547
2023-11-09,2.130000114440918
2023-11-10,2.059999942779541
2023-11-13,1.9900000095367432
2023-11-14,2.309999942779541
2023-11-15,2.4800000190734863
2023-11-16,2.380000114440918
2023-11-17,2.430000066757202
2023-11-20,2.5999999046325684
2023-11-21,2.450000047683716
2023-11-22,2.390000104904175
2023-11-24,2.359999895095825
2023-11-27,2.2799999713897705
2023-11-28,2.5299999713897705
2023-11-29,2.619999885559082
2023-11-30,2.490000009536743
2023-12-01,2.6500000953674316
2023-12-04,2.5399999618530273
2023-12-05,2.369999885559082
2023-12-06,2.4000000953674316
2023-12-07,2.3499999046325684
2023-12-08,2.240000009536743
2023-12-11,2.2799999713897705
2023-12-12,2.4000000953674316
2023-12-13,2.680000066757202
2023-12-14,2.9800000190734863
2023-12-15,3.0199999809265137
2023-12-18,3.1500000953674316
2023-12-19,3.2899999618530273
2023-12-20,3.059999942779541
2023-12-21,3.3499999046325684
2023-12-22,3.4200000762939453
2023-12-26,3.7200000286102295
2023-12-27,3.6600000858306885
2023-12-28,3.940000057220459
2023-12-29,3.740000009536743
2024-01-02,3.690000057220459
2024-01-03,3.5399999618530273
2024-01-04,3.8399999141693115
2024-01-05,3.7699999809265137
2024-01-08,4.119999885559082
2024-01-09,4.409999847412109
2024-01-10,4.570000171661377
2024-01-11,4.449999809265137
2024-01-12,4.550000190734863
2024-01-16,4.510000228881836
2024-01-17,4.400000095367432
2024-01-18,4.329999923706055
2024-01-19,4.53000020980835
2024-01-22,4.71999979019165
2024-01-23,4.829999923706055
2024-01-24,4.610000133514404
2024-01-25,4.559999942779541
2024-01-26,4.559999942779541
2024-01-29,5.71999979019165
2024-01-30,5.579999923706055
2024-01-31,6.159999847412109
2024-02-01,6.760000228881836
2024-02-02,6.519999980926514
2024-02-05,6.360000133514404
2024-02-06,5.739999771118164
2024-02-07,5.559999942779541
2024-02-08,6.110000133514404
2024-02-09,6.289999961853027
2024-02-12,6.860000133514404
2024-02-13,6.389999866485596
2024-02-14,6.489999771118164
2024-02-15,7.079999923706055
2024-02-16,7.559999942779541
2024-02-20,7.059999942779541
2024-02-21,6.829999923706055
2024-02-22,6.880000114440918
2024-02-23,6.960000038146973
2024-02-26,6.949999809265137
2024-02-27,7.460000038146973
2024-02-28,7.139999866485596
2024-02-29,7.090000152587891
2024-03-01,7.739999771118164
2024-03-04,7.079999923706055
2024-03-05,6.929999828338623
2024-03-06,7.980000019073486
2024-03-07,8.350000381469727
2024-03-08,8.119999885559082
2024-03-11,7.889999866485596
2024-03-12,7.659999847412109
2024-03-13,7.639999866485596
2024-03-14,7.230000019073486
2024-03-15,7.489999771118164
2024-03-18,7.039999961853027
2024-03-19,7.0
2024-03-20,7.429999828338623
2024-03-21,7.429999828338623
2024-03-22,6.610000133514404
2024-03-25,6.869999885559082
2024-03-26,6.860000133514404
2024-03-27,7.340000152587891
2024-03-28,7.340000152587891
2024-04-01,7.079999923706055
2024-04-02,6.800000190734863
2024-04-03,7.010000228881836
2024-04-04,6.96999979019165
2024-04-05,6.920000076293945
2024-04-08,6.710000038146973
2024-04-09,6.760000228881836
2024-04-10,6.269999980926514
2024-04-11,5.949999809265137
2024-04-12,5.769999980926514
2024-04-15,5.639999866485596
2024-04-16,5.380000114440918
2024-04-17,5.269999980926514
2024-04-18,5.039999961853027
2024-04-19,4.789999961853027
2024-04-22,4.78000020980835
2024-04-23,4.539999961853027
2024-04-24,4.300000190734863
2024-04-25,3.869999885559082
2024-04-26,3.799999952316284
2024-04-29,4.039999961853027
2024-04-30,3.950000047683716
2024-05-01,4.090000152587891
2024-05-02,4.099999904632568
2024-05-03,4.059999942779541
2024-05-06,4.21999979019165
2024-05-07,3.880000114440918
2024-05-08,3.700000047683716
2024-05-09,3.9000000953674316
2024-05-10,4.079999923706055
2024-05-13,4.150000095367432
2024-05-14,4.21999979019165
2024-05-15,4.239999771118164
2024-05-16,4.139999866485596
2024-05-17,3.9000000953674316
2024-05-20,3.9100000858306885
2024-05-21,3.700000047683716
2024-05-22,3.6500000953674316
2024-05-23,3.430000066757202
2024-05-24,3.5199999809265137
2024-05-28,3.5399999618530273
2024-05-29,3.430000066757202
2024-05-30,3.450000047683716
2024-05-31,3.680000066757202
2024-06-03,3.6700000762939453
2024-06-04,3.6600000858306885
2024-06-05,3.759999990463257
2024-06-06,3.799999952316284
2024-06-07,3.680000066757202
2024-06-10,3.859999895095825
2024-06-11,3.890000104904175
2024-06-12,3.7699999809265137
2024-06-13,3.759999990463257
2024-06-14,3.609999895095825
2024-06-17,3.569999933242798
2024-06-18,3.4100000858306885
2024-06-20,3.5899999141693115
2024-06-21,3.759999990463257
2024-06-24,3.8399999141693115
2024-06-25,3.7200000286102295
2024-06-26,3.259999990463257
2024-06-27,3.2699999809265137
2024-06-28,3.2799999713897705
2024-07-01,3.259999990463257
2024-07-02,3.2200000286102295
2024-07-03,3.1600000858306885
2024-07-05,3.1700000762939453
2024-07-08,3.119999885559082
2024-07-09,3.130000114440918
2024-07-10,3.119999885559082
2024-07-11,3.4000000953674316
2024-07-12,3.609999895095825
2024-07-15,3.890000104904175
2024-07-16,4.550000190734863
2024-07-17,4.460000038146973
2024-07-18,4.309999942779541
2024-07-19,4.269999980926514
2024-07-22,4.559999942779541
2024-07-23,5.570000171661377
2024-07-24,5.179999828338623
2024-07-25,5.400000095367432
2024-07-26,5.440000057220459
2024-07-29,5.409999847412109
2024-07-30,5.130000114440918
2024-07-31,5.329999923706055
2024-08-01,4.880000114440918
2024-08-02,4.630000114440918
2024-08-05,4.190000057220459
2024-08-06,4.289999961853027
2024-08-07,3.9800000190734863
2024-08-08,3.619999885559082
2024-08-09,3.369999885559082
2024-08-12,3.3299999237060547
2024-08-13,3.3399999141693115
2024-08-14,3.2699999809265137
2024-08-15,3.390000104904175
2024-08-16,3.4000000953674316
2024-08-19,3.630000114440918
2024-08-20,3.6700000762939453
2024-08-21,3.9100000858306885
2024-08-22,3.7699999809265137
2024-08-23,3.8399999141693115
2024-08-26,3.880000114440918
2024-08-27,3.5899999141693115
2024-08-28,3.509999990463257
2024-08-29,3.5399999618530273
2024-08-30,3.6700000762939453
2024-09-03,3.450000047683716
2024-09-04,3.5199999809265137
2024-09-05,3.549999952316284
2024-09-06,3.390000104904175
2024-09-09,3.450000047683716
2024-09-10,3.819999933242798
2024-09-11,3.880000114440918
2024-09-12,3.740000009536743
2024-09-13,4.019999980926514
2024-09-16,3.9600000381469727
2024-09-17,4.0
2024-09-18,3.880000114440918
2024-09-19,4.0
2024-09-20,3.869999885559082
2024-09-23,3.640000104904175
2024-09-24,3.450000047683716
2024-09-25,3.450000047683716
2024-09-26,3.5
2024-09-27,3.569999933242798
2024-09-30,3.5
2024-10-01,3.3499999046325684
2024-10-02,3.2100000381469727
2024-10-03,3.119999885559082
2024-10-04,3.2200000286102295
2024-10-07,3.049999952316284
2024-10-08,3.069999933242798
2024-10-09,3.009999990463257
2024-10-10,2.940000057220459
2024-10-11,3.0899999141693115
2024-10-14,3.049999952316284
2024-10-15,3.049999952316284
2024-10-16,3.2100000381469727
2024-10-17,3.2200000286102295
2024-10-18,3.2300000190734863
2024-10-21,3.1500000953674316
2024-10-22,3.190000057220459
2024-10-23,3.0299999713897705
2024-10-24,2.809999942779541
2024-10-25,2.6500000953674316
2024-10-28,2.869999885559082
2024-10-29,2.7200000286102295
2024-10-30,2.490000009536743
2024-10-31,2.369999885559082
2024-11-01,2.430000066757202
2024-11-04,2.759999990463257
2024-11-05,2.680000066757202
2024-11-06,2.7899999618530273
2024-11-07,2.549999952316284
2024-11-08,2.4200000762939453
2024-11-11,2.559999942779541
2024-11-12,2.380000114440918
2024-11-13,2.1700000762939453
2024-11-14,2.0799999237060547
2024-11-15,2.0199999809265137
2024-11-18,2.2699999809265137
2024-11-19,2.180000066757202
2024-11-20,2.2200000286102295
2024-11-21,2.069999933242798
2024-11-22,2.2899999618530273
2024-11-25,2.4200000762939453
2024-11-26,2.680000066757202
2024-11-27,3.1700000762939453
2024-11-29,3.1700000762939453
2024-12-02,2.9600000381469727
2024-12-03,2.630000114440918
2024-12-04,2.559999942779541
2024-12-05,2.380000114440918
2024-12-06,2.6500000953674316
2024-12-09,2.7200000286102295
2024-12-10,2.2799999713897705
2024-12-11,2.180000066757202
2024-12-12,1.9299999475479126
2024-12-13,1.8300000429153442
2024-12-16,2.0
2024-12-17,1.8799999952316284
2024-12-18,1.690000057220459
2024-12-19,1.659999966621399
2024-12-20,1.6799999475479126
2024-12-23,1.659999966621399
2024-12-24,1.659999966621399
2024-12-26,1.6200000047683716
2024-12-27,1.6100000143051147
2024-12-30,1.6200000047683716
2024-12-31,1.649999976158142
2025-01-02,1.7899999618530273
2025-01-03,1.7999999523162842
2025-01-06,1.8700000047683716
2025-01-07,1.75
2025-01-08,1.6699999570846558
2025-01-10,1.4700000286102295
2025-01-13,1.2899999618530273
2025-01-14,1.25
2025-01-15,1.3200000524520874
2025-01-16,1.25
2025-01-17,1.2699999809265137
2025-01-21,1.3200000524520874
2025-01-22,1.340000033378601
2025-01-23,1.340000033378601
2025-01-24,1.3300000429153442
2025-01-27,1.3700000047683716
2025-01-28,1.2999999523162842
2025-01-29,1.309999942779541
2025-01-30,1.3700000047683716
2025-01-31,1.2999999523162842
2025-02-03,1.2699999809265137
2025-02-04,1.309999942779541
2025-02-05,1.4199999570846558
2025-02-06,1.399999976158142
2025-02-07,1.2699999809265137
2025-02-10,1.25
2025-02-11,1.2100000381469727
2025-02-12,1.25
2025-02-13,1.2699999809265137
2025-02-14,1.4199999570846558
2025-02-18,1.5299999713897705
2025-02-19,1.7100000381469727
2025-02-20,1.5499999523162842
2025-02-21,1.4199999570846558
2025-02-24,1.3600000143051147
2025-02-25,1.2300000190734863
2025-02-26,1.159999966621399
2025-02-27,1.090000033378601
2025-02-28,1.1200000047683716
2025-03-03,1.0299999713897705
2025-03-04,0.949999988079071
2025-03-05,0.9100000262260437
2025-03-06,1.0399999618530273
2025-03-07,1.0099999904632568
2025-03-10,0.9300000071525574
2025-03-11,0.9599999785423279
2025-03-12,1.0099999904632568
2025-03-13,0.9399999976158142
2025-03-14,0.9399999976158142
2025-03-17,0.9700000286102295
2025-03-18,0.9200000166893005
2025-03-19,0.9100000262260437
2025-03-20,0.9399999976158142
2025-03-21,0.9100000262260437
2025-03-24,0.9399999976158142
2025-03-25,0.8999999761581421
2025-03-26,0.8500000238418579
2025-03-27,0.8799999952316284
2025-03-28,0.8500000238418579
2025-03-31,0.7900000214576721
2025-04-01,0.7599999904632568
2025-04-02,0.7699999809265137
2025-04-03,0.6800000071525574
2025-04-04,0.75
2025-04-07,0.9100000262260437
2025-04-08,0.9100000262260437
2025-04-09,0.9200000166893005
2025-04-10,0.9399999976158142
2025-04-11,1.059999942779541
2025-04-14,0.9200000166893005
2025-04-15,1.1200000047683716
2025-04-16,1.0499999523162842
2025-04-17,1.1100000143051147
2025-04-21,1.25
2025-04-22,1.3700000047683716
2025-04-23,1.3300000429153442
2025-04-24,1.350000023841858
2025-04-25,1.2799999713897705
2025-04-28,1.25
2025-04-29,1.1699999570846558
2025-04-30,1.2799999713897705
2025-05-01,1.2400000095367432
2025-05-02,1.309999942779541
2025-05-05,1.1699999570846558
2025-05-06,0.9599999785423279
2025-05-07,1.0
2025-05-08,1.0299999713897705
2025-05-09,1.0399999618530273
2025-05-12,1.0700000524520874
2025-05-13,1.0
2025-05-14,0.9599999785423279
2025-05-15,1.0099999904632568
2025-05-16,1.0700000524520874
2025-05-19,1.2200000286102295
2025-05-20,1.25
2025-05-21,1.1699999570846558
2025-05-22,1.2000000476837158
2025-05-23,1.159999966621399
2025-05-27,1.2200000286102295
2025-05-28,1.2699999809265137
2025-05-29,1.3200000524520874
2025-05-30,1.2100000381469727
2025-06-02,1.2999999523162842
2025-06-03,1.3600000143051147
2025-06-04,1.4199999570846558
2025-06-05,1.340000033378601
2025-06-06,1.600000023841858
2025-06-09,1.5199999809265137
2025-06-10,1.6699999570846558
2025-06-11,1.5499999523162842
2025-06-12,1.399999976158142
2025-06-13,1.2699999809265137
2025-06-16,1.2400000095367432
2025-06-17,1.2000000476837158
2025-06-18,1.2100000381469727
2025-06-20,1.190000057220459
2025-06-23,1.1399999856948853
2025-06-24,1.1699999570846558
2025-06-25,1.159999966621399
2025-06-26,1.100000023841858
2025-06-27,1.0399999618530273
2025-06-30,1.1200000047683716
2025-07-01,1.1399999856948853
2025-07-02,1.1200000047683716
2025-07-03,1.1200000047683716
2025-07-07,1.059999942779541
2025-07-08,1.090000033378601
2025-07-09,1.149999976158142
2025-07-10,1.159999966621399
2025-07-11,1.149999976158142
2025-07-14,1.1399999856948853
2025-07-15,1.1299999952316284
2025-07-16,1.1299999952316284
2025-07-17,1.149999976158142
2025-07-18,1.1299999952316284
2025-07-21,1.149999976158142
2025-07-22,1.2400000095367432
2025-07-23,1.2799999713897705
2025-07-24,1.25
2025-07-25,1.2400000095367432
2025-07-28,1.2999999523162842
2025-07-29,1.1699999570846558
2025-07-30,1.1399999856948853
2025-07-31,1.100000023841858
2025-08-01,1.0700000524520874
2025-08-04,1.059999942779541
2025-08-05,1.0800000429153442
2025-08-06,1.0399999618530273
2025-08-07,0.9800000190734863
2025-08-08,0.9200000166893005
2025-08-11,0.9399999976158142
2025-08-12,0.9399999976158142
2025-08-13,1.1299999952316284
2025-08-14,1.0700000524520874
2025-08-15,1.090000033378601
2025-08-18,1.2000000476837158
2025-08-19,1.1399999856948853
2025-08-20,1.1299999952316284
2025-08-21,1.1100000143051147
2025-08-22,1.149999976158142
2025-08-25,1.090000033378601
2025-08-26,1.1100000143051147
2025-08-27,1.1200000047683716
2025-08-28,1.0800000429153442
2025-08-29,1.0399999618530273
2025-09-02,1.0299999713897705
2025-09-03,1.0
2025-09-04,0.9700000286102295
2025-09-05,1.0099999904632568
2025-09-08,0.9700000286102295
2025-09-09,0.9800000190734863
2025-09-10,1.0
2025-09-11,1.0199999809265137
2025-09-12,0.9599999785423279
2025-09-15,0.9599999785423279
2025-09-16,0.949999988079071
2025-09-17,0.949999988079071
2025-09-18,1.0
2025-09-19,0.9599999785423279
2025-09-22,1.0099999904632568
2025-09-23,0.9700000286102295
2025-09-24,1.0099999904632568
2025-09-25,0.9700000286102295
2025-09-26,1.0
2025-09-29,1.0
2025-09-30,1.2599999904632568
2025-10-01,1.25
2025-10-02,1.2100000381469727
2025-10-03,1.2100000381469727
2025-10-06,1.409999966621399
2025-10-07,1.3899999856948853
2025-10-08,1.5099999904632568
2025-10-09,1.6100000143051147
2025-10-10,1.6399999856948853
2025-10-13,1.3899999856948853
2025-10-14,1.5
2025-10-15,1.5299999713897705
2025-10-16,1.5399999618530273
2025-10-17,1.4700000286102295
2025-10-20,1.5399999618530273
2025-10-21,1.5299999713897705
2025-10-22,1.4900000095367432
2025-10-23,1.5199999809265137
2025-10-24,1.649999976158142
2025-10-27,1.5499999523162842
2025-10-28,1.4900000095367432
2025-10-29,1.340000033378601
2025-10-30,1.2899999618530273
2025-10-31,1.350000023841858
2025-11-03,1.2599999904632568
2025-11-04,1.190000057220459
2025-11-05,1.090000033378601
2025-11-06,1.0399999618530273
2025-11-07,1.0700000524520874
2025-11-10,1.090000033378601
2025-11-11,1.1200000047683716
2025-11-12,1.0399999618530273
2025-11-13,0.9900000095367432
2025-11-14,0.9599999785423279
2025-11-17,0.9700000286102295
2025-11-18,1.0199999809265137
2025-11-19,1.0499999523162842
2025-11-20,1.0
2025-11-21,1.0299999713897705
2025-11-24,1.0800000429153442
2025-11-25,1.059999942779541
2025-11-26,1.100000023841858
2025-11-28,1.1399999856948853
2025-12-01,1.0299999713897705
2025-12-02,1.0099999904632568
2025-12-03,1.0800000429153442
2025-12-04,1.100000023841858
2025-12-05,1.0800000429153442
2025-12-08,1.0700000524520874
2025-12-09,1.0499999523162842
2025-12-10,1.090000033378601
2025-12-11,1.1100000143051147
2025-12-12,1.149999976158142
2025-12-15,1.1200000047683716
2025-12-16,1.090000033378601
2025-12-17,1.0499999523162842
2025-12-18,1.0499999523162842
2025-12-19,1.0499999523162842
2025-12-22,1.0499999523162842
2025-12-23,0.9800000190734863
2025-12-24,1.0099999904632568
2025-12-26,1.0
2025-12-29,1.0
2025-12-30,0.9800000190734863
2025-12-31,0.9800000190734863
2026-01-02,0.9900000095367432
2026-01-05,1.0099999904632568
2026-01-06,1.0099999904632568
2026-01-07,1.1100000143051147
2026-01-08,1.059999942779541
2026-01-09,1.0499999523162842
2026-01-12,1.0700000524520874
2026-01-13,1.0199999809265137
2026-01-14,1.0800000429153442
2026-01-15,1.0499999523162842
2026-01-16,1.190000057220459
2026-01-20,1.100000023841858
2026-01-21,1.1799999475479126
2026-01-22,1.25
2026-01-23,1.2100000381469727
2026-01-26,1.2300000190734863
2026-01-27,1.309999942779541
2026-01-28,1.2100000381469727
2026-01-29,1.190000057220459
2026-01-30,1.190000057220459
2026-02-02,1.2300000190734863
2026-02-03,1.159999966621399
2026-02-04,1.149999976158142
2026-02-05,1.0499999523162842
2026-02-06,1.1399999856948853
2026-02-09,1.1200000047683716
2026-02-10,1.090000033378601
2026-02-11,1.1699999570846558
2026-02-12,1.2000000476837158
2026-02-13,1.25
2026-02-17,1.340000033378601
2026-02-18,1.3700000047683716
2026-02-19,1.399999976158142
2026-02-20,1.4600000381469727
2026-02-23,1.5099999904632568
2026-02-24,1.6200000047683716
2026-02-25,1.4800000190734863
2026-02-26,1.559999942779541
2026-02-27,1.4800000190734863
2026-03-02,1.5
2026-03-03,1.3700000047683716
2026-03-04,1.4500000476837158
2026-03-05,1.3799999952316284
2026-03-06,1.3300000429153442
2026-03-09,1.3300000429153442
2026-03-10,1.2899999618530273
2026-03-11,1.2300000190734863
2026-03-12,1.1699999570846558
2026-03-13,1.1699999570846558
2026-03-16,1.159999966621399
2026-03-17,1.1299999952316284
2026-03-18,1.059999942779541
2026-03-19,1.0800000429153442
2026-03-20,1.100000023841858
2026-03-23,1.149999976158142
2026-03-24,1.1299999952316284
2026-03-25,1.2200000286102295
2026-03-26,1.2300000190734863
2026-03-27,1.1699999570846558
2026-03-30,1.1299999952316284
2026-03-31,1.2000000476837158
2026-04-01,1.2400000095367432
2026-04-02,1.2200000286102295
2026-04-06,1.190000057220459
2026-04-07,1.149999976158142
2026-04-08,1.1799999475479126
2026-04-09,1.2699999809265137
2026-04-10,1.2400000095367432
2026-04-13,1.309999942779541
2026-04-14,1.340000033378601
2026-04-15,1.2899999618530273
2026-04-16,1.3700000047683716
2026-04-17,1.3899999856948853
2026-04-20,1.3899999856948853
2026-04-21,1.350000023841858
2026-04-22,1.3700000047683716
2026-04-23,1.3200000524520874
2026-04-24,1.3300000429153442
2026-04-27,1.309999942779541
2026-04-28,1.2999999523162842
2026-04-29,1.2400000095367432
2026-04-30,1.25
2026-05-01,1.5299999713897705
2026-05-04,1.7999999523162842
2026-05-05,2.359999895095825
2026-05-06,2.2899999618530273
2026-05-07,2.430000066757202
2026-05-08,2.390000104904175
2026-05-11,2.180000066757202
2026-05-12,2.25
2026-05-13,2.140000104904175
2026-05-14,1.899999976158142
2026-05-15,1.7599999904632568
2026-05-18,1.7300000190734863
2026-05-19,1.8899999856948853
2026-05-20,1.840000033378601
2026-05-21,2.0999999046325684
2026-05-22,2.25
2026-05-26,2.1500000953674316
2026-05-27,2.369999885559082
2026-05-28,2.630000114440918
2026-05-29,2.8399999141693115
2026-06-01,2.740000009536743
2026-06-02,2.569999933242798
2026-06-03,2.2200000286102295
2026-06-04,2.2100000381469727
2026-06-05,1.9800000190734863
2026-06-08,1.909999966621399
2026-06-09,1.899999976158142
2026-06-10,1.8700000047683716
2026-06-11,1.9700000286102295
2026-06-12,2.059999942779541
2026-06-15,2.009999990463257
2026-06-16,1.899999976158142
2026-06-17,1.9600000381469727
2026-06-18,2.0899999141693115
2026-06-22,2.1500000953674316
2026-06-23,2.1600000858306885
2026-06-24,2.059999942779541
2026-06-25,1.8700000047683716
2026-06-26,2.0999999046325684
2026-06-29,2.4200000762939453
2026-06-30,2.700000047683716
2026-07-01,3.0199999809265137
2026-07-02,2.9200000762939453
2026-07-06,2.990000009536743
2026-07-07,3.0199999809265137
2026-07-08,2.930000066757202
2026-07-09,3.109999895095825
2026-07-10,3.0999999046325684
2026-07-13,3.0199999809265137
2026-07-14,3.009999990463257
